0.0,0.0,0.0,-0.058168113231658936,-0.03490555286407471,-0.01471920353327505,-0.09808957576751709,-0.10759878158569336,-0.02100657341037504,-0.10917311906814575,-0.1750738024711609,-0.02859692317400686,-0.1150674819946289,-0.22858282923698425,-0.032805024133665484,-0.07141530513763428,-0.16318735480308533,-0.0021897498049270325,-0.07667016983032227,-0.2131224274635315,-0.030344726936561983,-0.06934881210327148,-0.16263210773468018,-0.047160199330789965,-0.06311964988708496,-0.11453628540039062,-0.05286964257214777,-0.03389906883239746,-0.15856099128723145,-0.005970853799624365,-0.04023081064224243,-0.20295166969299316,-0.03661602963660471,-0.035405874252319336,-0.14034298062324524,-0.04496227432940714,-0.030287086963653564,-0.08650565147399902,-0.04161516060088388,0.0011764764785766602,-0.1469138264656067,-0.014177356334073465,-0.0036839842796325684,-0.1743602752685547,-0.0435103498861622,-0.003940939903259277,-0.11196458339691162,-0.03795317043517343,-0.0038003921508789062,-0.06327730417251587,-0.024445945815784853,0.03477269411087036,-0.1295202672481537,-0.023570491419775408,0.027186870574951172,-0.152277410030365,-0.04072616477463953,0.02150106430053711,-0.10790854692459106,-0.0328517280981373,0.01934725046157837,-0.07237488031387329,-0.0208440296814274
0.0,0.0,0.0,-0.052404820919036865,-0.03901255130767822,-0.011450513239509519,-0.08424055576324463,-0.1129615306854248,-0.01650081758529609,-0.0887264609336853,-0.17798364162445068,-0.023385545212335046,-0.09229898452758789,-0.2288576066493988,-0.027555556941337045,-0.05265545845031738,-0.16482645273208618,-0.0005618210733189244,-0.05256158113479614,-0.2147611379623413,-0.026685945663160737,-0.053718745708465576,-0.169679194688797,-0.04283426885635322,-0.05433839559555054,-0.12240612506866455,-0.04846585725576347,-0.018260061740875244,-0.15164518356323242,-0.005649150322682317,-0.019483566284179688,-0.19886788725852966,-0.03373662193448013,-0.024975478649139404,-0.13956767320632935,-0.04235375483662551,-0.02708357572555542,-0.08659696578979492,-0.039991447675532754,0.01415109634399414,-0.13274484872817993,-0.014553743388063367,0.012002050876617432,-0.16811925172805786,-0.04099252631098693,0.001640915870666504,-0.10992756485939026,-0.035927740830487664,-0.004570484161376953,-0.06344905495643616,-0.023970978308028634,0.045078814029693604,-0.10861536860466003,-0.02433223274678653,0.04103368520736694,-0.13953512907028198,-0.04005820487768119,0.02912694215774536,-0.09841746091842651,-0.032235695022649224,0.02239513397216797,-0.06360000371932983,-0.020977886367148812
0.0,0.0,0.0,-0.05981093645095825,-0.03088223934173584,-0.01820791325110349,-0.10137450695037842,-0.10712718963623047,-0.024164516465248198,-0.11176419258117676,-0.17951849102973938,-0.03051078504461202,-0.11539614200592041,-0.2338494062423706,-0.03351162931460294,-0.07368600368499756,-0.16364333033561707,-0.0005572999226615138,-0.07398515939712524,-0.21089833974838257,-0.028742639334382147,-0.06860756874084473,-0.15845942497253418,-0.04646068251270208,-0.06408500671386719,-0.11161383986473083,-0.053798520924033255,-0.03564739227294922,-0.16125404834747314,-0.004032663521797986,-0.03732401132583618,-0.21704256534576416,-0.037147739888609976,-0.03779953718185425,-0.15026482939720154,-0.04803905075925741,-0.03721660375595093,-0.09361067414283752,-0.04612279868263158,0.00042176246643066406,-0.14942628145217896,-0.012177897603692145,0.0001024007797241211,-0.1971423625946045,-0.04535148105162534,-0.006313443183898926,-0.12690326571464539,-0.04004382527011785,-0.011354923248291016,-0.0740741491317749,-0.026221405701221556,0.03498029708862305,-0.12999162077903748,-0.02168239279228601,0.03090566396713257,-0.15669459104537964,-0.044806903214634985,0.023714065551757812,-0.10604837536811829,-0.038214480490864844,0.019078612327575684,-0.06901347637176514,-0.02637505343693647
0.0,0.0,0.0,-0.062227845191955566,-0.024167656898498535,-0.01671501177463597,-0.1084485650062561,-0.09683996438980103,-0.023226873233056722,-0.12304055690765381,-0.16897884011268616,-0.03040284033033913,-0.1303902268409729,-0.22344911098480225,-0.034537186130023656,-0.08239024877548218,-0.15303754806518555,-0.0022100843312955476,-0.08544868230819702,-0.2016657590866089,-0.0327854726753003,-0.07530128955841064,-0.14902618527412415,-0.051585057034230886,-0.0674583911895752,-0.1021391749382019,-0.058592182799316106,-0.04394251108169556,-0.15357717871665955,-0.006464326038098989,-0.04938119649887085,-0.21113505959510803,-0.04251732419345444,-0.04492330551147461,-0.1474827229976654,-0.05447265992972916,-0.04032951593399048,-0.09010404348373413,-0.0518642749926812,-0.007597982883453369,-0.14664196968078613,-0.015032007574177442,-0.011753320693969727,-0.18350756168365479,-0.050469667865968404,-0.011266350746154785,-0.11306673288345337,-0.045467470987773595,-0.011598050594329834,-0.06144428253173828,-0.03031429576788014,0.02716970443725586,-0.1335146129131317,-0.024607113777733503,0.01988881826400757,-0.15818223357200623,-0.04692695404503411,0.017384469509124756,-0.10463476181030273,-0.03849285955641335,0.01645141839981079,-0.06617695093154907,-0.024754326074457822
0.0,0.0,0.0,-0.06768006086349487,-0.03422951698303223,-0.01441576024819824,-0.1133866012096405,-0.12022721767425537,-0.018308222017481057,-0.12868401408195496,-0.19690221548080444,-0.024279631397917,-0.14320653676986694,-0.2555462718009949,-0.026469405464126794,-0.08707958459854126,-0.1824324131011963,0.0015374778739669637,-0.09803330898284912,-0.2375379204750061,-0.028484854570820062,-0.09257277846336365,-0.17629212141036987,-0.044962957225038735,-0.08656227588653564,-0.12012797594070435,-0.04965253519196722,-0.045484066009521484,-0.18182355165481567,-0.0029357769091120645,-0.06014043092727661,-0.21860185265541077,-0.036146551094248025,-0.05480533838272095,-0.14554595947265625,-0.044379397950365274,-0.04736822843551636,-0.087649405002594,-0.03995938944001409,-0.006404697895050049,-0.17277342081069946,-0.012619589179053037,-0.01911371946334839,-0.1889350414276123,-0.04403675692458364,-0.01786816120147705,-0.1157272458076477,-0.03739991383929464,-0.01509922742843628,-0.0632207989692688,-0.022469134724929063,0.03139841556549072,-0.15626788139343262,-0.023713424525453775,0.018510758876800537,-0.16860222816467285,-0.04236301007051679,0.013875424861907959,-0.11497771739959717,-0.03427823605318281,0.013860344886779785,-0.07769942283630371,-0.02146518761594507
0.0,0.0,0.0,-0.07508182525634766,-0.024640262126922607,-0.016214842173951638,-0.1349082589149475,-0.092914879322052,-0.022687344077723992,-0.16151779890060425,-0.16696453094482422,-0.03171426263799049,-0.1723562479019165,-0.22680187225341797,-0.03689428252329208,-0.11370515823364258,-0.1636953055858612,0.006468124956143129,-0.1272045373916626,-0.22287070751190186,-0.026204552698629868,-0.11038106679916382,-0.169061541557312,-0.04706169498314239,-0.09397673606872559,-0.1190522313117981,-0.05495424402107574,-0.07283622026443481,-0.1717061996459961,0.00174811055256896,-0.08590078353881836,-0.2264811098575592,-0.036724621627229226,-0.07034814357757568,-0.15436536073684692,-0.049822280380624306,-0.0545659065246582,-0.09532022476196289,-0.047599127713340295,-0.03275054693222046,-0.17109820246696472,-0.008410667266446126,-0.040752530097961426,-0.2137281596660614,-0.04624645990480758,-0.0310976505279541,-0.1357685923576355,-0.04099644181479789,-0.021890103816986084,-0.07652896642684937,-0.02486126517106868,0.007001936435699463,-0.16278383135795593,-0.01984969546248294,-0.0027936697006225586,-0.19619551301002502,-0.04392661732782699,-0.0013536810874938965,-0.13893264532089233,-0.03592920881857253,0.002248704433441162,-0.09334695339202881,-0.021753298315900338
0.0,0.0,0.0,-0.0622711181640625,-0.013073205947875977,-0.01125949363714085,-0.12288069725036621,-0.06665366888046265,-0.017233270439561466,-0.15164399147033691,-0.13541072607040405,-0.025986059787925342,-0.14821213483810425,-0.19608986377716064,-0.031840703669246295,-0.1048736572265625,-0.14153659343719482,0.008851257865075013,-0.12239605188369751,-0.19878822565078735,-0.018992797690685848,-0.10691505670547485,-0.16710540652275085,-0.03883837092226372,-0.0924416184425354,-0.12437689304351807,-0.04725509810751305,-0.06960761547088623,-0.1523168683052063,0.002937295720670363,-0.08069920539855957,-0.20610341429710388,-0.02640931423312054,-0.06632018089294434,-0.15247729420661926,-0.038678459110911945,-0.05846184492111206,-0.10108643770217896,-0.03858685049718247,-0.03454124927520752,-0.15474441647529602,-0.007568219430055478,-0.04497021436691284,-0.19344061613082886,-0.035168453338798145,-0.03419172763824463,-0.13378241658210754,-0.02998173538153992,-0.029858946800231934,-0.08748060464859009,-0.017728581312354663,0.0018749833106994629,-0.14764639735221863,-0.01924882385438309,-0.010985732078552246,-0.17736291885375977,-0.034013870391305545,-0.007270514965057373,-0.13176807761192322,-0.024451812017019847,-0.00510638952255249,-0.09782320261001587,-0.012205075691696265
0.0,0.0,0.0,-0.05914193391799927,-0.01982814073562622,-0.01894396896773287,-0.10959076881408691,-0.08580267429351807,-0.02643569725864836,-0.1307247281074524,-0.15449613332748413,-0.03405608776324698,-0.1421082615852356,-0.20897459983825684,-0.037699023069080795,-0.08905029296875,-0.14989349246025085,-0.0036108219467223535,-0.09670299291610718,-0.19833016395568848,-0.0322930345248551,-0.0831451416015625,-0.1450624167919159,-0.04921729284637877,-0.07182174921035767,-0.09887045621871948,-0.055322671116528,-0.052745044231414795,-0.15335190296173096,-0.005610405740526403,-0.060342252254486084,-0.2026681900024414,-0.038021513999638046,-0.048908114433288574,-0.1368737518787384,-0.04690960216635176,-0.03965878486633301,-0.08380681276321411,-0.043551103950676406,-0.018275201320648193,-0.14816904067993164,-0.012336509109672988,-0.02142256498336792,-0.18428575992584229,-0.043217571259674514,-0.016069769859313965,-0.117571622133255,-0.03670493307822653,-0.013475954532623291,-0.06835389137268066,-0.022305527509388412,0.015333414077758789,-0.13687413930892944,-0.02055992539339968,0.009495079517364502,-0.16150972247123718,-0.03923928159588286,0.008814692497253418,-0.11303502321243286,-0.031170690239605392,0.008320450782775879,-0.07766234874725342,-0.018874713958439315
0.0,0.0,0.0,-0.0516892671585083,-0.03815370798110962,-0.015566104931792779,-0.086947500705719,-0.11228352785110474,-0.022048565467855497,-0.09599220752716064,-0.18167239427566528,-0.02904194863702969,-0.10178917646408081,-0.235711932182312,-0.03291017832424359,-0.06349295377731323,-0.16884610056877136,-0.002374515777489705,-0.05793684720993042,-0.215760737657547,-0.030121429732105298,-0.05129283666610718,-0.17244160175323486,-0.04888592930700497,-0.047231078147888184,-0.12585291266441345,-0.056641864499113126,-0.02774357795715332,-0.16049546003341675,-0.006049385668745799,-0.02121889591217041,-0.21052470803260803,-0.03635813566114621,-0.020959436893463135,-0.1505177617073059,-0.04685126142766194,-0.02202463150024414,-0.09552410244941711,-0.04573586853410916,0.004585087299346924,-0.14395275712013245,-0.01385944327529387,0.0143166184425354,-0.18166735768318176,-0.042936640700361295,0.0067636966705322266,-0.12014994025230408,-0.03817205401327328,-0.0015417933464050293,-0.07135480642318726,-0.02605575593378262,0.03358381986618042,-0.1202382743358612,-0.022866700684687657,0.037146031856536865,-0.14419400691986084,-0.04116416247751431,0.027440965175628662,-0.10053548216819763,-0.03389560701515393,0.018414974212646484,-0.06675940752029419,-0.022701331323048635
0.0,0.0,0.0,-0.05694979429244995,-0.03309273719787598,-0.015045469502979358,-0.09453374147415161,-0.10356605052947998,-0.021354052114361366,-0.10315918922424316,-0.170892596244812,-0.028325547340386947,-0.10225236415863037,-0.2236728072166443,-0.0325202521561323,-0.06499719619750977,-0.1603851318359375,-0.002095363677540263,-0.06790226697921753,-0.21124505996704102,-0.027647838804000457,-0.06298172473907471,-0.16753655672073364,-0.0446807843326269,-0.05835014581680298,-0.1221996545791626,-0.05203053249704226,-0.029086172580718994,-0.15212255716323853,-0.005978450986617645,-0.02911156415939331,-0.1990736722946167,-0.033903489696854194,-0.03035205602645874,-0.13816368579864502,-0.0433702160297571,-0.03170841932296753,-0.08614116907119751,-0.04265996708261355,0.002787292003631592,-0.1351284384727478,-0.013930066364878257,0.00423961877822876,-0.1778167486190796,-0.04220776154386385,-0.0036919116973876953,-0.11578565835952759,-0.03747098787414416,-0.009831488132476807,-0.06832140684127808,-0.0262138926117359,0.03155392408370972,-0.11013227701187134,-0.02297079830157145,0.03020423650741577,-0.13566607236862183,-0.04246085031616076,0.02017897367477417,-0.09113520383834839,-0.03607739775168284,0.012783229351043701,-0.05706071853637695,-0.02576213783311232
0.0,0.0,0.0,-0.05638211965560913,-0.030957281589508057,-0.023964056081297258,-0.09053659439086914,-0.11269104480743408,-0.028828705928447107,-0.09795564413070679,-0.18936336040496826,-0.03307381392193065,-0.09709984064102173,-0.2432924509048462,-0.030910444713356355,-0.060388028621673584,-0.1733943223953247,0.002076097962287804,-0.06075179576873779,-0.22802764177322388,-0.02665868148875461,-0.06083887815475464,-0.16726744174957275,-0.03522363797497974,-0.05675119161605835,-0.14582890272140503,-0.035695453441860536,-0.022497355937957764,-0.16147762537002563,0.0019745740227676833,-0.02334296703338623,-0.20204544067382812,-0.027168234146358827,-0.03173607587814331,-0.13006311655044556,-0.026502878672602037,-0.027245283126831055,-0.12933069467544556,-0.01763744399619327,0.010981380939483643,-0.1418202519416809,-0.005777545540752271,0.011109411716461182,-0.17028915882110596,-0.038541534251692156,-0.00239408016204834,-0.10476428270339966,-0.027060731581570963,0.00015431642532348633,-0.1092844009399414,-0.01033126682710872,0.04306685924530029,-0.12112033367156982,-0.015736087492825845,0.04067808389663696,-0.13837772607803345,-0.031711262918236116,0.0285835862159729,-0.09347689151763916,-0.021481863490464548,0.03152894973754883,-0.09068089723587036,-0.009177406585934023
0.0,0.0,0.0,-0.059745609760284424,-0.037494122982025146,-0.014946846619636744,-0.09635007381439209,-0.11309093236923218,-0.0200380043614814,-0.10421323776245117,-0.18553942441940308,-0.026635599650830954,-0.10554593801498413,-0.2404012680053711,-0.029865344383210868,-0.06967335939407349,-0.17543762922286987,0.005669387660532266,-0.06890690326690674,-0.2310471534729004,-0.02218883424291107,-0.06619846820831299,-0.18218904733657837,-0.03967575109788868,-0.06323224306106567,-0.13675475120544434,-0.04630242041537258,-0.03387117385864258,-0.1650562882423401,0.0009363938798969684,-0.032267749309539795,-0.21929842233657837,-0.03161412230917904,-0.035060346126556396,-0.15455585718154907,-0.04301585383007023,-0.03534960746765137,-0.10217022895812988,-0.04119029022047016,-0.0015293359756469727,-0.1476694941520691,-0.008652156547100276,0.0015153288841247559,-0.18646395206451416,-0.040286065407485694,-0.00664675235748291,-0.12027424573898315,-0.0362659668106744,-0.011600792407989502,-0.0750088095664978,-0.02339595123419258,0.030034184455871582,-0.12390393018722534,-0.019523737349004477,0.028876900672912598,-0.1477130651473999,-0.03935504458138439,0.02062201499938965,-0.09978598356246948,-0.03284268952199909,0.015641093254089355,-0.06807643175125122,-0.02150846212396118
0.0,0.0,0.0,-0.05390292406082153,-0.04737961292266846,-0.010690481270671626,-0.08696329593658447,-0.12329250574111938,-0.01492589978408887,-0.09919106960296631,-0.18999558687210083,-0.021866949143827696,-0.10953778028488159,-0.24385827779769897,-0.02636072585266902,-0.05963617563247681,-0.17676126956939697,0.0074400321030907435,-0.06357753276824951,-0.2344965934753418,-0.017550798001707335,-0.06458741426467896,-0.1995638608932495,-0.034246263894260665,-0.06608915328979492,-0.15794754028320312,-0.040731632950723906,-0.02565973997116089,-0.16930252313613892,0.0016003926433540983,-0.030824363231658936,-0.22166919708251953,-0.025572325902999182,-0.03729063272476196,-0.1708264946937561,-0.03610503101629092,-0.04133009910583496,-0.12097716331481934,-0.035371681544006606,0.006443440914154053,-0.15417611598968506,-0.008568266275347014,-0.0009745955467224121,-0.18821853399276733,-0.03664826774877383,-0.011243700981140137,-0.1292099952697754,-0.03430296653789355,-0.01704394817352295,-0.08132070302963257,-0.023646473753274222,0.03787636756896973,-0.13061225414276123,-0.019619988146246214,0.027089357376098633,-0.1547134518623352,-0.03883284503501727,0.015974760055541992,-0.10902458429336548,-0.033477438482464095,0.010866045951843262,-0.07194328308105469,-0.023287158328116675
0.0,0.0,0.0,-0.05922740697860718,-0.04662257432937622,-0.01416645285598861,-0.09535539150238037,-0.11929941177368164,-0.020372987658902275,-0.10029131174087524,-0.19005095958709717,-0.028264422835036385,-0.09271878004074097,-0.24345362186431885,-0.032761092231794464,-0.06124377250671387,-0.17460209131240845,0.004018660235033167,-0.05995279550552368,-0.22589588165283203,-0.022766585395856964,-0.057121992111206055,-0.17544513940811157,-0.04020446439199077,-0.05462545156478882,-0.12869596481323242,-0.04733161528520213,-0.02351754903793335,-0.16399574279785156,-0.000490587837248313,-0.020869910717010498,-0.21056079864501953,-0.030650022373720276,-0.022254526615142822,-0.14599263668060303,-0.04074185986928569,-0.023525476455688477,-0.09310048818588257,-0.039404305563493836,0.010719776153564453,-0.14662444591522217,-0.009571020425482857,0.01498645544052124,-0.18633079528808594,-0.03911704842857944,0.007233381271362305,-0.12235796451568604,-0.033225196347757446,0.0005662441253662109,-0.0739278793334961,-0.020087259755655396,0.04342484474182129,-0.12163615226745605,-0.019895099968834984,0.04355233907699585,-0.15215861797332764,-0.03878025983385669,0.03479272127151489,-0.10710650682449341,-0.030903297410532105,0.028331220149993896,-0.07241588830947876,-0.018973321587964165
0.0,0.0,0.0,-0.05751466751098633,-0.042762041091918945,-0.017707701219478622,-0.09189367294311523,-0.12870341539382935,-0.023639857216039672,-0.09443014860153198,-0.20110321044921875,-0.029677582351723686,-0.09367036819458008,-0.2553361654281616,-0.03250776175991632,-0.053097665309906006,-0.1780414581298828,-0.0048519404663238674,-0.04951971769332886,-0.21637749671936035,-0.03214632664457895,-0.048763811588287354,-0.1604621410369873,-0.04866865594522096,-0.04897981882095337,-0.11326473951339722,-0.05492185373441316,-0.014454364776611328,-0.16766667366027832,-0.00686253365711309,-0.01280134916305542,-0.20807665586471558,-0.03840950076119043,-0.01647096872329712,-0.14239776134490967,-0.04785352144972421,-0.020257771015167236,-0.08622264862060547,-0.04543287624255754,0.019880712032318115,-0.1511690616607666,-0.01309608985320665,0.021462082862854004,-0.17846357822418213,-0.044989250047365203,0.012390494346618652,-0.11222314834594727,-0.0402069645060692,0.003008604049682617,-0.06069284677505493,-0.026830724818864837,0.05037689208984375,-0.12972521781921387,-0.02045470420853235,0.04737436771392822,-0.15245050191879272,-0.041647619946161285,0.03715556859970093,-0.10448473691940308,-0.034716158552328125,0.028992831707000732,-0.066517174243927,-0.022698800457874313
0.0,0.0,0.0,-0.05533897876739502,-0.04853415489196777,-0.01440832635711331,-0.08991438150405884,-0.1253243088722229,-0.020848316721128413,-0.09477287530899048,-0.19644403457641602,-0.028986835501598307,-0.08561080694198608,-0.24957925081253052,-0.033243171520041415,-0.0538637638092041,-0.179637610912323,0.0015996253364960467,-0.05095326900482178,-0.23713189363479614,-0.02488303335707087,-0.05376553535461426,-0.18501639366149902,-0.04017203266124625,-0.05396515130996704,-0.13768821954727173,-0.045773639924334475,-0.01717066764831543,-0.16590315103530884,-0.0024912321227361645,-0.015813171863555908,-0.2123621106147766,-0.032781581975029894,-0.02123737335205078,-0.14771467447280884,-0.0411230396697988,-0.022820651531219482,-0.09687453508377075,-0.038480545974778124,0.015821993350982666,-0.14624518156051636,-0.011135562903689333,0.018270254135131836,-0.18422365188598633,-0.04061293939452071,0.007510662078857422,-0.12036526203155518,-0.033987532950447985,0.0007829070091247559,-0.07352590560913086,-0.020259784183906504,0.04729282855987549,-0.1204330325126648,-0.020973305798577258,0.04509085416793823,-0.15144550800323486,-0.03930877114038367,0.03325510025024414,-0.1071050763130188,-0.03146745229463477,0.02658867835998535,-0.07334846258163452,-0.019611158988880106
0.0,0.0,0.0,-0.05847901105880737,0.008670032024383545,-0.018814137111490936,-0.12290000915527344,-0.02219611406326294,-0.026757409702128143,-0.1599096655845642,-0.07599425315856934,-0.03486264301378128,-0.158669114112854,-0.1305607557296753,-0.039104575197285385,-0.11079806089401245,-0.10033148527145386,-0.0022559525902181576,-0.1294955611228943,-0.14184796810150146,-0.030734283755606384,-0.10822653770446777,-0.09775501489639282,-0.0479207242830455,-0.08961528539657593,-0.06336820125579834,-0.05528916967946884,-0.0786786675453186,-0.11996603012084961,-0.0050032645455360125,-0.09849631786346436,-0.16564524173736572,-0.039304366241282196,-0.07536149024963379,-0.10532331466674805,-0.04912169082004425,-0.05664712190628052,-0.06109762191772461,-0.045996798108404846,-0.0457344651222229,-0.13114911317825317,-0.012462893406933517,-0.06012457609176636,-0.1695982813835144,-0.04595124898392555,-0.04228484630584717,-0.10514813661575317,-0.039034871290510864,-0.030133724212646484,-0.060460805892944336,-0.023770552034562797,-0.011891305446624756,-0.13438814878463745,-0.02144147632557747,-0.02394568920135498,-0.1605473756790161,-0.04278677133757469,-0.014882266521453857,-0.11153870820999146,-0.03486426724035141,-0.007757306098937988,-0.07709485292434692,-0.022262196893876762
0.0,0.0,0.0,-0.052015721797943115,0.015231132507324219,-0.023961106117724285,-0.11055374145507812,-0.0041922926902771,-0.034340591903685436,-0.14760392904281616,-0.04819035530090332,-0.04208940434074293,-0.15671896934509277,-0.09828084707260132,-0.04487839135146032,-0.12434691190719604,-0.10045963525772095,-0.01165397166079174,-0.12600785493850708,-0.1061130166053772,-0.03609415310239683,-0.09474116563796997,-0.07262289524078369,-0.049242088373659954,-0.07155483961105347,-0.03812551498413086,-0.05344387682890783,-0.1003110408782959,-0.13401001691818237,-0.009289742249904975,-0.0950745940208435,-0.13096588850021362,-0.03726847263789068,-0.06221973896026611,-0.08302664756774902,-0.04597436058139692,-0.040139198303222656,-0.040769100189208984,-0.04337966608619581,-0.07063859701156616,-0.15416574478149414,-0.010851361591278419,-0.05525928735733032,-0.13934630155563354,-0.03963913562512289,-0.030240356922149658,-0.08693170547485352,-0.03596484082555662,-0.016591906547546387,-0.04569411277770996,-0.024035095970987186,-0.03975397348403931,-0.16144758462905884,-0.014510728221296176,-0.026214003562927246,-0.14738881587982178,-0.034513504978178844,-0.010971486568450928,-0.10261577367782593,-0.029818994726895198,-0.003564774990081787,-0.07082962989807129,-0.018940424349068508
0.0,0.0,0.0,-0.0516735315322876,-0.036339521408081055,-0.01859598389751227,-0.08330029249191284,-0.11256128549575806,-0.025809567113583398,-0.08378881216049194,-0.18186414241790771,-0.03307019888347895,-0.07003265619277954,-0.2299240231513977,-0.03665132789797099,-0.04821658134460449,-0.16292476654052734,-0.0035262351568690065,-0.0412406325340271,-0.2089124321937561,-0.030177822028463197,-0.04061657190322876,-0.15725988149642944,-0.04642979769892008,-0.04111891984939575,-0.11243677139282227,-0.05326046018785746,-0.0149497389793396,-0.15453404188156128,-0.005791095243012023,-0.007212579250335693,-0.20578140020370483,-0.03680302916950495,-0.013199269771575928,-0.1392868161201477,-0.04551372646278651,-0.018485665321350098,-0.08792054653167725,-0.04266682608908923,0.014678120613098145,-0.13694995641708374,-0.012631294940774751,0.027486085891723633,-0.18033623695373535,-0.04329575567430766,0.015127718448638916,-0.11696416139602661,-0.03762468664831431,0.0041176676750183105,-0.07157951593399048,-0.024462705169980836,0.04192757606506348,-0.11145132780075073,-0.020927320857708764,0.05213981866836548,-0.13882100582122803,-0.04155818342155726,0.038439273834228516,-0.09610551595687866,-0.03553300320095332,0.025733470916748047,-0.063812255859375,-0.025015348260467363
0.0,0.0,0.0,-0.03518646955490112,-0.06645846366882324,-0.02568320522311751,-0.03017181158065796,-0.1651216745376587,-0.03499306144419734,0.003187716007232666,-0.2300129532814026,-0.042660006901655834,0.03993713855743408,-0.25934362411499023,-0.045477306118641536,0.03195828199386597,-0.1868113875389099,-0.011825963503156345,0.05853092670440674,-0.2182619571685791,-0.04164275678101603,0.03206813335418701,-0.17370247840881348,-0.057646171769533794,0.01026219129562378,-0.13397377729415894,-0.06375853123370234,0.06033658981323242,-0.14972394704818726,-0.011968637464974563,0.0894123911857605,-0.18643373250961304,-0.04891900869313304,0.05051827430725098,-0.1305924654006958,-0.05805104004446093,0.021271109580993652,-0.08857589960098267,-0.053637032976780574,0.08179962635040283,-0.1089937686920166,-0.01717047544423167,0.11032044887542725,-0.1321314573287964,-0.054571834972534816,0.06568604707717896,-0.08364194631576538,-0.047689204683933895,0.031360626220703125,-0.053601205348968506,-0.03146190347376887,0.09782248735427856,-0.06485193967819214,-0.024111466130648296,0.1190788745880127,-0.08452290296554565,-0.04974954353872363,0.08412957191467285,-0.05462735891342163,-0.04272066952887599,0.055017828941345215,-0.036797523498535156,-0.029822639769349735
0.0,0.0,0.0,-0.054401695728302,-0.014710962772369385,-0.014178186373101198,-0.1022711992263794,-0.06981885433197021,-0.01949708973734232,-0.12288200855255127,-0.13427495956420898,-0.026287511640475714,-0.11757946014404297,-0.1854075789451599,-0.03018190217881056,-0.08339351415634155,-0.12755626440048218,0.006623848157687462,-0.09282904863357544,-0.17831599712371826,-0.01955156465737673,-0.08176326751708984,-0.1396845579147339,-0.037321746998713934,-0.0721314549446106,-0.09945636987686157,-0.044936028027223074,-0.05114924907684326,-0.13317245244979858,0.002728485784246004,-0.061252593994140625,-0.18455654382705688,-0.028098241144107305,-0.05208319425582886,-0.12939172983169556,-0.04013591324655863,-0.045022785663604736,-0.08017581701278687,-0.039408736580298864,-0.019037902355194092,-0.13191598653793335,-0.00565395569174143,-0.027320444583892822,-0.17499208450317383,-0.037237216436551535,-0.022384583950042725,-0.11261975765228271,-0.03376958584158274,-0.0204925537109375,-0.063690185546875,-0.021344246992157423,0.012966454029083252,-0.12387174367904663,-0.015169288681136095,0.004263162612915039,-0.14819753170013428,-0.0376531562742457,0.004268646240234375,-0.1010061502456665,-0.03259194334714266,0.004372835159301758,-0.06402534246444702,-0.02191265551118704
0.0,0.0,0.0,-0.0521007776260376,-0.015477776527404785,-0.02357206707432624,-0.09960198402404785,-0.06480318307876587,-0.034162508599308694,-0.11991119384765625,-0.1193159818649292,-0.04281294932201263,-0.11452299356460571,-0.16801780462265015,-0.04736180444791671,-0.07861840724945068,-0.1732766032218933,-0.006886019181308711,-0.0869302749633789,-0.16383612155914307,-0.03484025066330787,-0.07394182682037354,-0.10959655046463013,-0.05527661954596397,-0.06451457738876343,-0.06796139478683472,-0.06505206068590041,-0.042865633964538574,-0.1896929144859314,-0.005824284437892402,-0.05228734016418457,-0.1633322834968567,-0.03240455900862571,-0.04263293743133545,-0.1007809042930603,-0.043027302525786126,-0.03540468215942383,-0.057460904121398926,-0.04343051304653045,-0.006883025169372559,-0.1853334903717041,-0.009771958269027436,-0.012587308883666992,-0.14578276872634888,-0.03725283806755897,-0.010933995246887207,-0.08505016565322876,-0.03491126959755775,-0.010560572147369385,-0.04622930288314819,-0.02541697984173652,0.02663111686706543,-0.1684480905532837,-0.01621154909565803,0.019154071807861328,-0.13193529844284058,-0.035250073574331964,0.014879465103149414,-0.0820503830909729,-0.031757770381716455,0.012529373168945312,-0.05312001705169678,-0.02275577028825637
0.0,0.0,0.0,-0.052695274353027344,-0.0008829832077026367,-0.023388856838892025,-0.10662037134170532,-0.03044891357421875,-0.03567706588978581,-0.13606977462768555,-0.07193958759307861,-0.046204963515947384,-0.14067918062210083,-0.12027144432067871,-0.05248504672522358,-0.09934490919113159,-0.14340859651565552,-0.010881087559710068,-0.11403155326843262,-0.12635016441345215,-0.03884683717365078,-0.09313070774078369,-0.07867181301116943,-0.05743134189719967,-0.07401657104492188,-0.04278761148452759,-0.06607101653094105,-0.0676654577255249,-0.16921502351760864,-0.009975355866799873,-0.0824161171913147,-0.13674777746200562,-0.03875633869643025,-0.06054258346557617,-0.07832843065261841,-0.04883612860317044,-0.042440593242645264,-0.039305269718170166,-0.048464545797060055,-0.032951951026916504,-0.17614775896072388,-0.013628681938598675,-0.04193979501724243,-0.13099616765975952,-0.04109127614970021,-0.02700197696685791,-0.07617229223251343,-0.037679849009464306,-0.016615748405456543,-0.042067646980285645,-0.027459459196279568,0.0008752346038818359,-0.16985446214675903,-0.01971898209626488,-0.00598829984664917,-0.12886595726013184,-0.03752736915225796,0.0017718672752380371,-0.09048473834991455,-0.034122781645010036,0.00789499282836914,-0.07148575782775879,-0.025428663756201786
0.0,0.0,0.0,-0.05828285217285156,-0.03353804349899292,-0.016538214685965613,-0.100710928440094,-0.10372734069824219,-0.02451963611190422,-0.11112749576568604,-0.17358577251434326,-0.033799488844920234,-0.09976887702941895,-0.22665318846702576,-0.04006771445517643,-0.06735110282897949,-0.16639074683189392,0.000996416152815982,-0.07099473476409912,-0.21612459421157837,-0.028404530885268287,-0.0664217472076416,-0.16770130395889282,-0.04775577485804661,-0.061890602111816406,-0.12093335390090942,-0.05607533902173145,-0.031265199184417725,-0.16342288255691528,-0.003420730170432762,-0.034584879875183105,-0.21454057097434998,-0.037724018844414786,-0.03459596633911133,-0.14761212468147278,-0.049569253625918464,-0.033404529094696045,-0.0899832546710968,-0.04801030159239872,0.0038770437240600586,-0.15218889713287354,-0.012577884646702842,0.002190709114074707,-0.1960832178592682,-0.04743501246218784,-0.004056215286254883,-0.12552616000175476,-0.042741452159930304,-0.00878363847732544,-0.070820152759552,-0.02858036458735569,0.038446664810180664,-0.1328410804271698,-0.022908759119559363,0.0336604118347168,-0.16529497504234314,-0.047249306740809516,0.025215089321136475,-0.11356189846992493,-0.04072905034070118,0.019394218921661377,-0.07241320610046387,-0.02840832881872757
0.0,0.0,0.0,-0.045729756355285645,-0.04883405566215515,-0.02078073265221292,-0.06645083427429199,-0.13435298204421997,-0.029264116456772626,-0.057360708713531494,-0.20662838220596313,-0.03765218312111074,-0.03265213966369629,-0.2515159249305725,-0.042372654920484365,-0.01964700222015381,-0.1808568239212036,-0.0032442498784917007,-0.0050318241119384766,-0.22346150875091553,-0.033285587823058904,-0.014796137809753418,-0.17475402355194092,-0.05363056043353254,-0.02368086576461792,-0.1279546618461609,-0.06293955797519857,0.013737261295318604,-0.16259020566940308,-0.005551790615584196,0.026424407958984375,-0.20930573344230652,-0.03958784768548185,0.009622335433959961,-0.14784598350524902,-0.051934324001933874,-0.003290534019470215,-0.09602230787277222,-0.05110153535571271,0.0433768630027771,-0.13476887345314026,-0.012740831619169057,0.05767625570297241,-0.17235398292541504,-0.04662216434445554,0.03407520055770874,-0.11152023077011108,-0.041496656632091344,0.014118373394012451,-0.06674075126647949,-0.02773149850037271,0.06921714544296265,-0.09965178370475769,-0.02154369445707971,0.07770740985870361,-0.12875297665596008,-0.044727012312080205,0.05712389945983887,-0.08767068386077881,-0.03735160062279874,0.03848409652709961,-0.05614897608757019,-0.02485189752843553
0.0,0.0,0.0,-0.05754530429840088,-0.01933300495147705,-0.02514620285197111,-0.11182010173797607,-0.07821130752563477,-0.03638021062775465,-0.13330179452896118,-0.14790615439414978,-0.046616209407289944,-0.12511181831359863,-0.20646896958351135,-0.05275647874637457,-0.08013361692428589,-0.1543371081352234,-0.006107260675122461,-0.09021109342575073,-0.19742819666862488,-0.03641873758002134,-0.07870960235595703,-0.14874741435050964,-0.056449914087494335,-0.0659608244895935,-0.09901207685470581,-0.06491445537372442,-0.04413563013076782,-0.15844884514808655,-0.005518524178256712,-0.05641216039657593,-0.2063489556312561,-0.03906977709098669,-0.04710882902145386,-0.1393093466758728,-0.05119949739142271,-0.03728353977203369,-0.08206462860107422,-0.0499776133493981,-0.009425580501556396,-0.15080037713050842,-0.010044578199227772,-0.01944655179977417,-0.19332098960876465,-0.04662112679048391,-0.016072392463684082,-0.12427330017089844,-0.042528232295950374,-0.01204150915145874,-0.07020041346549988,-0.02807012919052454,0.02299201488494873,-0.13335901498794556,-0.01613138589723917,0.011445283889770508,-0.16609632968902588,-0.04287883426709982,0.009448468685150146,-0.1138448715209961,-0.03674579571648451,0.011242091655731201,-0.07075640559196472,-0.02381709564193102
0.0,0.0,0.0,-0.05838042497634888,0.010740339756011963,-0.02201440984299552,-0.12289631366729736,-0.014469742774963379,-0.03311381356706988,-0.1627950668334961,-0.06674984097480774,-0.04373524950733554,-0.1728968620300293,-0.12177762389183044,-0.05060520635834109,-0.11932969093322754,-0.09225612878799438,-0.007036698590127344,-0.13755518198013306,-0.13289207220077515,-0.03748550506225001,-0.11166244745254517,-0.09672290086746216,-0.05658525841226947,-0.08879697322845459,-0.05920854210853577,-0.06436091156592738,-0.08724218606948853,-0.11614197492599487,-0.008083441834060068,-0.11016446352005005,-0.16061097383499146,-0.04342599453320872,-0.08002972602844238,-0.10652214288711548,-0.055311879682449216,-0.05567973852157593,-0.05954751372337341,-0.053292250800041074,-0.05302155017852783,-0.13201647996902466,-0.013609326983896608,-0.06708383560180664,-0.16745084524154663,-0.05075323076835048,-0.042964816093444824,-0.10390383005142212,-0.0460992442249335,-0.026812314987182617,-0.0539860725402832,-0.030867932903674955,-0.018261194229125977,-0.1395198404788971,-0.020326173472312803,-0.030746817588806152,-0.16575083136558533,-0.04530568288555514,-0.017785727977752686,-0.11536908149719238,-0.03794260563245189,-0.007616281509399414,-0.07529711723327637,-0.024406713041571493
0.0,0.0,0.0,-0.05458265542984009,-0.030922621488571167,-0.020589849965176654,-0.0973396897315979,-0.10157033801078796,-0.030632243545255733,-0.10782438516616821,-0.172382652759552,-0.04007385397096641,-0.09531021118164062,-0.22586393356323242,-0.04582511732121475,-0.06471186876296997,-0.16599225997924805,-0.009393026174507213,-0.0642138123512268,-0.21088826656341553,-0.03887902671237953,-0.06040012836456299,-0.15625524520874023,-0.057844084741077495,-0.055937111377716064,-0.10775214433670044,-0.06667453149100311,-0.027737677097320557,-0.16265985369682312,-0.012204858527979923,-0.02760946750640869,-0.2134225070476532,-0.0467754016234494,-0.02645963430404663,-0.1430424451828003,-0.05744188749929435,-0.025040507316589355,-0.08361172676086426,-0.05577666038414009,0.007013499736785889,-0.14950531721115112,-0.019231169538102222,0.011303722858428955,-0.1950390636920929,-0.05250085988780029,0.006920516490936279,-0.12464335560798645,-0.04496427351375587,0.0015784502029418945,-0.06943956017494202,-0.030258393899998737,0.0391196608543396,-0.12800449132919312,-0.027833304421506,0.039972782135009766,-0.1575535535812378,-0.05090414086123474,0.0324367880821228,-0.10612472891807556,-0.042806205393276286,0.025236189365386963,-0.06656628847122192,-0.030226211117110324
0.0,0.0,0.0,-0.0480462908744812,-0.03884392976760864,-0.02181792047602471,-0.0758625864982605,-0.11683857440948486,-0.031969506040042006,-0.07154273986816406,-0.18251535296440125,-0.04125729922932919,-0.05069929361343384,-0.22753629088401794,-0.04706774999183949,-0.02741450071334839,-0.1799539029598236,-0.009340794503515326,-0.022662997245788574,-0.20852458477020264,-0.03826820079964932,-0.02991318702697754,-0.15805330872535706,-0.05746436838788327,-0.03530752658843994,-0.11320680379867554,-0.0662681457845622,0.007780909538269043,-0.16696232557296753,-0.010810240849679076,0.014525175094604492,-0.2036885917186737,-0.0430471559314185,5.4836273193359375e-06,-0.1383342146873474,-0.0530288216916972,-0.01175755262374878,-0.08244320750236511,-0.05067403961700734,0.039169490337371826,-0.14443516731262207,-0.016937250017946326,0.04452204704284668,-0.16476207971572876,-0.048498049124901854,0.024853229522705078,-0.10395574569702148,-0.04373278443497952,0.008222699165344238,-0.05835670232772827,-0.030696395531123244,0.06772035360336304,-0.11421331763267517,-0.024733569219534957,0.06889009475708008,-0.1333315670490265,-0.045047770932143294,0.04908120632171631,-0.09171861410140991,-0.03807543937844571,0.03198230266571045,-0.05926927924156189,-0.02647965376061734
0.0,0.0,0.0,-0.05703747272491455,-0.030438631772994995,-0.018538545987183852,-0.10112440586090088,-0.10137763619422913,-0.0269476009370635,-0.11229515075683594,-0.1732800006866455,-0.03559499623494844,-0.10096973180770874,-0.2262287735939026,-0.04065086709576349,-0.06812745332717896,-0.16568338871002197,-0.0022161623300860356,-0.06732845306396484,-0.21254220604896545,-0.03140769543367128,-0.0639839768409729,-0.16084271669387817,-0.05056161450463037,-0.059855639934539795,-0.1146707534790039,-0.05936070548611383,-0.03173840045928955,-0.16128942370414734,-0.005916198419953389,-0.03161191940307617,-0.2155154049396515,-0.04050558822470407,-0.032394349575042725,-0.14687517285346985,-0.05174661444740991,-0.03211468458175659,-0.08918145298957825,-0.0500558243902276,0.002596735954284668,-0.1479608714580536,-0.014237948863382144,0.0054819583892822266,-0.19395491480827332,-0.04819519834833841,-0.001482546329498291,-0.12489750981330872,-0.041609171948010726,-0.007559835910797119,-0.07261189818382263,-0.026998322627122207,0.03497439622879028,-0.12642431259155273,-0.024014391175086303,0.03476792573928833,-0.15824109315872192,-0.04712579043822984,0.025456607341766357,-0.10763537883758545,-0.039454851469571395,0.018039464950561523,-0.06874686479568481,-0.02702371793108682
0.0,0.0,0.0,-0.06077253818511963,-0.001622319221496582,-0.01673912512399056,-0.12400937080383301,-0.030951380729675293,-0.02659342320896485,-0.1611940860748291,-0.08439496159553528,-0.037713800317419555,-0.164145827293396,-0.140412837266922,-0.04561491007245877,-0.11524772644042969,-0.1035216748714447,0.0031089270554502946,-0.13848978281021118,-0.14554324746131897,-0.026064130238069083,-0.11567699909210205,-0.11492037773132324,-0.04664488578475812,-0.09128791093826294,-0.07758975028991699,-0.05550627852119305,-0.0844162106513977,-0.12357708811759949,0.00010075131228859391,-0.1067308783531189,-0.16666895151138306,-0.03269175881780484,-0.08139759302139282,-0.11535590887069702,-0.04578714514411786,-0.05936229228973389,-0.06815394759178162,-0.04543462092317441,-0.05145984888076782,-0.1370932161808014,-0.0075795559611151475,-0.07126575708389282,-0.17581358551979065,-0.04079901496209004,-0.051146507263183594,-0.11484554409980774,-0.036797255969418075,-0.03475731611251831,-0.06418168544769287,-0.023248291334880378,-0.017117321491241455,-0.14248424768447876,-0.01668020406998494,-0.03717243671417236,-0.1649962067604065,-0.04029353404678204,-0.027002573013305664,-0.11793676018714905,-0.03448776597417691,-0.015115201473236084,-0.07897338271141052,-0.02239519799388745
0.0,0.0,0.0,-0.0583035945892334,-0.020761728286743164,-0.017977019345494227,-0.10955703258514404,-0.09011155366897583,-0.02632899726006599,-0.127064049243927,-0.16373756527900696,-0.03499010348889442,-0.11977839469909668,-0.22367334365844727,-0.040001583790512996,-0.08144265413284302,-0.1633884310722351,-0.0031555656270256804,-0.08892428874969482,-0.21161863207817078,-0.03153665879938217,-0.08238977193832397,-0.15996205806732178,-0.0489793136176786,-0.07407951354980469,-0.1129501461982727,-0.05611696610424133,-0.043439269065856934,-0.16480407118797302,-0.006061233619334416,-0.050090909004211426,-0.21644800901412964,-0.03708719605776878,-0.047000885009765625,-0.14890187978744507,-0.045679041689368205,-0.04232001304626465,-0.09201723337173462,-0.04262036973807426,-0.005900382995605469,-0.15748420357704163,-0.013667718080910163,-0.011610090732574463,-0.1990061104297638,-0.04452320704433532,-0.01331484317779541,-0.12927648425102234,-0.037661248391600566,-0.01309967041015625,-0.07672828435897827,-0.023459797298642115,0.03203624486923218,-0.14252614974975586,-0.022623151114316897,0.020752131938934326,-0.1715400516986847,-0.04291805396053405,0.014203429222106934,-0.11951151490211487,-0.03517094770643325,0.012009084224700928,-0.0801282525062561,-0.023116917854281382
0.0,0.0,0.0,-0.050524771213531494,-0.023130834102630615,-0.017001861818954467,-0.09982454776763916,-0.09643092751502991,-0.025094471984431266,-0.11741721630096436,-0.173039048910141,-0.03333950612775993,-0.1046895980834961,-0.2288931906223297,-0.038087530174180984,-0.06523090600967407,-0.1640399992465973,-0.00571565341286373,-0.06385064125061035,-0.21587365865707397,-0.034595275410339354,-0.06244766712188721,-0.16729143261909485,-0.05329308483831596,-0.06064552068710327,-0.11812710762023926,-0.061352891960069655,-0.029155373573303223,-0.15898939967155457,-0.008486541100666045,-0.02618175745010376,-0.2106713056564331,-0.04043579299084854,-0.02805161476135254,-0.14769762754440308,-0.05117763403885078,-0.03005152940750122,-0.0916399359703064,-0.05006807867519569,0.004427075386047363,-0.14639917016029358,-0.015226024315580844,0.005068778991699219,-0.18635818362236023,-0.045365205147192,-0.0010068416595458984,-0.12386083602905273,-0.039191732295677184,-0.0071710944175720215,-0.0744333565235138,-0.026254627966210364,0.035566747188568115,-0.12766119837760925,-0.023218635582253455,0.03157758712768555,-0.15977105498313904,-0.043105827757045745,0.024906039237976074,-0.11157888174057007,-0.03512587223283958,0.018946170806884766,-0.07296210527420044,-0.023230940216109275
0.0,0.0,0.0,-0.06130772829055786,-0.016834735870361328,-0.011690641431442828,-0.10296750068664551,-0.07819923758506775,-0.014545836163989634,-0.11114460229873657,-0.14370286464691162,-0.01957305954240951,-0.1073262095451355,-0.18996289372444153,-0.022258498383990855,-0.07250893115997314,-0.13629668951034546,0.009156949208744436,-0.07935464382171631,-0.18292692303657532,-0.015864294631711573,-0.07480472326278687,-0.13676482439041138,-0.0323336707934061,-0.0679095983505249,-0.09597614407539368,-0.0391097875817934,-0.03890120983123779,-0.13819390535354614,0.00392625745914188,-0.046099722385406494,-0.18732962012290955,-0.02544762441360149,-0.043737590312957764,-0.12511545419692993,-0.03623562925898227,-0.03938370943069458,-0.07775229215621948,-0.03468926125609073,-0.005875229835510254,-0.13460713624954224,-0.00588765195973906,-0.01359713077545166,-0.1803247630596161,-0.034781581400267214,-0.015772700309753418,-0.11569234728813171,-0.030352965606681437,-0.015568912029266357,-0.0712997317314148,-0.018112932009927363,0.028588950634002686,-0.12495249509811401,-0.016836926950446696,0.01923239231109619,-0.15371963381767273,-0.035907989977232546,0.014156758785247803,-0.10626018047332764,-0.029544354094497294,0.012988150119781494,-0.07279032468795776,-0.01880398826145324
0.0,0.0,0.0,-0.051244139671325684,-0.0639723539352417,-0.014082015869632869,-0.06909322738647461,-0.15341928601264954,-0.01921615042300573,-0.06324625015258789,-0.21880701184272766,-0.02440622114153257,-0.050735414028167725,-0.2682299017906189,-0.02562801018865457,0.016473114490509033,-0.22442245483398438,0.0037525294763440797,-0.0334630012512207,-0.2446211874485016,-0.02085446045310846,-0.04633218050003052,-0.18834859132766724,-0.038384106387809425,-0.04124891757965088,-0.14924925565719604,-0.04699554704637876,0.04506993293762207,-0.2055709958076477,0.00021442925282144643,-0.013874232769012451,-0.2203417420387268,-0.02267151177437654,-0.028027355670928955,-0.1625743806362152,-0.029579421882942825,-0.027585327625274658,-0.1253114938735962,-0.029102370520547538,0.06351470947265625,-0.1745973527431488,-0.007930986960843711,0.0038230419158935547,-0.1814509630203247,-0.03163158931346288,-0.009793400764465332,-0.12335735559463501,-0.025425929953769355,-0.00999230146408081,-0.08743607997894287,-0.015308588189498096,0.07391595840454102,-0.1337001919746399,-0.018129200120881706,0.020892739295959473,-0.13519856333732605,-0.036005285014823585,0.006736099720001221,-0.09331804513931274,-0.03228205480189672,0.007790088653564453,-0.06706613302230835,-0.023824116592720657
0.0,0.0,0.0,-0.05019325017929077,-0.028823912143707275,-0.02659590130647871,-0.08550065755844116,-0.10154882073402405,-0.038109922390191286,-0.08639907836914062,-0.17237785458564758,-0.04760315788885805,-0.06657576560974121,-0.22043702006340027,-0.05265825388929102,-0.04618102312088013,-0.16241973638534546,-0.011636020224301546,-0.03689837455749512,-0.20393243432044983,-0.04256039259931299,-0.04072088003158569,-0.15400171279907227,-0.060722751151530474,-0.043123602867126465,-0.11258301138877869,-0.06855303568741533,-0.01140207052230835,-0.15402314066886902,-0.011242860536782473,-0.0009461045265197754,-0.20335835218429565,-0.047514644991366595,-0.011342525482177734,-0.1367732584476471,-0.0578864864816353,-0.018730878829956055,-0.08851641416549683,-0.055107226203887194,0.019785940647125244,-0.13773113489151,-0.016121459733454913,0.033933162689208984,-0.17623460292816162,-0.052306534331052035,0.017360389232635498,-0.11112067103385925,-0.04672519264718744,0.0036399364471435547,-0.06891834735870361,-0.032104068975655764,0.048492431640625,-0.11439937353134155,-0.022896015625207156,0.054879069328308105,-0.14088097214698792,-0.04650724081298563,0.040127575397491455,-0.09527972340583801,-0.04006524531146738,0.02755141258239746,-0.06591635942459106,-0.02832411749264452
0.0,0.0,0.0,-0.060260772705078125,-0.01883000135421753,-0.01765855769241398,-0.11506319046020508,-0.07513758540153503,-0.0252857245000655,-0.13952535390853882,-0.14205226302146912,-0.03404835234010761,-0.13113445043563843,-0.19671601057052612,-0.03900315607512539,-0.09331578016281128,-0.14550736546516418,0.0054783304726129245,-0.10034865140914917,-0.19733867049217224,-0.023728903332596474,-0.08789396286010742,-0.14956265687942505,-0.04309880728447979,-0.07740271091461182,-0.10584783554077148,-0.051357671568041496,-0.05914729833602905,-0.1517111361026764,0.002228510849306531,-0.06598109006881714,-0.20446568727493286,-0.03226703027809208,-0.05418521165847778,-0.13904604315757751,-0.044964749315624886,-0.04696780443191528,-0.08654266595840454,-0.04366343835914677,-0.026445746421813965,-0.15075898170471191,-0.006113383402919226,-0.029408037662506104,-0.19713997840881348,-0.040190957436209374,-0.023964881896972656,-0.1277252435684204,-0.03514904896343296,-0.023490965366363525,-0.07640790939331055,-0.020846303501969032,0.005457699298858643,-0.14114108681678772,-0.015930732661729508,0.0028259754180908203,-0.1690942645072937,-0.0384470335635001,0.003392457962036133,-0.11715874075889587,-0.03167209769213741,0.0013953447341918945,-0.07902196049690247,-0.019367067092900925
0.0,0.0,0.0,-0.06082886457443237,-0.010256409645080566,-0.02009688763723716,-0.11739492416381836,-0.06263995170593262,-0.028802239138940422,-0.14363527297973633,-0.1278856098651886,-0.03804951234565124,-0.14404696226119995,-0.18458658456802368,-0.04364366530285224,-0.0992276668548584,-0.13957777619361877,0.0009375459273996967,-0.10919845104217529,-0.18078434467315674,-0.029846849654177277,-0.09507185220718384,-0.13339516520500183,-0.04984776749120101,-0.08184611797332764,-0.09266161918640137,-0.058553089190581886,-0.06499224901199341,-0.14974543452262878,-0.0019659209422115964,-0.07734954357147217,-0.1983719766139984,-0.03823206274614677,-0.06339281797409058,-0.13184088468551636,-0.05060042141781196,-0.05017673969268799,-0.08068272471427917,-0.04847973658547744,-0.030510008335113525,-0.15032261610031128,-0.010191282991627304,-0.036512911319732666,-0.19085875153541565,-0.04667069463835105,-0.029940247535705566,-0.11938312649726868,-0.04258657692776069,-0.024946928024291992,-0.06813788414001465,-0.028007072199443428,0.004481375217437744,-0.14201152324676514,-0.019922171522239296,-0.0027028322219848633,-0.16696467995643616,-0.04419739245281562,-0.0015932917594909668,-0.11454790830612183,-0.03833111821518287,-0.00024884939193725586,-0.07642295956611633,-0.02618606461987838
0.0,0.0,0.0,-0.05750679969787598,-0.036776185035705566,-0.01661450781634244,-0.09429341554641724,-0.10986179113388062,-0.022952672026661958,-0.10133618116378784,-0.182306170463562,-0.03089004562011155,-0.0924985408782959,-0.2347750961780548,-0.0352478827606717,-0.06091117858886719,-0.16385573148727417,0.0057562329549512015,-0.05968886613845825,-0.2202540636062622,-0.023774295977858628,-0.0563579797744751,-0.17655465006828308,-0.04378704161157998,-0.05277949571609497,-0.13174447417259216,-0.05267015651574525,-0.025433897972106934,-0.15750271081924438,0.0013021381547844157,-0.024458229541778564,-0.21824437379837036,-0.03275061950793656,-0.02702033519744873,-0.1566726565361023,-0.04525275707950982,-0.02799326181411743,-0.10204416513442993,-0.04448150277843865,0.008250176906585693,-0.14281994104385376,-0.008479471250979032,0.010419189929962158,-0.19529509544372559,-0.041209721870330895,0.0006888508796691895,-0.13082540035247803,-0.03628979430308732,-0.006859719753265381,-0.08025926351547241,-0.022932048819569673,0.04157590866088867,-0.1200205385684967,-0.019955506480840768,0.04145759344100952,-0.15428760647773743,-0.04139148623457345,0.02868407964706421,-0.1098291277885437,-0.0350432190369645,0.018818438053131104,-0.07307910919189453,-0.023969691179303254
0.0,0.0,0.0,-0.04954850673675537,-0.05035132169723511,-0.011323632281175833,-0.07307600975036621,-0.13685950636863708,-0.015924992579869013,-0.0684085488319397,-0.20672732591629028,-0.02241734469299672,-0.0533069372177124,-0.2582014799118042,-0.026071085203341227,-0.019969046115875244,-0.20058771967887878,0.007011093590506334,-0.030161499977111816,-0.24358421564102173,-0.01700854169195054,-0.041445791721343994,-0.19603872299194336,-0.034007981959632616,-0.04691094160079956,-0.14791715145111084,-0.041571956667951326,0.013096392154693604,-0.18696355819702148,0.002272726427861471,-0.0037778615951538086,-0.23047423362731934,-0.022050912100723963,-0.017048954963684082,-0.17468154430389404,-0.03138393962746022,-0.02329385280609131,-0.1220657229423523,-0.031085786018422823,0.0430912971496582,-0.16419607400894165,-0.006819821037254314,0.023591458797454834,-0.2003282606601715,-0.03291982466345189,0.007189631462097168,-0.14313021302223206,-0.02919956536953805,-0.0020662546157836914,-0.0936582088470459,-0.019209648091248255,0.07055056095123291,-0.13255563378334045,-0.01703392209475396,0.04275792837142944,-0.15769711136817932,-0.0370178786850488,0.023544251918792725,-0.11416280269622803,-0.03263750726347325,0.014482975006103516,-0.07553508877754211,-0.023540529031208735
0.0,0.0,0.0,-0.05460327863693237,-0.02256488800048828,-0.0003833245834243826,-0.08586949110031128,-0.07146525382995605,0.001803987502455584,-0.08955574035644531,-0.1260925829410553,-0.001369147020056971,-0.085787832736969,-0.1664583683013916,-0.003864855662584432,-0.05104398727416992,-0.12425020337104797,0.02813365411140012,-0.060807108879089355,-0.16865485906600952,0.013545179815366737,-0.06396746635437012,-0.1362815499305725,0.000629038567524276,-0.060958147048950195,-0.09825748205184937,-0.005115555989220866,-0.025377094745635986,-0.1291276514530182,0.02006703157104539,-0.03566008806228638,-0.18115216493606567,0.0024019198784230866,-0.04114574193954468,-0.13321635127067566,-0.008798920473680027,-0.037652552127838135,-0.08617100119590759,-0.00966212797783328,0.003987610340118408,-0.1274830400943756,0.00853800129272031,-0.009703874588012695,-0.18111315369606018,-0.012682699522599705,-0.015722453594207764,-0.12569862604141235,-0.012315200565979012,-0.012302398681640625,-0.07655680179595947,-0.003987765329554804,0.037222206592559814,-0.1174839437007904,-0.0030754571022839627,0.016778647899627686,-0.15309372544288635,-0.018927427864298352,0.006956696510314941,-0.11381959915161133,-0.014460534712895878,0.00795358419418335,-0.07462409138679504,-0.005476360599175223
0.0,0.0,0.0,-0.04580032825469971,-0.05880594253540039,-0.015915984100388414,-0.057738423347473145,-0.15435636043548584,-0.021443541905568964,-0.04019057750701904,-0.22457417845726013,-0.02822373602418793,-0.023522615432739258,-0.27734375,-0.031619742325233346,-0.005766153335571289,-0.20645809173583984,0.0023788914096485314,0.0008995532989501953,-0.2530728280544281,-0.025509686953114397,-0.013258516788482666,-0.20297589898109436,-0.043196949920343286,-0.0247955322265625,-0.1549195647239685,-0.050183977744268304,0.02807438373565674,-0.18243318796157837,-0.0018863573658336463,0.032860636711120605,-0.23407718539237976,-0.031139621323632127,0.009761273860931396,-0.17499804496765137,-0.040474783441709405,-0.005950748920440674,-0.1241106390953064,-0.03812758978335751,0.05685633420944214,-0.14908885955810547,-0.011133114619838125,0.05825227499008179,-0.19202741980552673,-0.04211101662247074,0.02915942668914795,-0.13199520111083984,-0.03708795811860455,0.010551810264587402,-0.08635145425796509,-0.02401991356043709,0.08293795585632324,-0.10714900493621826,-0.021603220886277086,0.0719788670539856,-0.13771620392799377,-0.04390979912011517,0.045480430126190186,-0.09686866402626038,-0.037937879374908334,0.029824554920196533,-0.06400388479232788,-0.02658276054887665
0.0,0.0,0.0,-0.047451674938201904,-0.04774665832519531,-0.024522457644707174,-0.06717830896377563,-0.13691067695617676,-0.03317778594828269,-0.05586475133895874,-0.20704585313796997,-0.04043891318178794,-0.036308228969573975,-0.25636380910873413,-0.04338325597382209,-0.01304471492767334,-0.21160888671875,-0.005634833500153036,-0.010215342044830322,-0.22154587507247925,-0.03923950381613395,-0.01941758394241333,-0.16616997122764587,-0.061074957624441595,-0.02722299098968506,-0.12631401419639587,-0.07112097032404563,0.026650428771972656,-0.19663241505622864,-0.006068704091376276,0.02907019853591919,-0.2024816870689392,-0.041642547026640386,0.007578790187835693,-0.13747429847717285,-0.05335063897109649,-0.007014214992523193,-0.09701752662658691,-0.05187568478322646,0.05939728021621704,-0.16882500052452087,-0.012544146180516691,0.05694282054901123,-0.150823712348938,-0.0480739701542916,0.02788013219833374,-0.09245863556861877,-0.04507491402364394,0.00804370641708374,-0.06259685754776001,-0.03294975347853324,0.08677071332931519,-0.13166174292564392,-0.02136530578172824,0.08096522092819214,-0.11583226919174194,-0.04509596563912055,0.05399900674819946,-0.07298445701599121,-0.0411314632747235,0.03475522994995117,-0.05352973937988281,-0.030916612968212576
0.0,0.0,0.0,-0.06182926893234253,-0.028675079345703125,-0.01763288369733118,-0.11084693670272827,-0.09804093837738037,-0.024522295876920452,-0.13103997707366943,-0.17226389050483704,-0.03291373206633352,-0.1281740665435791,-0.23101723194122314,-0.03760690121310972,-0.08576899766921997,-0.15853652358055115,0.006727588173419008,-0.09370720386505127,-0.21971780061721802,-0.023752958237707844,-0.08325821161270142,-0.17522552609443665,-0.04408029718655371,-0.07352858781814575,-0.12999704480171204,-0.05280027790325903,-0.0490078330039978,-0.16128674149513245,0.002167268466621408,-0.055069148540496826,-0.22919097542762756,-0.0321212994899156,-0.05014348030090332,-0.1653808355331421,-0.04456167547363066,-0.04486513137817383,-0.11225852370262146,-0.04305100320237898,-0.013457179069519043,-0.1537792682647705,-0.007964617296636334,-0.018413007259368896,-0.21014168858528137,-0.04175477726715826,-0.019893765449523926,-0.14085453748703003,-0.036680324658334484,-0.020199596881866455,-0.09089940786361694,-0.022437841355383625,0.022063076496124268,-0.1376909613609314,-0.019704173042953244,0.013196110725402832,-0.16773027181625366,-0.04097742094057821,0.00862574577331543,-0.11983397603034973,-0.0337576295282247,0.008234918117523193,-0.0859498381614685,-0.021662699713886013
0.0,0.0,0.0,-0.054074645042419434,-0.021792739629745483,-0.013772657667971089,-0.10688537359237671,-0.08451509475708008,-0.01862344943521066,-0.1288812756538391,-0.15102827548980713,-0.025404472430921032,-0.1338067650794983,-0.20599740743637085,-0.029835491036749318,-0.08378231525421143,-0.1693287193775177,0.008779257940375373,-0.09776514768600464,-0.20398908853530884,-0.016316740369177296,-0.10317856073379517,-0.16727641224861145,-0.03465251863536878,-0.10358721017837524,-0.1397058069705963,-0.04403972864685102,-0.050325870513916016,-0.17573979496955872,0.004239730941378639,-0.06202101707458496,-0.20570483803749084,-0.01872698642847581,-0.06467050313949585,-0.1595728099346161,-0.028850582023835614,-0.06377571821212769,-0.13363513350486755,-0.030950017800307705,-0.015484929084777832,-0.16916275024414062,-0.005365606458610728,-0.028545856475830078,-0.18984976410865784,-0.028997371500111058,-0.030543863773345947,-0.13804659247398376,-0.02375425451037927,-0.02964848279953003,-0.11164426803588867,-0.014725064454353287,0.01953446865081787,-0.15287655591964722,-0.01665476948556943,0.0027660727500915527,-0.17287948727607727,-0.03064615890917821,-0.0024926066398620605,-0.13188251852989197,-0.022311589276171162,-0.002360999584197998,-0.10722389817237854,-0.012263143030679657
0.0,0.0,0.0,-0.062438905239105225,-0.024995267391204834,-0.012630608888969164,-0.11730220913887024,-0.08888465166091919,-0.020247491101429205,-0.14136475324630737,-0.1588154435157776,-0.029916264141604643,-0.13995519280433655,-0.21824538707733154,-0.03654149177174304,-0.08418434858322144,-0.17159733176231384,0.0030635324989702895,-0.09690040349960327,-0.2116808295249939,-0.026687225351736288,-0.09021979570388794,-0.15874642133712769,-0.0464486591766331,-0.08106309175491333,-0.1069607138633728,-0.054335989082858305,-0.04714137315750122,-0.17213836312294006,-0.0029275829686525867,-0.06437063217163086,-0.21920561790466309,-0.03472874688605998,-0.060970425605773926,-0.15527966618537903,-0.046024117643639784,-0.05253344774246216,-0.09402745962142944,-0.044054690773293714,-0.009141266345977783,-0.16252952814102173,-0.013166367101177912,-0.02549111843109131,-0.19469845294952393,-0.04499832170705531,-0.02553468942642212,-0.1258508861064911,-0.03996018695335124,-0.021520137786865234,-0.07044440507888794,-0.025856863732144575,0.028554320335388184,-0.14442619681358337,-0.02421435157458518,0.009914577007293701,-0.1673678755760193,-0.04484302553038333,0.005058467388153076,-0.11301514506340027,-0.036543563033148985,0.0057950615882873535,-0.06932926177978516,-0.0231748894105408
0.0,0.0,0.0,-0.055693209171295166,-0.022942841053009033,-0.014387187549459668,-0.1005905270576477,-0.10613858699798584,-0.02022353373615715,-0.10893052816390991,-0.18452328443527222,-0.02711593173592064,-0.09540414810180664,-0.23643839359283447,-0.03119446337370846,-0.05971556901931763,-0.182916522026062,-0.003969392740714284,-0.060973405838012695,-0.23123317956924438,-0.032287802548694344,-0.0632215142250061,-0.17575013637542725,-0.05022708326725933,-0.061824679374694824,-0.12486284971237183,-0.057731688024091454,-0.02323979139328003,-0.1754339337348938,-0.008566556499886246,-0.02610999345779419,-0.22553545236587524,-0.03938911110310528,-0.032455623149871826,-0.15448057651519775,-0.04804818332343075,-0.03203392028808594,-0.09780210256576538,-0.045206785203504296,0.012172102928161621,-0.1575552225112915,-0.017131827773141595,0.005124509334564209,-0.19825172424316406,-0.04712925851492855,-0.003951311111450195,-0.13050788640975952,-0.03985806182174656,-0.005938887596130371,-0.07976680994033813,-0.02603982575385544,0.04607504606246948,-0.13292568922042847,-0.026796363295602532,0.03555017709732056,-0.16655993461608887,-0.04632933810501072,0.023362159729003906,-0.11571836471557617,-0.037669867278623315,0.01868295669555664,-0.07590460777282715,-0.02533532865493271
0.0,0.0,0.0,-0.05381035804748535,-0.0480533242225647,-0.022460979368361222,-0.07829469442367554,-0.14768141508102417,-0.028953027870329606,-0.07615673542022705,-0.22843396663665771,-0.03671651795116304,-0.06750881671905518,-0.28475409746170044,-0.036822495009573686,-0.0321996808052063,-0.2090499997138977,0.00338474525528909,-0.03314322233200073,-0.2760549783706665,-0.029979149769815194,-0.043378591537475586,-0.21202760934829712,-0.03943114816752313,-0.04129326343536377,-0.1836923360824585,-0.03926827847567438,0.0029581785202026367,-0.19225424528121948,0.0011001859504631284,-0.005149185657501221,-0.2300034761428833,-0.03217667430249094,-0.021012842655181885,-0.15262705087661743,-0.029253090690644967,-0.010411262512207031,-0.1540813446044922,-0.017419221769841897,0.0362623929977417,-0.16501671075820923,-0.009567319374355066,0.02670961618423462,-0.19246792793273926,-0.043588579591187226,0.00812983512878418,-0.12273824214935303,-0.026332654949101197,0.01899033784866333,-0.12672632932662964,-0.005417528986754405,0.06841987371444702,-0.13525032997131348,-0.02304944112506746,0.05421990156173706,-0.15349000692367554,-0.0380719834527099,0.03650552034378052,-0.10813069343566895,-0.02446678928640722,0.04663681983947754,-0.10564374923706055,-0.009442297700616109
0.0,0.0,0.0,-0.05714517831802368,-0.046645164489746094,-0.015456909115130202,-0.0926128625869751,-0.13342618942260742,-0.023339416633064047,-0.09566766023635864,-0.2111554741859436,-0.03287775794666459,-0.08793282508850098,-0.2718026041984558,-0.03843589852255036,-0.05450582504272461,-0.2041947841644287,-0.0006788601509128966,-0.055184900760650635,-0.26977992057800293,-0.03230066205065896,-0.054023146629333496,-0.220611572265625,-0.05116773376863648,-0.05373203754425049,-0.16798275709152222,-0.05827655995886971,-0.014562726020812988,-0.19189554452896118,-0.0062812951269393125,-0.017404794692993164,-0.24188566207885742,-0.03948119635384728,-0.023649752140045166,-0.17039728164672852,-0.04854700321953942,-0.02758127450942993,-0.11787450313568115,-0.04597124810021569,0.02211630344390869,-0.16931146383285522,-0.017079878399783865,0.019411563873291016,-0.21181142330169678,-0.050548698554450766,0.005278885364532471,-0.13938289880752563,-0.04380395988624741,-0.003783106803894043,-0.09159648418426514,-0.029670191730076567,0.05842411518096924,-0.13819342851638794,-0.029118755633646742,0.04861408472061157,-0.16653329133987427,-0.05164305473368813,0.03043907880783081,-0.11447781324386597,-0.04437952841323067,0.019650757312774658,-0.07939517498016357,-0.032377689878160254
0.0,0.0,0.0,-0.06056910753250122,-0.05382096767425537,-0.01273327621026965,-0.09420573711395264,-0.13760483264923096,-0.01775035282923909,-0.09491997957229614,-0.21140706539154053,-0.025305301159164628,-0.0877959132194519,-0.26560503244400024,-0.02939724756731721,-0.05485290288925171,-0.19427591562271118,0.0075282880817439946,-0.055775344371795654,-0.24796494841575623,-0.021537870376846513,-0.05503350496292114,-0.1965489387512207,-0.04102860039427014,-0.05360835790634155,-0.14895129203796387,-0.049146753012678346,-0.017619788646697998,-0.1830102801322937,0.0012275491855007203,-0.019809365272521973,-0.23617959022521973,-0.030892009123704156,-0.024502098560333252,-0.1725521683692932,-0.04278711622907849,-0.026915252208709717,-0.11897289752960205,-0.04199495187356206,0.01717376708984375,-0.16379135847091675,-0.00995385388239356,0.016812384128570557,-0.20805728435516357,-0.04132142683818074,0.004317641258239746,-0.14192461967468262,-0.036212250798485,-0.0048291683197021484,-0.09098738431930542,-0.023055756672761163,0.050338923931121826,-0.13582414388656616,-0.0224729275549862,0.047609686851501465,-0.1654733419418335,-0.04334648719384404,0.032279014587402344,-0.11796271800994873,-0.03627873977973195,0.021598637104034424,-0.07994258403778076,-0.024383273183843812
0.0,0.0,0.0,-0.05898153781890869,-0.055431246757507324,-0.01191344063147426,-0.08808106184005737,-0.14543050527572632,-0.015379464695001843,-0.08556580543518066,-0.21784961223602295,-0.021395730295921567,-0.07555180788040161,-0.27163973450660706,-0.024293130704904797,-0.041008710861206055,-0.19214791059494019,0.007495410764818189,-0.04537475109100342,-0.24074134230613708,-0.016839705848838094,-0.05073583126068115,-0.1859714388847351,-0.03229941658094049,-0.054072797298431396,-0.13549458980560303,-0.03837583071901918,-0.0036101341247558594,-0.18025201559066772,0.0026387935748743985,-0.011966407299041748,-0.2172577977180481,-0.02514872930362344,-0.019423067569732666,-0.1506367325782776,-0.034083294192100766,-0.02408391237258911,-0.09604161977767944,-0.03252446881845117,0.03140050172805786,-0.16076701879501343,-0.006814703786517384,0.02201855182647705,-0.1962330937385559,-0.03477473042323709,0.00929570198059082,-0.12998467683792114,-0.02862305610790372,-0.00016164779663085938,-0.07731837034225464,-0.015980193832660916,0.06532031297683716,-0.13346123695373535,-0.0174627550633204,0.0549282431602478,-0.16082537174224854,-0.03726120523526788,0.037631988525390625,-0.1128571629524231,-0.03020171678974748,0.025664925575256348,-0.07310616970062256,-0.018783946031476262
0.0,0.0,0.0,-0.05867910385131836,-0.053255319595336914,-0.014318516707078288,-0.08841890096664429,-0.144666850566864,-0.019294999768987964,-0.08572942018508911,-0.21844035387039185,-0.02609836705590851,-0.07900822162628174,-0.27465131878852844,-0.029847197463766406,-0.04199177026748657,-0.19173097610473633,0.0013827198454805512,-0.04877603054046631,-0.2374761700630188,-0.02652164571549065,-0.05338561534881592,-0.18049609661102295,-0.043311462035433124,-0.05532848834991455,-0.1289852261543274,-0.049623221388117145,-0.0038208961486816406,-0.17941784858703613,-0.0033420422077483636,-0.01452714204788208,-0.21979916095733643,-0.035629872461811374,-0.022755801677703857,-0.15207797288894653,-0.04565542214180596,-0.026832163333892822,-0.09646064043045044,-0.04361665271784432,0.0318179726600647,-0.1596388816833496,-0.012650649292424987,0.020470082759857178,-0.18878871202468872,-0.045324962815300296,0.007707715034484863,-0.11861872673034668,-0.039681971302286456,-0.0009911656379699707,-0.06699573993682861,-0.025703300019756625,0.06621628999710083,-0.13262277841567993,-0.02304510981406338,0.05324310064315796,-0.15681904554367065,-0.04474421986009247,0.036753058433532715,-0.1063658595085144,-0.03715486847426064,0.02661377191543579,-0.06775546073913574,-0.02466799341704018
0.0,0.0,0.0,-0.056428492069244385,-0.05482339859008789,-0.01389510824418494,-0.08781373500823975,-0.1437000036239624,-0.01932226761317679,-0.08731633424758911,-0.21899259090423584,-0.02720067172384688,-0.07849013805389404,-0.27707988023757935,-0.03203701309001872,-0.04202932119369507,-0.1933848261833191,0.00560256804266146,-0.04568439722061157,-0.24296042323112488,-0.021818662873272388,-0.050862669944763184,-0.19081997871398926,-0.039234110033874,-0.05535149574279785,-0.13916385173797607,-0.045900911903743236,-0.005064427852630615,-0.18116480112075806,0.001037522921535583,-0.013248682022094727,-0.22389531135559082,-0.029295571959380595,-0.020446062088012695,-0.15894609689712524,-0.040053264117602794,-0.02560800313949585,-0.10224157571792603,-0.038945958829287974,0.030333280563354492,-0.16188329458236694,-0.00839874601996371,0.021563589572906494,-0.1945493221282959,-0.03963166556394526,0.009733259677886963,-0.1281026005744934,-0.03552868670857379,0.00029212236404418945,-0.07457870244979858,-0.022854405334953753,0.06542688608169556,-0.13539457321166992,-0.01893438293672034,0.05525487661361694,-0.16569536924362183,-0.039929882502917735,0.03893834352493286,-0.1189085841178894,-0.03330641693509051,0.026984810829162598,-0.07822078466415405,-0.021612365609769313
0.0,0.0,0.0,-0.05634528398513794,-0.056649863719940186,-0.01547874259136961,-0.08667212724685669,-0.1449565291404724,-0.02210938679360197,-0.08549165725708008,-0.22055292129516602,-0.030597475639808636,-0.075023353099823,-0.27790993452072144,-0.0354022637971525,-0.04330134391784668,-0.2017955780029297,0.0035339856489713384,-0.04309868812561035,-0.25239747762680054,-0.025038047976124744,-0.04743915796279907,-0.19726890325546265,-0.04297651285611437,-0.05065715312957764,-0.14668095111846924,-0.05005534673415468,-0.0054762959480285645,-0.18733316659927368,-0.00091288965501235,-0.007928073406219482,-0.23213273286819458,-0.032106935329068165,-0.016192317008972168,-0.16354858875274658,-0.042002599037516575,-0.021645843982696533,-0.10797220468521118,-0.04014513576709078,0.029471635818481445,-0.1645888090133667,-0.01035966100477026,0.02847743034362793,-0.20295655727386475,-0.04148095781289385,0.013522982597351074,-0.13490670919418335,-0.035372070319283466,0.002364814281463623,-0.08209121227264404,-0.021661932862627964,0.06291091442108154,-0.1333383321762085,-0.021205204821455936,0.05745387077331543,-0.16056311130523682,-0.04238585317813204,0.040148258209228516,-0.11231529712677002,-0.03529419685088442,0.028086364269256592,-0.07350152730941772,-0.02326614717327402
0.0,0.0,0.0,-0.05907517671585083,-0.040205419063568115,-0.016226405401596367,-0.09900134801864624,-0.125421941280365,-0.021922074382075607,-0.10498553514480591,-0.20194941759109497,-0.029119622086057007,-0.09753572940826416,-0.25694671273231506,-0.03222158004797393,-0.05583900213241577,-0.2001950740814209,0.003255348063191832,-0.06111651659011841,-0.24862995743751526,-0.026001941536435424,-0.06248438358306885,-0.18975692987442017,-0.04392532085336143,-0.060573458671569824,-0.13995033502578735,-0.051090704400905906,-0.017549455165863037,-0.18976789712905884,-0.0010371499302550546,-0.0268440842628479,-0.23366621136665344,-0.03350568388856345,-0.0315207839012146,-0.16191858053207397,-0.04315003951347762,-0.03119218349456787,-0.10983264446258545,-0.04046873946941787,0.017872214317321777,-0.1701270341873169,-0.010568722274967968,0.010799586772918701,-0.20260488986968994,-0.043360384304889976,-0.0007987618446350098,-0.1306590437889099,-0.03734557529247695,-0.007562160491943359,-0.0825585126876831,-0.023211518426307975,0.0524638295173645,-0.14223712682724,-0.02155753051198417,0.04243236780166626,-0.16254276037216187,-0.04339266022003585,0.026833176612854004,-0.11079961061477661,-0.03686773603118354,0.01782834529876709,-0.07560700178146362,-0.025150591631302177
0.0,0.0,0.0,-0.05671489238739014,-0.047634005546569824,-0.014668646846246247,-0.09165030717849731,-0.13411641120910645,-0.020902336221467976,-0.0942453145980835,-0.20849037170410156,-0.029015461560618405,-0.08362334966659546,-0.2637525498867035,-0.03375941572738839,-0.04686307907104492,-0.19349801540374756,0.0016685564813201381,-0.051812589168548584,-0.24192214012145996,-0.026735893097054486,-0.054974913597106934,-0.1861567497253418,-0.04438930807663155,-0.05556708574295044,-0.13563817739486694,-0.05131444392753792,-0.009298205375671387,-0.181662917137146,-0.0032267422604377316,-0.017401695251464844,-0.229383647441864,-0.03439913375331116,-0.023809075355529785,-0.1628633737564087,-0.04420603124452782,-0.026239454746246338,-0.10646343231201172,-0.04195478616310311,0.026287615299224854,-0.16135376691818237,-0.012810588460695271,0.019501030445098877,-0.19753658771514893,-0.04447411058498574,0.0072893500328063965,-0.1291438341140747,-0.03869981003953171,-0.0010133981704711914,-0.07705122232437134,-0.024728900399338727,0.06107306480407715,-0.13334012031555176,-0.023551600631606107,0.05193847417831421,-0.1642904281616211,-0.0443727193589325,0.03576081991195679,-0.11557519435882568,-0.03655283210827065,0.025410771369934082,-0.07569116353988647,-0.02399402355803204
0.0,0.0,0.0,-0.058043062686920166,-0.04217022657394409,-0.018303048904783736,-0.0929039716720581,-0.1292673945426941,-0.026253315727956306,-0.0928264856338501,-0.20346999168395996,-0.03426073036695243,-0.08042645454406738,-0.25727033615112305,-0.03861880220080138,-0.04877269268035889,-0.1858980655670166,-0.008819053057379733,-0.05063360929489136,-0.22462385892868042,-0.038502636473424445,-0.053968846797943115,-0.16671383380889893,-0.05517703957463027,-0.05531996488571167,-0.116024911403656,-0.06134694359803916,-0.009299755096435547,-0.17801910638809204,-0.012165488783068668,-0.01607370376586914,-0.2202189564704895,-0.0473172321131301,-0.022290050983428955,-0.15169620513916016,-0.05701884917522193,-0.025024831295013428,-0.09233224391937256,-0.0536736167182994,0.0274849534034729,-0.16146135330200195,-0.01969379476810218,0.021475374698638916,-0.18111705780029297,-0.05458820156360389,0.010387659072875977,-0.11078667640686035,-0.04889586485529662,0.0007335543632507324,-0.05843836069107056,-0.034189320277221213,0.06122785806655884,-0.13791769742965698,-0.028437423627622138,0.0538860559463501,-0.15390610694885254,-0.051348066996581565,0.038780927658081055,-0.10161179304122925,-0.043888385515458594,0.02705526351928711,-0.06205481290817261,-0.031138678189165603
0.0,0.0,0.0,-0.0573192834854126,-0.04547208547592163,-0.016619347125811146,-0.0933455228805542,-0.13017994165420532,-0.02306772218696551,-0.09543925523757935,-0.20360314846038818,-0.03039274001173453,-0.0853007435798645,-0.2586902976036072,-0.034304503441376255,-0.04922962188720703,-0.1847096085548401,-0.0021727502779640417,-0.05342072248458862,-0.22529935836791992,-0.02913074576906638,-0.055963099002838135,-0.17042285203933716,-0.04443291211180167,-0.05729550123214722,-0.12000477313995361,-0.049786921680492924,-0.010784268379211426,-0.17680948972702026,-0.0052292915960379105,-0.019770562648773193,-0.21634680032730103,-0.03767104455880599,-0.024345219135284424,-0.14965814352035522,-0.04783058920554595,-0.026323795318603516,-0.09260565042495728,-0.04550262549571471,0.025442123413085938,-0.16169297695159912,-0.012527285233659313,0.016560673713684082,-0.18611502647399902,-0.0464084894364305,0.00764542818069458,-0.11644691228866577,-0.04180677616648154,-6.347894668579102e-05,-0.0632360577583313,-0.027909034953040646,0.059248924255371094,-0.13956761360168457,-0.020856756806892918,0.050161004066467285,-0.16116702556610107,-0.04452402526192145,0.03682297468185425,-0.10951811075210571,-0.03812584662489371,0.026716291904449463,-0.06835424900054932,-0.02588093662313895
0.0,0.0,0.0,-0.05728340148925781,-0.0511326789855957,-0.015011500550485835,-0.09347963333129883,-0.13691890239715576,-0.020236092602885947,-0.09790360927581787,-0.21072262525558472,-0.02750551419524072,-0.08772790431976318,-0.26723265647888184,-0.031867844035900816,-0.04960387945175171,-0.18675976991653442,0.0055159423667419105,-0.056413114070892334,-0.22613665461540222,-0.022321077978290305,-0.05872434377670288,-0.1709008812904358,-0.039876510372437224,-0.05979657173156738,-0.1202804446220398,-0.046570853313482985,-0.011197924613952637,-0.17851150035858154,0.0018934937128278762,-0.022123992443084717,-0.2156950831413269,-0.03059767464367269,-0.026946842670440674,-0.14819520711898804,-0.04167909639147638,-0.028753221035003662,-0.0918474793434143,-0.03994782360462068,0.025297224521636963,-0.163446843624115,-0.006670835876889214,0.013965368270874023,-0.1913195252418518,-0.04039268659619211,0.004560112953186035,-0.12194931507110596,-0.036413148960150465,-0.002377629280090332,-0.06802690029144287,-0.02275244983104585,0.05990868806838989,-0.14171171188354492,-0.016317223181999907,0.04858708381652832,-0.16597843170166016,-0.0390576841142547,0.03506964445114136,-0.11573880910873413,-0.03273879083064912,0.025828123092651367,-0.07491576671600342,-0.020622611960448012
0.0,0.0,0.0,-0.05611759424209595,-0.04927021265029907,-0.015526618768035405,-0.09176337718963623,-0.13467997312545776,-0.02169930837726497,-0.09576702117919922,-0.20848774909973145,-0.029343082529067033,-0.08560782670974731,-0.2646652162075043,-0.034094979014753335,-0.04759228229522705,-0.1865503191947937,0.0003772559398385056,-0.05573403835296631,-0.22386085987091064,-0.027662041556595796,-0.0569227933883667,-0.16842663288116455,-0.04484122335588836,-0.05655032396316528,-0.11839413642883301,-0.051317647990344994,-0.00978177785873413,-0.17811214923858643,-0.003232304199173086,-0.021930575370788574,-0.21400654315948486,-0.035611824092029565,-0.024756014347076416,-0.14661002159118652,-0.0461080902782669,-0.025152921676635742,-0.08927768468856812,-0.0441096657482376,0.026288151741027832,-0.16306889057159424,-0.01131412848508262,0.014352977275848389,-0.18611067533493042,-0.04513552128946685,0.0066797733306884766,-0.11579626798629761,-0.04046392902409934,0.00041937828063964844,-0.06073486804962158,-0.026428253349422448,0.05985903739929199,-0.14128541946411133,-0.020484437194227212,0.04825252294540405,-0.16133606433868408,-0.043975357857107156,0.03530693054199219,-0.10857880115509033,-0.03737202748334312,0.026275932788848877,-0.06527864933013916,-0.024862085428594582
0.0,0.0,0.0,-0.049840688705444336,-0.043113648891448975,-0.012550278418643757,-0.08084189891815186,-0.11620554327964783,-0.017333096676452442,-0.08587247133255005,-0.1794913113117218,-0.023684759476168438,-0.08052986860275269,-0.22839954495429993,-0.02761052813468723,-0.050998032093048096,-0.15599918365478516,0.005069509296731667,-0.05167388916015625,-0.192491352558136,-0.019826275148375316,-0.04843747615814209,-0.14928224682807922,-0.036299639233334346,-0.04670900106430054,-0.10929912328720093,-0.04311176095245628,-0.018026888370513916,-0.1485058069229126,0.0005152591355681579,-0.021105587482452393,-0.19197386503219604,-0.027751504295451923,-0.021716952323913574,-0.13721993565559387,-0.03832176033495216,-0.02251201868057251,-0.08850109577178955,-0.03760545034049301,0.01323699951171875,-0.1354559063911438,-0.00821081440983562,0.010840892791748047,-0.17136967182159424,-0.03707514409063606,0.003489673137664795,-0.11263683438301086,-0.033268910684569164,-0.0033468008041381836,-0.06576472520828247,-0.021600105651600643,0.042143940925598145,-0.11613109707832336,-0.01789191257296352,0.03810757398605347,-0.14200079441070557,-0.0373109549665287,0.028823912143707275,-0.09818696975708008,-0.031215003543479725,0.021703779697418213,-0.06269043684005737,-0.02067894008098392
0.0,0.0,0.0,-0.0498729944229126,-0.04827463626861572,-0.011787761142130648,-0.07659584283828735,-0.12273991107940674,-0.017389048030253207,-0.07834172248840332,-0.18711864948272705,-0.024890588735814845,-0.07435238361358643,-0.2373373806476593,-0.02954315408098296,-0.0448375940322876,-0.16250014305114746,0.0026424476880322345,-0.04546231031417847,-0.20833906531333923,-0.022893281792875086,-0.04595065116882324,-0.1626547873020172,-0.038362234970207965,-0.04547727108001709,-0.11964994668960571,-0.043961070617314135,-0.012744784355163574,-0.1504177749156952,-0.001946482131842231,-0.016418159008026123,-0.19566810131072998,-0.03058702512609557,-0.01929563283920288,-0.13863059878349304,-0.03916950910317496,-0.018382370471954346,-0.08882761001586914,-0.036857646098013674,0.01718205213546753,-0.13339000940322876,-0.010693770041342532,0.012595772743225098,-0.167589008808136,-0.03810962303506926,0.005035042762756348,-0.10972562432289124,-0.03267452134716109,0.0020524263381958008,-0.0646013617515564,-0.02007044679450587,0.046092867851257324,-0.11131933331489563,-0.02045729584025935,0.03822106122970581,-0.1394684910774231,-0.036818847199555194,0.02824711799621582,-0.09877681732177734,-0.02969445302116469,0.024536311626434326,-0.06610792875289917,-0.018880466138597285
0.0,0.0,0.0,-0.04959505796432495,-0.04756128787994385,-0.012988151690223049,-0.07767391204833984,-0.11983814835548401,-0.018925171984591316,-0.08187991380691528,-0.18402966856956482,-0.0266765567345999,-0.07953929901123047,-0.234552264213562,-0.03149392147199137,-0.04578012228012085,-0.16173231601715088,0.00324851117446201,-0.04739415645599365,-0.20985901355743408,-0.02284126792685015,-0.046737074851989746,-0.1659127175807953,-0.038985804362454246,-0.046499669551849365,-0.12399518489837646,-0.0449651784135483,-0.01409822702407837,-0.1510086953639984,-0.0009236262983165489,-0.018735766410827637,-0.1946018934249878,-0.030021312354364227,-0.020471036434173584,-0.13870155811309814,-0.03937654633656962,-0.020142197608947754,-0.09013205766677856,-0.03763227228657229,0.015810132026672363,-0.13496145606040955,-0.009495221717514823,0.011126935482025146,-0.16770592331886292,-0.03845968533889277,0.004381775856018066,-0.1091737449169159,-0.033737779302754234,0.00041925907135009766,-0.06325030326843262,-0.021222172944106887,0.04492753744125366,-0.11350986361503601,-0.019166310025610755,0.037334561347961426,-0.13979169726371765,-0.03757440735236628,0.027638912200927734,-0.09756791591644287,-0.031147625936426948,0.02290940284729004,-0.06347155570983887,-0.020294558895983528
