0.0,0.0,0.0,-0.05460625886917114,-0.03416389226913452,-0.01879319260311263,-0.08884155750274658,-0.1103925108909607,-0.025797280393959454,-0.07357382774353027,-0.18121188879013062,-0.03263313407492774,-0.037155091762542725,-0.21454274654388428,-0.03966315174889701,-0.07761603593826294,-0.20010370016098022,-0.006407773033203057,-0.08084219694137573,-0.285084992647171,-0.0198674359400286,-0.07863259315490723,-0.33767974376678467,-0.03383264029812949,-0.07568597793579102,-0.383395791053772,-0.045601953663350514,-0.043957412242889404,-0.2101370096206665,-0.009767908513964585,-0.047752320766448975,-0.3047632873058319,-0.020146409891964367,-0.04900914430618286,-0.361253559589386,-0.03335235724640029,-0.051818907260894775,-0.4108423590660095,-0.04440188864660399,-0.011868894100189209,-0.20350569486618042,-0.01670656437468665,-0.01341933012008667,-0.28963425755500793,-0.028275987975717953,-0.017015397548675537,-0.3413211405277252,-0.039649088778020314,-0.02310270071029663,-0.38501423597335815,-0.049013913520099095,0.021415650844573975,-0.18361186981201172,-0.026188502930523327,0.02183610200881958,-0.24654734134674072,-0.03742523203086989,0.018723785877227783,-0.2875296473503113,-0.04410219276738303,0.012497782707214355,-0.32401609420776367,-0.050156430252314976
0.0,0.0,0.0,-0.05842322111129761,-0.031569838523864746,-0.01868347953913485,-0.09652972221374512,-0.10883772373199463,-0.024605327657440057,-0.09260386228561401,-0.18758022785186768,-0.030503017268159738,-0.05940526723861694,-0.224726140499115,-0.03592313025055205,-0.07573091983795166,-0.20004302263259888,-0.00240451809858655,-0.08175855875015259,-0.28649160265922546,-0.014727922528066983,-0.08081144094467163,-0.3403897285461426,-0.027226238883116594,-0.07790720462799072,-0.38659387826919556,-0.037532384878971925,-0.042999207973480225,-0.21146053075790405,-0.005611458699235072,-0.04800689220428467,-0.3076736330986023,-0.015882245636561265,-0.04987967014312744,-0.3666590452194214,-0.02780118901191031,-0.05220597982406616,-0.4162669777870178,-0.037015884554961076,-0.010219037532806396,-0.20651334524154663,-0.012769852205195775,-0.010642588138580322,-0.29854223132133484,-0.026168677396157136,-0.011964380741119385,-0.3538992702960968,-0.03787498865185057,-0.015133976936340332,-0.39999115467071533,-0.04656537938771521,0.024408459663391113,-0.18793708086013794,-0.022335519454458108,0.03764909505844116,-0.25292426347732544,-0.035096380299904695,0.04648888111114502,-0.2952137589454651,-0.042242314106800904,0.0520097017288208,-0.33274275064468384,-0.0477989384895352
0.0,0.0,0.0,-0.056929826736450195,-0.03125089406967163,-0.020069207917117637,-0.09472835063934326,-0.1048087477684021,-0.028365658517145675,-0.08915472030639648,-0.1800473928451538,-0.0360671783938642,-0.05830717086791992,-0.2213611602783203,-0.04361619978692488,-0.07596993446350098,-0.20328927040100098,-0.009341149511897129,-0.08163487911224365,-0.29032978415489197,-0.02421893544044451,-0.08209425210952759,-0.3445999324321747,-0.03840767770554976,-0.08166390657424927,-0.3913419544696808,-0.04978775411393599,-0.04281437397003174,-0.21433794498443604,-0.01260349984761433,-0.04652160406112671,-0.31157296895980835,-0.024436954329871696,-0.04838299751281738,-0.3694719076156616,-0.03731241255547957,-0.05116701126098633,-0.4189632534980774,-0.047543099071049255,-0.01105409860610962,-0.2088855504989624,-0.019496353264116806,-0.011482596397399902,-0.29738402366638184,-0.03217233150746779,-0.014107704162597656,-0.3517398238182068,-0.043247872884535354,-0.01863682270050049,-0.3974134027957916,-0.05215493022944884,0.022000789642333984,-0.19024962186813354,-0.02898634217228846,0.029347538948059082,-0.2547619342803955,-0.040337202991509,0.03203648328781128,-0.29732394218444824,-0.04654877438690619,0.03168368339538574,-0.33570390939712524,-0.051915882076286834
0.0,0.0,0.0,-0.05605429410934448,-0.031158149242401123,-0.02084112535541749,-0.09330832958221436,-0.1063237190246582,-0.028748916418606996,-0.08726358413696289,-0.18230116367340088,-0.03604010674482083,-0.053824007511138916,-0.22015798091888428,-0.04332576501494145,-0.07240581512451172,-0.199920654296875,-0.00887280884509778,-0.07694703340530396,-0.2848743796348572,-0.023174200163538217,-0.07712763547897339,-0.33739373087882996,-0.0372030045402596,-0.07671207189559937,-0.38399291038513184,-0.04872295814877248,-0.03977560997009277,-0.20960772037506104,-0.011643261605257749,-0.04232025146484375,-0.3065197467803955,-0.022999582768733262,-0.04413473606109619,-0.3640785813331604,-0.03571996647244191,-0.04744219779968262,-0.41510117053985596,-0.04603774282460904,-0.009349584579467773,-0.2033270001411438,-0.018154133067781686,-0.009356915950775146,-0.29167962074279785,-0.030228855044896363,-0.012112736701965332,-0.34604373574256897,-0.041058910967166184,-0.01730513572692871,-0.3922610878944397,-0.049807982475812196,0.021787524223327637,-0.1842365264892578,-0.02742863442128396,0.025235891342163086,-0.24891403317451477,-0.03783181119089818,0.024399638175964355,-0.29220137000083923,-0.0438793282521317,0.02003234624862671,-0.3307061791419983,-0.04948848667865491
0.0,0.0,0.0,-0.05047529935836792,-0.04141741991043091,-0.019692905618256873,-0.07740390300750732,-0.13429123163223267,-0.02684727534503395,-0.05015695095062256,-0.2051958441734314,-0.03378409556896145,-0.0070590972900390625,-0.20796078443527222,-0.04131201691777164,-0.07809686660766602,-0.2040095329284668,-0.00811198856533224,-0.07956522703170776,-0.28945642709732056,-0.020231342314190215,-0.07858556509017944,-0.34398019313812256,-0.03389300815612728,-0.076962411403656,-0.392436683177948,-0.0462070446446603,-0.04532647132873535,-0.21633166074752808,-0.011499174310273474,-0.04819768667221069,-0.31103605031967163,-0.020256141571707076,-0.04904818534851074,-0.37185001373291016,-0.032596506549424475,-0.05162304639816284,-0.42612940073013306,-0.04310333765894825,-0.012055516242980957,-0.2094098925590515,-0.018387118725485152,-0.01350468397140503,-0.2965428829193115,-0.02767921835035736,-0.01628124713897705,-0.35377973318099976,-0.04026588462144787,-0.021749675273895264,-0.4024016261100769,-0.05067417062670643,0.02060878276824951,-0.18982243537902832,-0.02815526388437206,0.020087718963623047,-0.25388550758361816,-0.03714957497865612,0.01777583360671997,-0.29809892177581787,-0.0440175238981908,0.01390606164932251,-0.3361431360244751,-0.05063805021197254
0.0,0.0,0.0,-0.05862784385681152,-0.02288222312927246,-0.022272847282039265,-0.10347265005111694,-0.08661359548568726,-0.03331341190849457,-0.09577476978302002,-0.1597498059272766,-0.043124198602782826,-0.06512415409088135,-0.20162492990493774,-0.052884354876624684,-0.1174115538597107,-0.1711450219154358,-0.015665892200814824,-0.14125722646713257,-0.25694888830184937,-0.03253366394554291,-0.1528925895690918,-0.31041961908340454,-0.04854265196834717,-0.1623576283454895,-0.35737767815589905,-0.06201388655816231,-0.08616691827774048,-0.19389593601226807,-0.018487697156416516,-0.1141054630279541,-0.28486180305480957,-0.031914539324390034,-0.1302567720413208,-0.33993375301361084,-0.04685084490691338,-0.14659923315048218,-0.3897324204444885,-0.05940686135207329,-0.05243492126464844,-0.19727712869644165,-0.024655058669196706,-0.07412725687026978,-0.2837802469730377,-0.038801461147414784,-0.08987307548522949,-0.3362957835197449,-0.05153445123349343,-0.10573863983154297,-0.38162752985954285,-0.06201207234178696,-0.013407468795776367,-0.1870654821395874,-0.03347166596566353,-0.026513397693634033,-0.2491203248500824,-0.04829955814992104,-0.03991633653640747,-0.2903207838535309,-0.056808959381925206,-0.05446577072143555,-0.3265978693962097,-0.06383123217736397
0.0,0.0,0.0,-0.05841350555419922,-0.034180283546447754,-0.020901100205946932,-0.09448885917663574,-0.11142158508300781,-0.03182416172580815,-0.0776246190071106,-0.18359023332595825,-0.04248084263758756,-0.041760146617889404,-0.21495753526687622,-0.05413932116584874,-0.09992200136184692,-0.19546842575073242,-0.014268471355308066,-0.11182504892349243,-0.28613919019699097,-0.03271289305644132,-0.11785262823104858,-0.3455859422683716,-0.050303408371974,-0.12239772081375122,-0.39814257621765137,-0.06427905844407178,-0.06701582670211792,-0.2147647738456726,-0.01925356635706521,-0.08020740747451782,-0.31828486919403076,-0.033279461282063494,-0.08945280313491821,-0.38396504521369934,-0.049561919140387545,-0.09880101680755615,-0.44194483757019043,-0.06248475002007581,-0.03224992752075195,-0.2139161229133606,-0.02758203210191823,-0.043713390827178955,-0.31189048290252686,-0.041245562451649675,-0.0529022216796875,-0.3712872862815857,-0.054929987954665194,-0.063082754611969,-0.42224353551864624,-0.0656278445001135,0.004210710525512695,-0.19890356063842773,-0.038601869213152895,-0.0015337467193603516,-0.2694109082221985,-0.05096697198109723,-0.009461820125579834,-0.31631526350975037,-0.05788659067707158,-0.018905580043792725,-0.3575027585029602,-0.06387070702271558
0.0,0.0,0.0,-0.0635685920715332,-0.01517421007156372,-0.025013535222456085,-0.11666977405548096,-0.07397890090942383,-0.03772596356873237,-0.11501222848892212,-0.1540212631225586,-0.04947704163794242,-0.08408915996551514,-0.20580178499221802,-0.06113768083457671,-0.13072609901428223,-0.16781628131866455,-0.01520019391034566,-0.16184985637664795,-0.2507616877555847,-0.0341584840178939,-0.17605513334274292,-0.30418646335601807,-0.052818898981854545,-0.1871776580810547,-0.3534103035926819,-0.0681892157853099,-0.09977591037750244,-0.19516566395759583,-0.01806217519049369,-0.133916974067688,-0.28534209728240967,-0.03291076881293975,-0.1520329713821411,-0.34183749556541443,-0.04954948363308631,-0.16861099004745483,-0.39480483531951904,-0.0634420411050769,-0.06563681364059448,-0.20404499769210815,-0.024940018481061088,-0.0947069525718689,-0.2883884012699127,-0.039444182938382255,-0.11416149139404297,-0.3419298529624939,-0.052535374587819206,-0.1315717101097107,-0.38928186893463135,-0.06346647155885421,-0.025058269500732422,-0.20031872391700745,-0.035021801418110954,-0.04593139886856079,-0.2642650008201599,-0.04854732466344558,-0.06248033046722412,-0.30561429262161255,-0.056052015101954566,-0.07835662364959717,-0.3417295515537262,-0.06267504853610717
0.0,0.0,0.0,-0.05932503938674927,-0.029215991497039795,-0.026523766708663743,-0.10264354944229126,-0.10883712768554688,-0.038751087752274316,-0.09273266792297363,-0.19037890434265137,-0.0499651167961872,-0.04905432462692261,-0.22788411378860474,-0.061104368087939065,-0.10051459074020386,-0.2183588743209839,-0.011417388585499566,-0.11013758182525635,-0.30705735087394714,-0.028876140383175652,-0.11316585540771484,-0.36408913135528564,-0.04712038081615333,-0.11353349685668945,-0.4152778685092926,-0.06233809482782249,-0.06432211399078369,-0.23575711250305176,-0.014318070043913167,-0.07456904649734497,-0.33529987931251526,-0.028238163930467408,-0.08111786842346191,-0.3989109694957733,-0.04543517124383811,-0.08704495429992676,-0.4579726457595825,-0.05930497836797599,-0.027663052082061768,-0.23208802938461304,-0.021660731774858277,-0.03580641746520996,-0.3259260058403015,-0.03607790884106521,-0.04343914985656738,-0.3841508626937866,-0.05058822375266914,-0.052139103412628174,-0.4367602467536926,-0.06211264025895957,0.01037287712097168,-0.21233808994293213,-0.03234846856921081,0.005279481410980225,-0.28191035985946655,-0.045996445831946176,-0.0007433295249938965,-0.32918810844421387,-0.05412708934872512,-0.0078008174896240234,-0.37269359827041626,-0.06100483578174476
0.0,0.0,0.0,-0.05434197187423706,-0.04907417297363281,-0.02064629195751877,-0.08621001243591309,-0.13021320104599,-0.03184508083882065,-0.07068651914596558,-0.19811919331550598,-0.04297992883743973,-0.03064781427383423,-0.2278471291065216,-0.05459394230069847,-0.05160331726074219,-0.23877382278442383,-0.014391128146371557,-0.044337689876556396,-0.32856321334838867,-0.03343928901972504,-0.039335012435913086,-0.3853357434272766,-0.05091854108991356,-0.03302955627441406,-0.4358595013618469,-0.06493857427062721,-0.016773581504821777,-0.24087068438529968,-0.021073061214110567,-0.004154980182647705,-0.34342703223228455,-0.03663934318842621,0.0026043057441711426,-0.4083429276943207,-0.05241611524047585,0.008480608463287354,-0.4660591781139374,-0.06484862341108055,0.014532804489135742,-0.22252660989761353,-0.03154270647587509,0.02992117404937744,-0.3183403015136719,-0.047656662003419115,0.03720670938491821,-0.37747079133987427,-0.06112419365467758,0.04151052236557007,-0.43059873580932617,-0.07154740317287178,0.043521761894226074,-0.1878983974456787,-0.04468396230163307,0.05860990285873413,-0.2557031512260437,-0.05994207336129875,0.06452184915542603,-0.3038235902786255,-0.06823976262035103,0.06725597381591797,-0.34914928674697876,-0.07491557969274254
0.0,0.0,0.0,-0.06286704540252686,-0.04540616273880005,-0.017019986224994454,-0.10224878787994385,-0.12205719947814941,-0.024645282936916146,-0.09203952550888062,-0.19963300228118896,-0.033127962661609445,-0.05890411138534546,-0.24427363276481628,-0.04162728698335627,-0.08946007490158081,-0.21756631135940552,0.001577560041397419,-0.09676593542098999,-0.3055500388145447,-0.013989039746746812,-0.09516578912734985,-0.358997106552124,-0.030982191724405084,-0.09172087907791138,-0.40654855966567993,-0.04487041295848826,-0.051886141300201416,-0.23093605041503906,-0.004253759564534221,-0.0577242374420166,-0.3287794291973114,-0.01631029234610537,-0.059902966022491455,-0.3862208127975464,-0.032228685034141336,-0.06257718801498413,-0.4380512237548828,-0.045254512740001474,-0.015429258346557617,-0.22560438513755798,-0.01431765226058701,-0.01921612024307251,-0.3186608850955963,-0.02729737484239081,-0.023625195026397705,-0.3735213279724121,-0.03891911269508341,-0.02863907814025879,-0.42043256759643555,-0.04859977499924639,0.0238034725189209,-0.20523422956466675,-0.026912624997720513,0.020060718059539795,-0.27505406737327576,-0.038347530228719506,0.014487147331237793,-0.31874880194664,-0.043803225321397576,0.006915450096130371,-0.357882559299469,-0.04895029501400927
0.0,0.0,0.0,-0.0707545280456543,-0.0019394755363464355,-0.019273104721719392,-0.13198381662368774,-0.04915344715118408,-0.028554490411693223,-0.1396062970161438,-0.12556469440460205,-0.03777739090662635,-0.1183730959892273,-0.18166321516036987,-0.04737677482705749,-0.14115852117538452,-0.14989948272705078,-0.009209306554907926,-0.17738205194473267,-0.22469383478164673,-0.026303236017042764,-0.19681650400161743,-0.274039089679718,-0.043663353303486474,-0.21310800313949585,-0.319851815700531,-0.0581462985072676,-0.11446356773376465,-0.18161338567733765,-0.014499127509111531,-0.15442323684692383,-0.2675948739051819,-0.027987603673750527,-0.1793656349182129,-0.32049405574798584,-0.044072308221871026,-0.20242983102798462,-0.36723312735557556,-0.057430968264156945,-0.08265972137451172,-0.19357997179031372,-0.02345821132701076,-0.11778736114501953,-0.2790350914001465,-0.03749467117529548,-0.14184826612472534,-0.3290310502052307,-0.0508152960036341,-0.16430926322937012,-0.3706654906272888,-0.06180685443621314,-0.043124616146087646,-0.19224071502685547,-0.03499324677329696,-0.06698006391525269,-0.2540900707244873,-0.048836004564577706,-0.0874205231666565,-0.2918945252895355,-0.05666409862976707,-0.10795056819915771,-0.3238070011138916,-0.0634173831139151
0.0,0.0,0.0,-0.060701191425323486,0.02360057830810547,-0.016558558450583405,-0.12852370738983154,0.0034363865852355957,-0.025074423061255402,-0.16145938634872437,-0.05189603567123413,-0.03399723279619593,-0.1587260365486145,-0.1067427396774292,-0.042922618569377846,-0.16646283864974976,-0.09184962511062622,-0.011446891123000569,-0.22341102361679077,-0.14588499069213867,-0.028835977198127694,-0.25630712509155273,-0.18169820308685303,-0.0447431344106235,-0.2842499017715454,-0.21449965238571167,-0.05751466262483973,-0.14782029390335083,-0.1289868950843811,-0.018360917226914353,-0.2117096185684204,-0.18987184762954712,-0.03357327985906977,-0.2517220973968506,-0.2281343936920166,-0.04843966174269099,-0.28753435611724854,-0.26090294122695923,-0.060000574918035454,-0.11890143156051636,-0.15462034940719604,-0.028361518637780136,-0.17823123931884766,-0.21479648351669312,-0.04353991407299418,-0.2146511673927307,-0.25030413269996643,-0.054761792303565926,-0.24682557582855225,-0.2789631485939026,-0.06335917744183917,-0.08095037937164307,-0.17363876104354858,-0.04065428185606379,-0.12571150064468384,-0.22228506207466125,-0.05447643879199404,-0.15597575902938843,-0.25087541341781616,-0.06070661056185145,-0.18366849422454834,-0.2746618986129761,-0.06551568839097399
0.0,0.0,0.0,-0.07086336612701416,-0.019038856029510498,-0.020030909292472643,-0.1239396333694458,-0.0894385576248169,-0.027655036263240618,-0.11879640817642212,-0.16948658227920532,-0.03511907260872249,-0.08760654926300049,-0.21710574626922607,-0.042805471532119554,-0.11817938089370728,-0.19803541898727417,-0.0054394631461036624,-0.13778692483901978,-0.28447264432907104,-0.021148405112398905,-0.1450064778327942,-0.3406273126602173,-0.038132381700052065,-0.14926499128341675,-0.3909553587436676,-0.05218425866223697,-0.08423566818237305,-0.22142654657363892,-0.009803533628655714,-0.10568815469741821,-0.3176305294036865,-0.02165130440153007,-0.11782604455947876,-0.37794211506843567,-0.03712536495186214,-0.1288653016090393,-0.4327806234359741,-0.0498602512107027,-0.04898381233215332,-0.22425496578216553,-0.018166239447964472,-0.06569254398345947,-0.3160358965396881,-0.030531856305969995,-0.07858008146286011,-0.3731433153152466,-0.042917293571008486,-0.09148401021957397,-0.42270413041114807,-0.053219714276565355,-0.009433209896087646,-0.21177828311920166,-0.029425372444165987,-0.02026236057281494,-0.28086137771606445,-0.04144178058959369,-0.03206062316894531,-0.32596927881240845,-0.04810163106776599,-0.04540067911148071,-0.3667105436325073,-0.05402141910053615
0.0,0.0,0.0,-0.05870378017425537,-0.04688960313796997,-0.02377483081230025,-0.09006714820861816,-0.13099807500839233,-0.035036072322810696,-0.06659263372421265,-0.1998230218887329,-0.0456445591539989,-0.0237656831741333,-0.23186171054840088,-0.056695297548259305,-0.04791682958602905,-0.25042998790740967,-0.011368876510942982,-0.03974872827529907,-0.33866000175476074,-0.030090294966186093,-0.030814945697784424,-0.39382728934288025,-0.04955736939021449,-0.02063542604446411,-0.44237738847732544,-0.06552427653380732,-0.010385870933532715,-0.25513291358947754,-0.016633711943114804,0.002886831760406494,-0.35613107681274414,-0.031627554634297894,0.0106315016746521,-0.41780465841293335,-0.05023785699316363,0.01633143424987793,-0.4737803041934967,-0.0656960496694694,0.02095264196395874,-0.23802369832992554,-0.026304735058630513,0.03823721408843994,-0.3313272297382355,-0.0421791078538547,0.04532414674758911,-0.3909861147403717,-0.058217711934531735,0.048546016216278076,-0.4434603154659271,-0.07139259223052363,0.050724685192108154,-0.20277124643325806,-0.038959063777411984,0.06602001190185547,-0.27361413836479187,-0.05352785829612117,0.07271724939346313,-0.3195623755455017,-0.06212887186714511,0.0754900574684143,-0.36176934838294983,-0.0699278304369102
0.0,0.0,0.0,-0.06739062070846558,-0.03563207387924194,-0.009457805746819758,-0.1084778904914856,-0.11455637216567993,-0.005298029252912784,-0.09705692529678345,-0.18913882970809937,-0.002197512978341365,-0.0671117901802063,-0.22857117652893066,0.0009825195012354015,-0.0884743332862854,-0.19127660989761353,0.018019454932186818,-0.09431350231170654,-0.2672708034515381,0.010910228273246503,-0.09296220541000366,-0.3165433406829834,-0.00013800823933252104,-0.08980792760848999,-0.3597003221511841,-0.010165020445015216,-0.0554049015045166,-0.20721453428268433,0.013301970815632558,-0.06078213453292847,-0.2960856258869171,0.007382045412782645,-0.06274968385696411,-0.3486689031124115,-0.003986607858564639,-0.06548207998275757,-0.3966118097305298,-0.013236905069675231,-0.024693310260772705,-0.20378249883651733,0.004347002046529269,-0.025916218757629395,-0.2894120514392853,-0.005852161993857408,-0.03031092882156372,-0.33961763978004456,-0.016013305255796695,-0.035518109798431396,-0.38360023498535156,-0.023846277588631892,0.01119905710220337,-0.1855379343032837,-0.006430347537275338,0.011034190654754639,-0.24877405166625977,-0.01723668500187614,0.006412088871002197,-0.28751254081726074,-0.023078819358374858,-0.0010280013084411621,-0.3239932060241699,-0.02811685539188602
0.0,0.0,0.0,-0.057346999645233154,-0.049007415771484375,-0.025745762238926773,-0.08709496259689331,-0.14374232292175293,-0.03696327442926872,-0.05611449480056763,-0.21459877490997314,-0.0472845711807679,-0.006161510944366455,-0.2171252965927124,-0.05809933851165283,-0.053058505058288574,-0.258828341960907,-0.010412645253069286,-0.04378509521484375,-0.34835100173950195,-0.026607058669156913,-0.03372621536254883,-0.4039825201034546,-0.045375631848997955,-0.02296757698059082,-0.4532029628753662,-0.06180745149654854,-0.012963056564331055,-0.2636184096336365,-0.01378736058873642,-0.0008807182312011719,-0.36535847187042236,-0.02533065314096916,0.006926417350769043,-0.42692261934280396,-0.04130729446811188,0.012443959712982178,-0.48295971751213074,-0.055181363324351196,0.021625638008117676,-0.2460886836051941,-0.021679077024288063,0.03348493576049805,-0.34249818325042725,-0.03321845615906227,0.03860443830490112,-0.40072619915008545,-0.04670294533175934,0.040936946868896484,-0.4515865445137024,-0.058474963257737045,0.054129600524902344,-0.21081453561782837,-0.03328339541954506,0.06226706504821777,-0.2816283702850342,-0.044254427502579574,0.06585073471069336,-0.326455295085907,-0.05104603404802788,0.067829430103302,-0.36566105484962463,-0.057799728314108734
0.0,0.0,0.0,-0.05920982360839844,-0.03034418821334839,-0.022104335735406266,-0.10234344005584717,-0.11684292554855347,-0.029925385276641236,-0.07940715551376343,-0.19291311502456665,-0.037756487513746606,-0.033562660217285156,-0.20736539363861084,-0.04573241972443043,-0.11744529008865356,-0.20592951774597168,-0.0053706329975682365,-0.13556373119354248,-0.29364678263664246,-0.018734276081289636,-0.14413660764694214,-0.3501841723918915,-0.034764606292213784,-0.15139782428741455,-0.4017193913459778,-0.049649722660745965,-0.08522605895996094,-0.22713029384613037,-0.009199090088571893,-0.10656726360321045,-0.3214796781539917,-0.019686573902930604,-0.1192973256111145,-0.3855677843093872,-0.03456153699275433,-0.13245874643325806,-0.4451356530189514,-0.04741156452413975,-0.04825711250305176,-0.22679823637008667,-0.017361253286566125,-0.06607598066329956,-0.3154526948928833,-0.02941820376631199,-0.07865095138549805,-0.371584951877594,-0.04315403827544628,-0.09277564287185669,-0.42183825373649597,-0.05444080733772694,-0.007861435413360596,-0.21257084608078003,-0.02888332285996853,-0.01983034610748291,-0.27781015634536743,-0.04169130676504551,-0.031145155429840088,-0.3201473355293274,-0.05000909023996769,-0.0425298810005188,-0.36030319333076477,-0.057451009536947595
0.0,0.0,0.0,-0.05150502920150757,-0.05771404504776001,-0.028855127928295587,-0.06876116991043091,-0.15320879220962524,-0.044572896969953035,-0.02774566411972046,-0.20723438262939453,-0.058830421132483934,0.018290460109710693,-0.19269335269927979,-0.07441787020627544,-0.012740790843963623,-0.2621596157550812,-0.02867012814942882,0.01364988088607788,-0.3498302102088928,-0.05152193800870464,0.03464853763580322,-0.4064934253692627,-0.07236518309775875,0.05673563480377197,-0.4561936855316162,-0.08941483096543834,0.02800142765045166,-0.25370824337005615,-0.0338678506142287,0.06116217374801636,-0.3567759096622467,-0.052539802802243685,0.08476197719573975,-0.42303135991096497,-0.07032603369418666,0.10646122694015503,-0.48249804973602295,-0.0846907605356364,0.05915743112564087,-0.2235538363456726,-0.04313261778418109,0.09230351448059082,-0.318534255027771,-0.06148459733788059,0.11303114891052246,-0.3780546486377716,-0.07791313872996852,0.13084262609481812,-0.43065905570983887,-0.09053527162734554,0.08467388153076172,-0.17685943841934204,-0.05591744901005313,0.11081767082214355,-0.24722659587860107,-0.07267784671250865,0.12637394666671753,-0.29617950320243835,-0.0827407796806483,0.13904553651809692,-0.34047240018844604,-0.09116180585090206
0.0,0.0,0.0,-0.0589902400970459,-0.04818308353424072,-0.02119479488936804,-0.09962570667266846,-0.13195818662643433,-0.03246574264375113,-0.07983535528182983,-0.20627856254577637,-0.043743667866863234,-0.02931070327758789,-0.22126126289367676,-0.05429118287173651,-0.08620071411132812,-0.25340548157691956,-0.006297843273557646,-0.09073364734649658,-0.3444279432296753,-0.02087079894153021,-0.08950960636138916,-0.39912042021751404,-0.03830525067058943,-0.08795672655105591,-0.449564665555954,-0.05408548724261664,-0.05083698034286499,-0.26367372274398804,-0.011526723135091288,-0.05732417106628418,-0.3627527356147766,-0.021977178495205862,-0.05767029523849487,-0.4203004837036133,-0.03569884013739966,-0.05891972780227661,-0.4740312397480011,-0.048042552288450224,-0.015986979007720947,-0.2526657283306122,-0.020909739401020033,-0.020203709602355957,-0.3454139828681946,-0.03155706610886,-0.021338939666748047,-0.40158611536026,-0.04180640887824438,-0.022996842861175537,-0.45116978883743286,-0.0512464807590618,0.021743953227996826,-0.22362744808197021,-0.03373623427359007,0.018440842628479004,-0.2951277792453766,-0.043887948360122664,0.016450703144073486,-0.34005844593048096,-0.048817069943822844,0.014685571193695068,-0.3799549639225006,-0.053869249041952116
0.0,0.0,0.0,-0.06402117013931274,-0.02395385503768921,-0.020161999271749664,-0.11611151695251465,-0.08436429500579834,-0.0318944695159189,-0.11337029933929443,-0.1578052043914795,-0.044061647610305954,-0.07952511310577393,-0.20154672861099243,-0.056320095317005325,-0.12892717123031616,-0.19296187162399292,-0.009910263934671093,-0.15510064363479614,-0.2749115526676178,-0.02855783316636007,-0.16845542192459106,-0.3280719518661499,-0.04835296969258707,-0.17974239587783813,-0.37738582491874695,-0.0652659292086355,-0.10102331638336182,-0.21479582786560059,-0.016521811367510963,-0.13156992197036743,-0.30240651965141296,-0.031948735819696594,-0.14811772108078003,-0.3584086298942566,-0.05005420173847597,-0.16505610942840576,-0.41324466466903687,-0.06517949502313058,-0.0679979920387268,-0.21907192468643188,-0.026880709336637665,-0.09418809413909912,-0.3027802109718323,-0.04261682357036989,-0.1098395586013794,-0.35596582293510437,-0.055847050504326035,-0.1261308193206787,-0.4041421711444855,-0.06660681764924448,-0.026362180709838867,-0.20873820781707764,-0.04016530688249986,-0.04563701152801514,-0.27631860971450806,-0.05500874470317285,-0.06001681089401245,-0.31980419158935547,-0.0625954101546995,-0.07522153854370117,-0.3589201271533966,-0.069081818567156
0.0,0.0,0.0,-0.05137073993682861,-0.048359692096710205,-0.025711557254339823,-0.0838155746459961,-0.13752728700637817,-0.03977175651505149,-0.05856680870056152,-0.2096860408782959,-0.0529017992170111,-0.005171716213226318,-0.22063374519348145,-0.06660405395939506,-0.05738288164138794,-0.2588351368904114,-0.017268577948357233,-0.04613441228866577,-0.34867966175079346,-0.03718045575931228,-0.033985793590545654,-0.4072575569152832,-0.05741446687295593,-0.021387040615081787,-0.4591228663921356,-0.07356919942810691,-0.020299434661865234,-0.2572023272514343,-0.022015732139493593,-0.010250389575958252,-0.3567138612270355,-0.035829363748575815,0.0002989768981933594,-0.41848114132881165,-0.050652867540861735,0.009672224521636963,-0.47408467531204224,-0.06300448475792564,0.014386475086212158,-0.23585516214370728,-0.031113136917497286,0.02291494607925415,-0.3267285227775574,-0.0447601474674002,0.030771732330322266,-0.381893515586853,-0.055214738831068644,0.03704339265823364,-0.42969217896461487,-0.06372589467480338,0.04659533500671387,-0.19909429550170898,-0.043932171896244654,0.0439603328704834,-0.27396997809410095,-0.056079762414242396,0.04446953535079956,-0.3124997615814209,-0.059715113029028544,0.04502171277999878,-0.3418484032154083,-0.06303401885941184
0.0,0.0,0.0,-0.06378138065338135,-0.020757675170898438,-0.014634525225659445,-0.1163550615310669,-0.09096956253051758,-0.018911344752808645,-0.10793185234069824,-0.16932427883148193,-0.024192927227517202,-0.07141846418380737,-0.2060028314590454,-0.02983430196454151,-0.12200659513473511,-0.19291484355926514,0.003954562536279127,-0.14255154132843018,-0.2731238901615143,-0.008663371027608946,-0.15218853950500488,-0.32701390981674194,-0.02530125510801895,-0.15980803966522217,-0.37404483556747437,-0.040249990121623114,-0.09139949083328247,-0.2140953540802002,-0.002031109118064478,-0.11649316549301147,-0.29832983016967773,-0.01144760643055065,-0.13078820705413818,-0.3503684103488922,-0.0259670669298373,-0.14500939846038818,-0.398593008518219,-0.03844236751010044,-0.05913376808166504,-0.21686136722564697,-0.01178630423655136,-0.08106380701065063,-0.29642796516418457,-0.022188018829723433,-0.09635746479034424,-0.34687501192092896,-0.031402891324063376,-0.10910040140151978,-0.39190536737442017,-0.03985852171589954,-0.018209755420684814,-0.2068084478378296,-0.02436329779138191,-0.03473067283630371,-0.2657923698425293,-0.034790390924712256,-0.047213852405548096,-0.3025459051132202,-0.038678696201344565,-0.059225261211395264,-0.3367748558521271,-0.04284582828094585
0.0,0.0,0.0,-0.057824790477752686,-0.03881669044494629,-0.02474994111213391,-0.09246242046356201,-0.12256163358688354,-0.038504010917279174,-0.0638740062713623,-0.1950358748435974,-0.05171130496415799,-0.0158652663230896,-0.21769440174102783,-0.0659397308841676,-0.08273321390151978,-0.24398601055145264,-0.017015124590727737,-0.08297926187515259,-0.33600205183029175,-0.03650427508506482,-0.08213651180267334,-0.3963783383369446,-0.05633895370516484,-0.08030319213867188,-0.4501999318599701,-0.073211631657216,-0.044811367988586426,-0.2561265230178833,-0.02280563014898007,-0.04670149087905884,-0.36402857303619385,-0.03862168538722699,-0.04860883951187134,-0.4320611357688904,-0.05687789890322392,-0.052966177463531494,-0.4944932758808136,-0.07207026976499264,-0.008432865142822266,-0.24491113424301147,-0.03260911527428334,-0.010211765766143799,-0.3463860750198364,-0.048622089357706955,-0.013944089412689209,-0.40784797072410583,-0.0646238316908807,-0.021028876304626465,-0.46350666880607605,-0.07756993073377316,0.027881860733032227,-0.21557027101516724,-0.045661787422034195,0.02846848964691162,-0.2898980379104614,-0.061600199820134094,0.024960994720458984,-0.3396906852722168,-0.07151733237657254,0.018926262855529785,-0.38475391268730164,-0.08007261800918286
0.0,0.0,0.0,-0.06537848711013794,-0.023633599281311035,-0.01702342528835743,-0.1162521243095398,-0.10056573152542114,-0.02481815006569832,-0.11451596021652222,-0.17868757247924805,-0.03374366249875038,-0.07775366306304932,-0.21685653924942017,-0.04325236912802666,-0.099842369556427,-0.21860742568969727,-0.004617247469582253,-0.11594903469085693,-0.30521368980407715,-0.021085057146706276,-0.12342947721481323,-0.3611520528793335,-0.03838417839244812,-0.12769794464111328,-0.4123700261116028,-0.05327667828635185,-0.06971985101699829,-0.2359655499458313,-0.01239950370029419,-0.08844137191772461,-0.3374274671077728,-0.02645074363783806,-0.09857285022735596,-0.40209200978279114,-0.04191014330820053,-0.10765528678894043,-0.46120887994766235,-0.054744301102914505,-0.03757739067077637,-0.233312726020813,-0.024177847169198685,-0.054327964782714844,-0.32931286096572876,-0.03863609742359131,-0.06449604034423828,-0.3896304666996002,-0.05113401051596611,-0.07386255264282227,-0.44273605942726135,-0.061634106300630265,-0.0012396574020385742,-0.21485799551010132,-0.03883024092749565,-0.01386415958404541,-0.286509245634079,-0.05217039372757881,-0.02412170171737671,-0.33462968468666077,-0.0598049068076989,-0.03422170877456665,-0.3778820037841797,-0.06689178358749359
0.0,0.0,0.0,-0.06301289796829224,-0.02695322036743164,-0.002774879029203703,-0.10611432790756226,-0.108512282371521,-0.0015662570206416149,-0.11500358581542969,-0.17309314012527466,-0.0046147291270983715,-0.10197007656097412,-0.20595389604568481,-0.008855528822351744,-0.09287989139556885,-0.22153431177139282,0.015028993906270216,-0.11123526096343994,-0.3055955171585083,0.004154670359383772,-0.12254077196121216,-0.3595402240753174,-0.009056772729564955,-0.13027215003967285,-0.4062565565109253,-0.02110017153452759,-0.07263869047164917,-0.23178237676620483,0.0008940276618147891,-0.09435898065567017,-0.33037978410720825,-0.010718640564192583,-0.10648137331008911,-0.3943807780742645,-0.025250821067203333,-0.1163836121559143,-0.4512750506401062,-0.036710628001202394,-0.04802209138870239,-0.22442710399627686,-0.01685798230599289,-0.0697559118270874,-0.32212287187576294,-0.03109584066103821,-0.08173447847366333,-0.3843740224838257,-0.04433804067801361,-0.09131860733032227,-0.4392290711402893,-0.0548458142859829,-0.01996612548828125,-0.20447057485580444,-0.03619946601818924,-0.037687599658966064,-0.2774406671524048,-0.050922759501446535,-0.046986281871795654,-0.3263924717903137,-0.059645724175680925,-0.05361473560333252,-0.37294989824295044,-0.06717060196231728
0.0,0.0,0.0,-0.04905170202255249,-0.0478823184967041,-0.019941065032810457,-0.07048839330673218,-0.1379266381263733,-0.028344271276921518,-0.03274029493331909,-0.2020924687385559,-0.03707483926865507,0.008771717548370361,-0.21495705842971802,-0.047518571411103494,-0.06450009346008301,-0.2491963505744934,-0.009745277968079336,-0.06140166521072388,-0.3455931544303894,-0.026630179528922326,-0.06106841564178467,-0.4097744822502136,-0.04424707735034872,-0.06265753507614136,-0.46345600485801697,-0.058649396096200235,-0.026956617832183838,-0.25275182723999023,-0.016982903276414163,-0.02722090482711792,-0.3615315556526184,-0.029418615196675546,-0.03122943639755249,-0.431675523519516,-0.04469487587067533,-0.038304150104522705,-0.4898911714553833,-0.05703117469403196,0.007388591766357422,-0.23463761806488037,-0.028149868865341432,0.007917344570159912,-0.331983745098114,-0.04154712105247427,0.003069281578063965,-0.3955015540122986,-0.05453211957666326,-0.005280733108520508,-0.45016157627105713,-0.06491518909189153,0.03765612840652466,-0.2009151577949524,-0.042380714361399896,0.036291658878326416,-0.2711211144924164,-0.055716635231704004,0.02994006872177124,-0.3099353313446045,-0.06075177485200811,0.02135443687438965,-0.34238317608833313,-0.06525256628248144
0.0,0.0,0.0,-0.03065168857574463,-0.007784247398376465,-0.0723360212276134,-0.017628908157348633,-0.0654570460319519,-0.10594325826860995,0.037317752838134766,-0.12218594551086426,-0.12658837006785006,0.09009170532226562,-0.15035957098007202,-0.14577717648245425,-0.0029720067977905273,-0.19341933727264404,-0.08718073682285876,0.03388398885726929,-0.28542622923851013,-0.12187005893684955,0.05458712577819824,-0.3539489507675171,-0.1463142441342029,0.06840544939041138,-0.4130603075027466,-0.16397122607924075,0.035286903381347656,-0.21848171949386597,-0.06692751066185565,0.06664854288101196,-0.32040929794311523,-0.09864764974810214,0.08014160394668579,-0.3944541811943054,-0.12159420864082904,0.0866323709487915,-0.4648030400276184,-0.1383849935362491,0.062036097049713135,-0.22169965505599976,-0.051245334906354856,0.08523643016815186,-0.31570568680763245,-0.07913754449583621,0.09402376413345337,-0.3869377076625824,-0.09994297788836093,0.09750950336456299,-0.4544157087802887,-0.1146898077557239,0.07842874526977539,-0.20690810680389404,-0.04129679070211978,0.0983005166053772,-0.2807897627353668,-0.06334978656269641,0.10717713832855225,-0.3331007957458496,-0.0779386715719852,0.11212784051895142,-0.3812382221221924,-0.08841619209744067
0.0,0.0,0.0,-0.046252310276031494,-0.040660083293914795,-0.05902982243929955,-0.047098398208618164,-0.1175614595413208,-0.08626012617384049,0.003929734230041504,-0.1821688413619995,-0.10437587761913392,0.054939210414886475,-0.20728164911270142,-0.1207192775014505,-0.022581875324249268,-0.2500160336494446,-0.05490198844705674,0.0018144845962524414,-0.34718918800354004,-0.08135730886493775,0.017183244228363037,-0.41228044033050537,-0.1044195231202707,0.029217004776000977,-0.46794313192367554,-0.12171476447616669,0.014527380466461182,-0.2600557804107666,-0.041306727767334905,0.03602176904678345,-0.3699769079685211,-0.06276500338350388,0.046425461769104004,-0.4436647295951843,-0.08301829659973237,0.051397860050201416,-0.5109533965587616,-0.09867406004701706,0.042316317558288574,-0.24749988317489624,-0.03315157929097268,0.06050652265548706,-0.3418157994747162,-0.05099064970050904,0.06750541925430298,-0.4084059000015259,-0.06801036858593079,0.06982272863388062,-0.4684956669807434,-0.08108733707700821,0.06359654664993286,-0.21608966588974,-0.03092379049991223,0.08107829093933105,-0.2856346070766449,-0.044892204195605245,0.08758604526519775,-0.3350417912006378,-0.055026487648831335,0.09024596214294434,-0.3788829445838928,-0.06324212366376969
0.0,0.0,0.0,-0.04951673746109009,-0.04010540246963501,-0.050756267784436204,-0.05536353588104248,-0.11716705560684204,-0.07568342196782396,-0.002903163433074951,-0.1798495054244995,-0.09407708751996324,0.048903703689575195,-0.20130252838134766,-0.11161401825984285,-0.029020071029663086,-0.2455548644065857,-0.046319443313677766,-0.0063713788986206055,-0.34162652492523193,-0.07304269033511446,0.007803797721862793,-0.4067652225494385,-0.09682723092873857,0.018591880798339844,-0.4634244441986084,-0.11535383719046877,0.009881794452667236,-0.2591700553894043,-0.03937100949724481,0.031187474727630615,-0.36918917298316956,-0.06191730084856317,0.040256500244140625,-0.4424930810928345,-0.08441480207284258,0.04300403594970703,-0.5112461149692535,-0.10183967608054445,0.039721786975860596,-0.24941390752792358,-0.03754310640533731,0.056616902351379395,-0.3480769097805023,-0.057213909505207994,0.06339269876480103,-0.41660740971565247,-0.07580885994275377,0.06506049633026123,-0.4798668324947357,-0.09009449142058656,0.06395989656448364,-0.22064465284347534,-0.040955688385565736,0.07961928844451904,-0.29649242758750916,-0.05665060090859697,0.08548808097839355,-0.34789299964904785,-0.06710737901767061,0.08733981847763062,-0.3949275612831116,-0.07572891521294878
0.0,0.0,0.0,-0.06849461793899536,-0.03411000967025757,-0.02574446936424124,-0.11598008871078491,-0.11460655927658081,-0.03906190348143923,-0.10397356748580933,-0.19555795192718506,-0.051777015899375556,-0.06107509136199951,-0.23883593082427979,-0.06493902159209597,-0.08981603384017944,-0.24701464176177979,-0.015591922675326941,-0.09748619794845581,-0.34578296542167664,-0.03676737052674639,-0.09847754240036011,-0.4087536334991455,-0.057590256904319403,-0.09676164388656616,-0.4660608172416687,-0.07472256523843157,-0.0515250563621521,-0.25957751274108887,-0.021940655534223197,-0.058698832988739014,-0.3751446604728699,-0.03908379701252329,-0.06280261278152466,-0.445307195186615,-0.05839174566145289,-0.06684595346450806,-0.5092325806617737,-0.07410468113894808,-0.014876365661621094,-0.2480679154396057,-0.03273008344049799,-0.019280195236206055,-0.35286039113998413,-0.05045792040701258,-0.024105072021484375,-0.4184802174568176,-0.06619483930344927,-0.029522418975830078,-0.47616046667099,-0.07895421934600222,0.02453172206878662,-0.21745097637176514,-0.046852860127643225,0.022125601768493652,-0.29556554555892944,-0.06334327859158861,0.01833432912826538,-0.34781646728515625,-0.07231951457734453,0.013162791728973389,-0.39604413509368896,-0.08017827523227083
0.0,0.0,0.0,-0.05363130569458008,-0.0272749662399292,-0.026925353692092813,-0.09975963830947876,-0.08531081676483154,-0.047075720862665094,-0.1016116738319397,-0.14347916841506958,-0.06511019764951698,-0.06790733337402344,-0.1656627655029297,-0.0840596094589614,-0.07063639163970947,-0.2044275403022766,-0.04031561909727088,-0.07096731662750244,-0.28399959206581116,-0.0672306179862403,-0.06626468896865845,-0.3342435359954834,-0.0882136359672927,-0.059117913246154785,-0.38268953561782837,-0.10500391422323219,-0.02963012456893921,-0.20487338304519653,-0.047380457059659875,-0.02700096368789673,-0.2986476421356201,-0.07283051906637183,-0.019890248775482178,-0.3606431484222412,-0.09271778760961524,-0.012025773525238037,-0.4208827316761017,-0.10755580513290397,0.008081376552581787,-0.18021279573440552,-0.05712662114314071,0.012527525424957275,-0.26663321256637573,-0.08459532855562202,0.019414186477661133,-0.3220290541648865,-0.10148850678018562,0.02564769983291626,-0.3761501908302307,-0.11258492468408576,0.04221123456954956,-0.13935530185699463,-0.06881783007196418,0.04926687479019165,-0.19899624586105347,-0.09492925404123298,0.053871214389801025,-0.2408771514892578,-0.10671906767896644,0.05846726894378662,-0.28410905599594116,-0.11445042340568534
0.0,0.0,0.0,-0.05307888984680176,-0.03341364860534668,-0.033906690878268364,-0.08753818273544312,-0.07339894771575928,-0.06433495144307244,-0.07557141780853271,-0.10754191875457764,-0.08923249701916802,-0.02965003252029419,-0.1337854266166687,-0.11394612501322854,-0.07744324207305908,-0.11343550682067871,-0.07509189109265435,-0.06498384475708008,-0.12698113918304443,-0.11813727776467431,-0.03952425718307495,-0.14956313371658325,-0.1448624582117759,-0.018355727195739746,-0.17699795961380005,-0.16119997213542092,-0.03464066982269287,-0.09820175170898438,-0.07728736112773049,-0.011549830436706543,-0.13476496934890747,-0.11645587543904412,0.011034250259399414,-0.1772555708885193,-0.1324386746710502,0.028086364269256592,-0.21724086999893188,-0.14250880490004647,0.006456494331359863,-0.07348763942718506,-0.0818022490566932,0.027592182159423828,-0.11390054225921631,-0.11867855499446023,0.04752427339553833,-0.15676885843276978,-0.12656942020117867,0.05961012840270996,-0.20047277212142944,-0.1288555414503776,0.043504416942596436,-0.04303300380706787,-0.08825300644099343,0.0672118067741394,-0.07852250337600708,-0.11526035527646172,0.08077412843704224,-0.1146666407585144,-0.12070534388482201,0.08951640129089355,-0.15405386686325073,-0.12267848114430535
0.0,0.0,0.0,-0.06998628377914429,-0.019550025463104248,-0.022480948679856283,-0.1257060170173645,-0.08858591318130493,-0.03308980245213888,-0.12625783681869507,-0.16671687364578247,-0.043515884169153196,-0.09229111671447754,-0.21634042263031006,-0.053991966732553465,-0.11322087049484253,-0.22872978448867798,-0.00787508472870968,-0.13140380382537842,-0.31938648223876953,-0.02561167519610308,-0.1386510729789734,-0.3778049945831299,-0.0446859568737068,-0.14278864860534668,-0.4315823018550873,-0.060843669661096556,-0.07732123136520386,-0.24863499402999878,-0.014349479079953653,-0.09619778394699097,-0.3534597158432007,-0.028041590788177473,-0.10733985900878906,-0.4179914593696594,-0.045294240900091154,-0.11771416664123535,-0.47746333479881287,-0.05969344157796286,-0.04053884744644165,-0.24411576986312866,-0.02530421767454527,-0.05676549673080444,-0.34244054555892944,-0.03976211030106924,-0.06989628076553345,-0.40251871943473816,-0.05312854874949835,-0.08276599645614624,-0.4571443200111389,-0.06473926905613325,0.0015268325805664062,-0.2210940718650818,-0.03954264972429655,-0.009529829025268555,-0.2940558195114136,-0.05346670825105093,-0.019614577293395996,-0.3417492210865021,-0.060674083270839674,-0.030520081520080566,-0.38741207122802734,-0.06738139394741438
0.0,0.0,0.0,-0.0644599199295044,-0.015934884548187256,-0.008203165870440898,-0.11505413055419922,-0.08119535446166992,-0.011345456619096694,-0.12858659029006958,-0.1473652720451355,-0.017380995940698085,-0.11192864179611206,-0.19703125953674316,-0.023215398457182346,-0.1089245080947876,-0.20066803693771362,0.01356076422678143,-0.13470029830932617,-0.27966609597206116,0.002593154288547339,-0.1495252251625061,-0.3280870318412781,-0.01143429454816669,-0.15934062004089355,-0.37142544984817505,-0.023532370370162425,-0.08747053146362305,-0.21921473741531372,0.003568805489408078,-0.1177787184715271,-0.31200265884399414,-0.005892721269560752,-0.13385897874832153,-0.3691078722476959,-0.018750515099895892,-0.14626175165176392,-0.420614093542099,-0.029088732119930683,-0.060559988021850586,-0.22145825624465942,-0.01039208218855947,-0.0898970365524292,-0.31218093633651733,-0.020667519685162006,-0.10615944862365723,-0.36726945638656616,-0.02905354302777141,-0.11871469020843506,-0.4149761199951172,-0.036399603154791293,-0.026227891445159912,-0.21139436960220337,-0.026663476866019664,-0.04992568492889404,-0.2808438539505005,-0.035230603333843646,-0.06566762924194336,-0.32491880655288696,-0.03817753520263523,-0.08043926954269409,-0.3643396496772766,-0.04155774441017002
0.0,0.0,0.0,-0.06592625379562378,-0.057947516441345215,0.017085804839162222,-0.07686400413513184,-0.131477952003479,0.021431542236832968,-0.08089923858642578,-0.17923188209533691,0.01815113914432942,-0.09352988004684448,-0.21625065803527832,0.012796764497188917,-0.03691208362579346,-0.23404106497764587,0.02504190919223248,-0.061460137367248535,-0.3134634494781494,0.015962169740824095,-0.07438993453979492,-0.36625415086746216,0.005539112959532133,-0.08129596710205078,-0.4148699641227722,-0.0038947300030756082,-0.022049903869628906,-0.23368948698043823,0.0021303938725125704,-0.05843639373779297,-0.3276587128639221,-0.011211231115730413,-0.07473152875900269,-0.38851436972618103,-0.024614847030015596,-0.0821225643157959,-0.44519075751304626,-0.03489615465280593,-0.017495453357696533,-0.21598905324935913,-0.02205077628371299,-0.053009629249572754,-0.30992257595062256,-0.03749690647003234,-0.06834614276885986,-0.36972737312316895,-0.046888806622000345,-0.0728539228439331,-0.42462658882141113,-0.05384723539230407,-0.024525880813598633,-0.1888291835784912,-0.04564074869033874,-0.048744022846221924,-0.2606918215751648,-0.05991006339666427,-0.05978274345397949,-0.30900487303733826,-0.06626275251385749,-0.06320792436599731,-0.35717663168907166,-0.07162311742779792
0.0,0.0,0.0,-0.06628960371017456,-0.03194516897201538,-0.017631391336010438,-0.11181652545928955,-0.1123572587966919,-0.026062319327877503,-0.11158555746078491,-0.18765002489089966,-0.03548339967875336,-0.0783998966217041,-0.22851449251174927,-0.045044953276203614,-0.08358407020568848,-0.23593035340309143,-0.003614092751206499,-0.09500104188919067,-0.32464346289634705,-0.020632297073291284,-0.0979011058807373,-0.3807893991470337,-0.03843620633034561,-0.09722894430160522,-0.43244192004203796,-0.05335240279583786,-0.05114656686782837,-0.24734222888946533,-0.011383109067367059,-0.06216096878051758,-0.35169604420661926,-0.025545183841870767,-0.0671011209487915,-0.4161924123764038,-0.041531654347465974,-0.07074981927871704,-0.4766598045825958,-0.054473987121866685,-0.01794755458831787,-0.23781457543373108,-0.023331677813814622,-0.026316165924072266,-0.33752620220184326,-0.03812338997869347,-0.031646788120269775,-0.3978913426399231,-0.05020231594590996,-0.03654825687408447,-0.45191460847854614,-0.060246872057007295,0.018375039100646973,-0.21157360076904297,-0.038104525108622056,0.012845993041992188,-0.2864363193511963,-0.05160565515308235,0.007583677768707275,-0.3364230692386627,-0.058613671262548905,0.0013062357902526855,-0.38420844078063965,-0.06496680741457794
0.0,0.0,0.0,-0.06356608867645264,-0.031146466732025146,-0.03001511322395345,-0.10422223806381226,-0.12172883749008179,-0.04403670171336671,-0.07612431049346924,-0.20077842473983765,-0.05613338613943597,-0.02392059564590454,-0.21160751581192017,-0.06839173326329728,-0.09460675716400146,-0.24802786111831665,-0.018748321030898296,-0.09501218795776367,-0.34237590432167053,-0.03622720429734727,-0.09436112642288208,-0.40358734130859375,-0.05515982249812623,-0.09364324808120728,-0.45831531286239624,-0.07189992854432603,-0.055260658264160156,-0.26338812708854675,-0.021004371736808025,-0.05743223428726196,-0.3721919655799866,-0.03379641139940759,-0.06064850091934204,-0.4395679831504822,-0.04900184312896272,-0.06632190942764282,-0.5000304579734802,-0.062143978123231136,-0.01714611053466797,-0.25301045179367065,-0.02779779436127683,-0.02037149667739868,-0.35412782430648804,-0.03997564354972383,-0.02664470672607422,-0.4146749973297119,-0.05279726201729318,-0.035363852977752686,-0.46869605779647827,-0.0640763718827202,0.020423531532287598,-0.2236778736114502,-0.03876426482634088,0.01877373456954956,-0.29703348875045776,-0.050790548716349804,0.014453589916229248,-0.34580978751182556,-0.05816317016319772,0.009183406829833984,-0.3898952007293701,-0.06518599430160066
0.0,0.0,0.0,-0.06898701190948486,-0.00354689359664917,-0.01793196820983667,-0.13033616542816162,-0.06120842695236206,-0.02500487515101213,-0.13458466529846191,-0.14147484302520752,-0.03233112045893449,-0.10115349292755127,-0.18085336685180664,-0.04022527509698648,-0.14582055807113647,-0.15459370613098145,-0.001335514945481009,-0.17795288562774658,-0.22645273804664612,-0.014139426176939196,-0.19434183835983276,-0.2728091776371002,-0.02977501438329,-0.20700466632843018,-0.31606873869895935,-0.0438895190633275,-0.11662781238555908,-0.1858120560646057,-0.006466290218327231,-0.1535400152206421,-0.2658451497554779,-0.016562102598641104,-0.17601191997528076,-0.3160344958305359,-0.03155270242461938,-0.19709450006484985,-0.361693799495697,-0.04430871853003282,-0.08192342519760132,-0.19804835319519043,-0.01542494469651956,-0.11385595798492432,-0.2742953896522522,-0.026519403097722716,-0.13536524772644043,-0.3207091689109802,-0.03862433159122247,-0.15556418895721436,-0.36004161834716797,-0.048944931713435835,-0.041058897972106934,-0.1976245641708374,-0.02712877490887422,-0.06469219923019409,-0.25445276498794556,-0.0375624450422265,-0.08224928379058838,-0.2902644872665405,-0.04328530677923936,-0.09923946857452393,-0.3217775225639343,-0.04906154447564859
0.0,0.0,0.0,-0.0632253885269165,-0.02639693021774292,-0.030057160788487636,-0.10516643524169922,-0.10244244337081909,-0.04722253479928895,-0.07927459478378296,-0.17227017879486084,-0.06264036022992059,-0.032928526401519775,-0.1803092360496521,-0.07974380128950997,-0.09355133771896362,-0.22756999731063843,-0.030655062430810176,-0.0980270504951477,-0.3200520873069763,-0.05427424856395646,-0.09912580251693726,-0.3825511932373047,-0.07654039435954019,-0.09856337308883667,-0.44035065174102783,-0.09497138732047006,-0.05316901206970215,-0.24432992935180664,-0.03539425753922387,-0.05873757600784302,-0.35466116666793823,-0.05505449199051782,-0.0627637505531311,-0.42823320627212524,-0.07469268762440606,-0.06868946552276611,-0.4952392280101776,-0.09067585193486138,-0.014663279056549072,-0.2360936999320984,-0.04407866918415948,-0.01777935028076172,-0.33611106872558594,-0.06346855186791345,-0.023935317993164062,-0.40192902088165283,-0.08172984295458718,-0.03227353096008301,-0.4603921175003052,-0.09568445258707925,0.024420320987701416,-0.2101987600326538,-0.05627107494444772,0.025063037872314453,-0.2884114980697632,-0.0742723854717724,0.020761966705322266,-0.3397536873817444,-0.08552775406212731,0.014376819133758545,-0.38486015796661377,-0.09487728648753091
0.0,0.0,0.0,-0.06547653675079346,-0.01973634958267212,-0.014301821008842808,-0.11925166845321655,-0.0856778621673584,-0.02425209561042152,-0.1364784836769104,-0.15194076299667358,-0.03624819906107746,-0.11934548616409302,-0.19749701023101807,-0.04885038302890621,-0.12130934000015259,-0.2102261781692505,-0.006552917767834288,-0.14881598949432373,-0.29951363801956177,-0.026559402585547787,-0.16516882181167603,-0.3559935688972473,-0.04576057137600742,-0.17751771211624146,-0.4055042862892151,-0.06094066740624271,-0.09672439098358154,-0.2238662838935852,-0.017591794372123104,-0.12902677059173584,-0.32656675577163696,-0.03507804440013729,-0.14811843633651733,-0.3926253616809845,-0.052964236006658894,-0.16438573598861694,-0.4516333341598511,-0.06666514219395481,-0.06633281707763672,-0.22130697965621948,-0.032151631430309635,-0.09796541929244995,-0.3191147446632385,-0.04882271529785953,-0.11522561311721802,-0.38062426447868347,-0.061700108811777454,-0.12958282232284546,-0.43384283781051636,-0.07187452109209858,-0.030229628086090088,-0.20485937595367432,-0.049204322860163074,-0.05518001317977905,-0.2759210467338562,-0.06358057947508655,-0.07189977169036865,-0.32346606254577637,-0.07035044522635303,-0.08663278818130493,-0.36638832092285156,-0.07619184197537265
0.0,0.0,0.0,-0.07872998714447021,-0.036839306354522705,0.004189459581155575,-0.11478102207183838,-0.10610014200210571,-0.002390595411654317,-0.13559293746948242,-0.15390026569366455,-0.01207675647712847,-0.1509149670600891,-0.1747540831565857,-0.024607617899548018,-0.07227259874343872,-0.21696734428405762,-0.01653035779274603,-0.1312893033027649,-0.27321097254753113,-0.03600767862774035,-0.15951842069625854,-0.3051971197128296,-0.0509509840307345,-0.17633777856826782,-0.3408046364784241,-0.0632430450317969,-0.05770140886306763,-0.21298986673355103,-0.034912905215989554,-0.13299715518951416,-0.29659372568130493,-0.05968827617145678,-0.17058193683624268,-0.3592027425765991,-0.07694922250486513,-0.19654256105422974,-0.4194130301475525,-0.09014898401476046,-0.05326354503631592,-0.18229734897613525,-0.05281268295622965,-0.12532591819763184,-0.27198487520217896,-0.07920890909410616,-0.15888720750808716,-0.33145326375961304,-0.09233579647518297,-0.1795397400856018,-0.39079055190086365,-0.10102784496523043,-0.06110435724258423,-0.13651281595230103,-0.06967054170347353,-0.10612493753433228,-0.19932305812835693,-0.095235391080152,-0.13197940587997437,-0.2468029260635376,-0.10676977646328112,-0.14902245998382568,-0.2980165481567383,-0.11503580075479647
0.0,0.0,0.0,-0.06719237565994263,-0.014330625534057617,-0.021664763140194054,-0.1257239580154419,-0.07660329341888428,-0.033421922745816346,-0.12982290983200073,-0.1552211046218872,-0.04529962343227112,-0.0961574912071228,-0.2022634744644165,-0.05786557150136673,-0.1253306269645691,-0.199241042137146,-0.014522976512722607,-0.15356892347335815,-0.2830677628517151,-0.03405290496598923,-0.1685854196548462,-0.3376709520816803,-0.05344528731953346,-0.18017470836639404,-0.38968998193740845,-0.0699065293098613,-0.09381687641143799,-0.22194576263427734,-0.021755958246700402,-0.12546950578689575,-0.32117944955825806,-0.03849979517113411,-0.14495539665222168,-0.3848903179168701,-0.056687146695963975,-0.16351807117462158,-0.44552791118621826,-0.07142594856273377,-0.05789470672607422,-0.22300660610198975,-0.03278109458338463,-0.08395588397979736,-0.3165554404258728,-0.0500640387560054,-0.10223907232284546,-0.3748738765716553,-0.06532819968711578,-0.11983883380889893,-0.42748165130615234,-0.07744642746698105,-0.016462981700897217,-0.207755446434021,-0.04672585454832756,-0.03512978553771973,-0.2787962555885315,-0.06341311735164368,-0.0509871244430542,-0.32666265964508057,-0.07321348440896713,-0.06710606813430786,-0.3704715371131897,-0.08142179650317871
0.0,0.0,0.0,-0.04931938648223877,-0.03942912817001343,-0.039431548515779014,-0.06920713186264038,-0.1058623194694519,-0.06297930965803289,-0.02659773826599121,-0.14761239290237427,-0.082226416865808,0.022851645946502686,-0.15073806047439575,-0.1019555468358817,-0.027413487434387207,-0.21356970071792603,-0.04656170571826124,-0.004852712154388428,-0.28888842463493347,-0.07469326893470907,0.01342839002609253,-0.33849024772644043,-0.0990098703899207,0.030623435974121094,-0.38466137647628784,-0.11799917260788106,0.01519078016281128,-0.21715819835662842,-0.04581342900775098,0.04304760694503784,-0.3088434934616089,-0.06905047486208105,0.06155836582183838,-0.36933064460754395,-0.09080444912098073,0.07545614242553711,-0.42879658937454224,-0.10852103571079397,0.04735761880874634,-0.19909435510635376,-0.04892710487030172,0.07657194137573242,-0.28042563796043396,-0.07001821587465429,0.09210628271102905,-0.33791762590408325,-0.0890832010903182,0.10197645425796509,-0.3924041986465454,-0.10385392496965551,0.07438898086547852,-0.16406762599945068,-0.055837868551236625,0.09859377145767212,-0.22657519578933716,-0.07393671462915563,0.11125880479812622,-0.26998332142829895,-0.08547691146515035,0.11957812309265137,-0.3110572099685669,-0.09515749553821706
0.0,0.0,0.0,-0.06856518983840942,-0.029735207557678223,-0.02289949330724994,-0.11604446172714233,-0.10635101795196533,-0.03224978569187442,-0.10594832897186279,-0.18785250186920166,-0.04150742638148586,-0.06582975387573242,-0.22806134819984436,-0.05036479952968875,-0.10481429100036621,-0.22551405429840088,-0.0009632659725866688,-0.11825793981552124,-0.3136564791202545,-0.015488213591652311,-0.12269443273544312,-0.36938124895095825,-0.03340314301885883,-0.12489461898803711,-0.4206545650959015,-0.04912426295913974,-0.06950050592422485,-0.24421897530555725,-0.004964595392721094,-0.08508515357971191,-0.34337374567985535,-0.015672461793201364,-0.09421581029891968,-0.4046863317489624,-0.03212818104066173,-0.10392272472381592,-0.4626396894454956,-0.046277038485186495,-0.0344005823135376,-0.24060368537902832,-0.013736186281221308,-0.046721816062927246,-0.3315127491950989,-0.025080790475385584,-0.05699712038040161,-0.38752973079681396,-0.03767974647917072,-0.06850504875183105,-0.4372786283493042,-0.04875648367442409,0.0055844783782958984,-0.2198680341243744,-0.026051051646845735,-0.0018599629402160645,-0.2891099154949188,-0.03648119020499507,-0.010001122951507568,-0.3341377377510071,-0.04264143455066005,-0.02049499750137329,-0.3759341239929199,-0.04889175641574184
0.0,0.0,0.0,-0.05197727680206299,-0.047049760818481445,-0.026015509795399794,-0.07784444093704224,-0.125013530254364,-0.04207712126896013,-0.04810464382171631,-0.18119007349014282,-0.05666815577075113,-0.004087090492248535,-0.1877990961074829,-0.07273921085521806,-0.02935558557510376,-0.23353031277656555,-0.028625390436502585,-0.012023389339447021,-0.3205755949020386,-0.05102314142510522,0.0032624006271362305,-0.3762108087539673,-0.07113093597814668,0.01828378438949585,-0.4263991117477417,-0.08684373361990083,0.011076688766479492,-0.23220402002334595,-0.03374860523268808,0.03458064794540405,-0.33556583523750305,-0.05164779065177072,0.05092078447341919,-0.4021967053413391,-0.06856175227090944,0.06531751155853271,-0.46188294887542725,-0.08191629214212526,0.043849825859069824,-0.20989865064620972,-0.0421982900612079,0.06661784648895264,-0.30554822087287903,-0.05980565486476053,0.08126294612884521,-0.36583411693573,-0.07320041669532884,0.093788743019104,-0.419776052236557,-0.08343990607187379,0.07227545976638794,-0.1706622838973999,-0.053542842101308,0.09029930830001831,-0.23955047130584717,-0.06924929929897417,0.10232013463973999,-0.2835531234741211,-0.07525426609441865,0.11312216520309448,-0.32316434383392334,-0.08014685375616182
0.0,0.0,0.0,-0.06539762020111084,-0.02946484088897705,-0.02281250434216986,-0.11460864543914795,-0.10211098194122314,-0.033250080442400076,-0.10226708650588989,-0.17577719688415527,-0.04329955393669138,-0.06550681591033936,-0.21893173456192017,-0.05224783906933794,-0.10950177907943726,-0.22722503542900085,-0.0031546433664573215,-0.1295642852783203,-0.30386292934417725,-0.02049532348510752,-0.13622796535491943,-0.35613030195236206,-0.041182594394655325,-0.13880956172943115,-0.4054509997367859,-0.058874627596111395,-0.07531517744064331,-0.24968665838241577,-0.006699314827443459,-0.09875178337097168,-0.3386055827140808,-0.018914649283857443,-0.10910266637802124,-0.3936282694339752,-0.034469990080566504,-0.11769795417785645,-0.4494442939758301,-0.04805995339748392,-0.040924131870269775,-0.24938300251960754,-0.015094828812749483,-0.060257673263549805,-0.33458608388900757,-0.027515703833074667,-0.07140743732452393,-0.38718584179878235,-0.036703949815006354,-0.08053445816040039,-0.4332408905029297,-0.04512487912771235,0.001950681209564209,-0.22954338788986206,-0.0271863527804328,-0.009983956813812256,-0.29865309596061707,-0.03860602343675623,-0.01893448829650879,-0.33940190076828003,-0.04307724723813067,-0.02902531623840332,-0.37612420320510864,-0.0474770311474515
0.0,0.0,0.0,-0.051426589488983154,-0.049129366874694824,-0.029391768275843333,-0.08129334449768066,-0.13445550203323364,-0.04823392897759504,-0.054966092109680176,-0.19485104084014893,-0.06507300481115408,-0.012065887451171875,-0.1977686882019043,-0.08349189057861395,-0.03279763460159302,-0.25162217020988464,-0.035164478122339915,-0.014832556247711182,-0.34305596351623535,-0.06084689021025724,0.0020273327827453613,-0.4017254114151001,-0.08330414339815206,0.020242512226104736,-0.45407575368881226,-0.1010100607565505,0.007927656173706055,-0.24668210744857788,-0.04094255983744688,0.029687464237213135,-0.3548591136932373,-0.06191894307647772,0.04684436321258545,-0.4237617552280426,-0.08117984130893774,0.06310898065567017,-0.48510998487472534,-0.09654520347629614,0.04158937931060791,-0.21932905912399292,-0.05033874779854841,0.0633847713470459,-0.3195738196372986,-0.07108403637920446,0.0777592658996582,-0.3844711184501648,-0.0878928293279273,0.09029239416122437,-0.4420805275440216,-0.10069992288862295,0.07208466529846191,-0.17469990253448486,-0.06283903762613363,0.09006023406982422,-0.24686408042907715,-0.08199110522781439,0.10084342956542969,-0.29598504304885864,-0.09187316045080252,0.10962200164794922,-0.3400428295135498,-0.09987183555875845
0.0,0.0,0.0,-0.06745606660842896,-0.0232887864112854,-0.02061685608072139,-0.12225210666656494,-0.08675789833068848,-0.03257158645732261,-0.12925422191619873,-0.16299968957901,-0.04492936157924987,-0.09938180446624756,-0.2162083387374878,-0.05710922428710319,-0.12022131681442261,-0.21404913067817688,-0.006649305255393756,-0.14472198486328125,-0.30127668380737305,-0.0261607381079898,-0.1556471586227417,-0.35835009813308716,-0.046757160363029016,-0.16221195459365845,-0.4120742082595825,-0.06359549858910896,-0.0891423225402832,-0.23549595475196838,-0.013691702534686101,-0.11607712507247925,-0.33689066767692566,-0.02842228920502521,-0.1298586130142212,-0.3992159366607666,-0.04587625586731292,-0.14166855812072754,-0.4589822292327881,-0.06033550449950553,-0.05450564622879028,-0.23510116338729858,-0.024989408117960465,-0.07724994421005249,-0.331687331199646,-0.03945282348735191,-0.09238606691360474,-0.3896065354347229,-0.05067623281223632,-0.10528427362442017,-0.44096338748931885,-0.06044334420306541,-0.011862337589263916,-0.2183314561843872,-0.03947081291420318,-0.028074204921722412,-0.2928904592990875,-0.05187388756615974,-0.041478753089904785,-0.3405117690563202,-0.05694297203166343,-0.055663228034973145,-0.3835645318031311,-0.06200849884493209
0.0,0.0,0.0,-0.05074506998062134,-0.0485609769821167,-0.03572020953612309,-0.07233536243438721,-0.1301262378692627,-0.0548910526009081,-0.03248488903045654,-0.18349474668502808,-0.07071460684852582,0.019978880882263184,-0.18668097257614136,-0.08702559670524579,-0.028850913047790527,-0.24180248379707336,-0.03469061380343419,-0.0014183521270751953,-0.32876330614089966,-0.060031625387239274,0.01772099733352661,-0.3886684775352478,-0.08230684598999005,0.03464561700820923,-0.44223588705062866,-0.09922221204357129,0.011066019535064697,-0.24282553791999817,-0.03552705695943814,0.04051566123962402,-0.3460875451564789,-0.055276232716607865,0.0579150915145874,-0.41648417711257935,-0.07273544272499066,0.07160770893096924,-0.47926580905914307,-0.08635861327962857,0.04328888654708862,-0.22165954113006592,-0.04096013208942395,0.07029181718826294,-0.31465989351272583,-0.06010627275423985,0.08621281385421753,-0.3786572217941284,-0.07513863494710904,0.09806936979293823,-0.4351063072681427,-0.08607362112121564,0.0711979866027832,-0.18381619453430176,-0.05044570094065648,0.09228640794754028,-0.2541290819644928,-0.06741188367919904,0.10367143154144287,-0.2996927797794342,-0.07541124424056989,0.11182516813278198,-0.33928894996643066,-0.08156967809514981
0.0,0.0,0.0,-0.07023298740386963,-0.004555940628051758,-0.024324255969219166,-0.13240832090377808,-0.048947930335998535,-0.03864123203962322,-0.14237427711486816,-0.12715190649032593,-0.05198344492524143,-0.11372089385986328,-0.18001776933670044,-0.06499314212410923,-0.15047955513000488,-0.16852420568466187,-0.01886980698614593,-0.19141530990600586,-0.25021323561668396,-0.03814295211046215,-0.21446490287780762,-0.30072811245918274,-0.056547942545108754,-0.2339388132095337,-0.3481193780899048,-0.07208561056464191,-0.12078547477722168,-0.20183280110359192,-0.02408826814203735,-0.16542422771453857,-0.2933462858200073,-0.039735487636022526,-0.1917409896850586,-0.3506650924682617,-0.05630719938486095,-0.2153865098953247,-0.40399086475372314,-0.06983026766388889,-0.08320111036300659,-0.2135654091835022,-0.03292272516696926,-0.1237230896949768,-0.3001035153865814,-0.048990457292489964,-0.14916980266571045,-0.35396111011505127,-0.06266084962695118,-0.17271709442138672,-0.4014819264411926,-0.07351136856883045,-0.0358119010925293,-0.21052396297454834,-0.044690116282396275,-0.06524282693862915,-0.27931174635887146,-0.06059986257164951,-0.08677226305007935,-0.3222290277481079,-0.06867052518933292,-0.10730612277984619,-0.35976308584213257,-0.07481218033640857
0.0,0.0,0.0,-0.05337029695510864,-0.04850912094116211,-0.026607912784356813,-0.08471053838729858,-0.13299250602722168,-0.04321008064403031,-0.06340783834457397,-0.19571995735168457,-0.05821360163940881,-0.023590147495269775,-0.21110695600509644,-0.07428952940358613,-0.03308820724487305,-0.2580585777759552,-0.02960341498805974,-0.012259602546691895,-0.34484654664993286,-0.05421269573821519,0.006553769111633301,-0.3982340693473816,-0.07621167488946412,0.0264473557472229,-0.44608795642852783,-0.09339729585303758,0.006605982780456543,-0.24915790557861328,-0.035979176690716486,0.032433927059173584,-0.351505309343338,-0.05570236482276414,0.052200257778167725,-0.41418933868408203,-0.07317066081418488,0.07182037830352783,-0.46815845370292664,-0.08688348420514558,0.039620280265808105,-0.21826815605163574,-0.04616998024835084,0.06365752220153809,-0.31535178422927856,-0.06602623202456925,0.08150273561477661,-0.37585389614105225,-0.07968798913611863,0.09814733266830444,-0.4289235770702362,-0.09006775059356187,0.06922131776809692,-0.16884249448776245,-0.05936633684291337,0.0887802243232727,-0.23984122276306152,-0.07799631991042588,0.09974503517150879,-0.28758540749549866,-0.08600725867404435,0.10820692777633667,-0.3300391733646393,-0.09217906632079576
0.0,0.0,0.0,-0.07006758451461792,-0.008838057518005371,-0.02546634908424039,-0.13490337133407593,-0.05954432487487793,-0.03940505731509347,-0.1427432894706726,-0.14090055227279663,-0.05236617672846933,-0.10955601930618286,-0.19496828317642212,-0.0649653879146399,-0.15042996406555176,-0.17599183320999146,-0.018404716734153226,-0.18847322463989258,-0.2586986720561981,-0.038249330703479245,-0.20956885814666748,-0.3117360472679138,-0.05770866024897714,-0.22818410396575928,-0.361538827419281,-0.0743609276752295,-0.11955523490905762,-0.20674830675125122,-0.023072987903219655,-0.16241061687469482,-0.29786503314971924,-0.0394238812069716,-0.18794184923171997,-0.3557544946670532,-0.05639788332985063,-0.21278977394104004,-0.4109303057193756,-0.07037655088709016,-0.08178043365478516,-0.2159937024116516,-0.031570894752007916,-0.12047404050827026,-0.3046073317527771,-0.04881613526151796,-0.14435696601867676,-0.3589944541454315,-0.06204857129262109,-0.1676027774810791,-0.40722835063934326,-0.0724378508667769,-0.034915804862976074,-0.210216224193573,-0.043187851194602445,-0.06209534406661987,-0.2802097797393799,-0.060515651587707,-0.0823512077331543,-0.32515186071395874,-0.06883131537244935,-0.10192346572875977,-0.36492249369621277,-0.0751028117875876
0.0,0.0,0.0,-0.04842400550842285,-0.05552017688751221,-0.019455434126768978,-0.07622623443603516,-0.13800477981567383,-0.03488620866647807,-0.07143151760101318,-0.20340955257415771,-0.05017709110489932,-0.03644174337387085,-0.21988272666931152,-0.06640783448330012,-0.023676812648773193,-0.2542020380496979,-0.023806008813892277,-0.004882097244262695,-0.3456026315689087,-0.048013520730648906,0.009486734867095947,-0.4029424786567688,-0.0684373130332574,0.024297595024108887,-0.4517030715942383,-0.08375610907188502,0.006743431091308594,-0.23979365825653076,-0.03380443279257861,0.030710816383361816,-0.34755557775497437,-0.053603233141814144,0.04796469211578369,-0.41661912202835083,-0.06991177548280803,0.06533783674240112,-0.4740723967552185,-0.08201410372367945,0.03268307447433472,-0.20559954643249512,-0.04688499618879405,0.054398953914642334,-0.30570143461227417,-0.06652857114187327,0.07175964117050171,-0.3692287802696228,-0.0786963080298051,0.08954727649688721,-0.4229919910430908,-0.0874412630926713,0.05295300483703613,-0.1549805998802185,-0.062311155093823345,0.06869238615036011,-0.2214735746383667,-0.07982700069061366,0.08099997043609619,-0.26827672123908997,-0.08625951160303202,0.09473943710327148,-0.30976539850234985,-0.09090654302946177
0.0,0.0,0.0,-0.06731325387954712,0.0017883777618408203,-0.020598939301663677,-0.13390010595321655,-0.04074913263320923,-0.03244082318454389,-0.1513000726699829,-0.11705124378204346,-0.04470566348939542,-0.1289960741996765,-0.16935104131698608,-0.05691970946102742,-0.16097211837768555,-0.15547406673431396,-0.013280043991500179,-0.2065819501876831,-0.2293480932712555,-0.03268285156994466,-0.2314239740371704,-0.27651938796043396,-0.051599451022440235,-0.25201523303985596,-0.3203620910644531,-0.06735861362724904,-0.1335093379020691,-0.1900850534439087,-0.021033723520332614,-0.18325453996658325,-0.27854734659194946,-0.0373965098133624,-0.21291828155517578,-0.3343459367752075,-0.05445869700818662,-0.2404208779335022,-0.38486170768737793,-0.0682386464050353,-0.09761661291122437,-0.20590639114379883,-0.032481056319767276,-0.14275771379470825,-0.2917822003364563,-0.04866326661615972,-0.17058080434799194,-0.3446095585823059,-0.061807383464866916,-0.19692403078079224,-0.3898700475692749,-0.07249484272509221,-0.05275416374206543,-0.20786994695663452,-0.04679646404295568,-0.08562308549880981,-0.2730477452278137,-0.061947111653381626,-0.10926753282546997,-0.31542110443115234,-0.06920971782713536,-0.13122105598449707,-0.3519112467765808,-0.07524576844483022
0.0,0.0,0.0,-0.05475825071334839,-0.048563241958618164,-0.018942010012153787,-0.0863000750541687,-0.12880200147628784,-0.03207463434029023,-0.08800578117370605,-0.19414842128753662,-0.04617429560113351,-0.05783677101135254,-0.2218165397644043,-0.06065326219487588,-0.04117828607559204,-0.2545201778411865,-0.010159912873689336,-0.028030812740325928,-0.342863529920578,-0.03170992469478051,-0.015449047088623047,-0.396479070186615,-0.05288539862323205,-0.0014324188232421875,-0.4428562521934509,-0.06909548899221818,-0.013390600681304932,-0.24584633111953735,-0.018864892777685327,0.003075838088989258,-0.3439159393310547,-0.035654891636852426,0.015700459480285645,-0.40442758798599243,-0.05225890910315911,0.02999776601791382,-0.4570629596710205,-0.06489909848261277,0.012882232666015625,-0.22159433364868164,-0.03161520918894212,0.026337385177612305,-0.3151244521141052,-0.04803682899165551,0.0380328893661499,-0.37366583943367004,-0.058532540109638376,0.05037111043930054,-0.4234558939933777,-0.06675933709431092,0.03719216585159302,-0.1809040904045105,-0.04731560161400239,0.04906129837036133,-0.24484306573867798,-0.06084644457388322,0.05777585506439209,-0.28474998474121094,-0.06444286963034074,0.06550532579421997,-0.31896889209747314,-0.06755220552969377
0.0,0.0,0.0,-0.06776905059814453,-0.00757145881652832,-0.022565454214628744,-0.12958931922912598,-0.06462842226028442,-0.034795807644542265,-0.14003515243530273,-0.1410502791404724,-0.04718615297954898,-0.11642038822174072,-0.19817233085632324,-0.05918478403967242,-0.14386892318725586,-0.1821804642677307,-0.011669134691175032,-0.18097436428070068,-0.2648613750934601,-0.03223219324630122,-0.20247572660446167,-0.3176911473274231,-0.05176623721402507,-0.21944975852966309,-0.3645836114883423,-0.06733652015012126,-0.11528229713439941,-0.20572996139526367,-0.017830448195155668,-0.15847808122634888,-0.29571905732154846,-0.037247432365830946,-0.18449103832244873,-0.35424482822418213,-0.05612028945964198,-0.20869046449661255,-0.40726086497306824,-0.06989560832064967,-0.08000284433364868,-0.21376121044158936,-0.02808340449612956,-0.12109583616256714,-0.3031933009624481,-0.04794947986286502,-0.14729177951812744,-0.3591163158416748,-0.06257673163693767,-0.17202860116958618,-0.40731751918792725,-0.0726455058602653,-0.03694862127304077,-0.21059995889663696,-0.04111787115019183,-0.06716787815093994,-0.28099721670150757,-0.059374229952510404,-0.08939880132675171,-0.32805609703063965,-0.06849118877929072,-0.11105328798294067,-0.36971402168273926,-0.07468601126950603
0.0,0.0,0.0,-0.04078543186187744,-0.06644165515899658,-0.016466212789850942,-0.054594993591308594,-0.14980429410934448,-0.031130367289620153,-0.044592440128326416,-0.20417654514312744,-0.04627382881506037,-0.015131771564483643,-0.21788394451141357,-0.06250627465112757,0.00852900743484497,-0.2511391043663025,-0.027505166228252165,0.03710108995437622,-0.33582186698913574,-0.053124335925417654,0.0560145378112793,-0.3881417512893677,-0.07311963416202616,0.07378029823303223,-0.43419116735458374,-0.0880818603144462,0.034449219703674316,-0.23029598593711853,-0.03988378993733477,0.06799745559692383,-0.33036234974861145,-0.062276703636484854,0.09344160556793213,-0.3942437171936035,-0.07956489301784586,0.11735230684280396,-0.4489220976829529,-0.09217903144224238,0.05338782072067261,-0.18911856412887573,-0.05473567299111437,0.08446437120437622,-0.28340092301368713,-0.07761514313085627,0.11026394367218018,-0.33907973766326904,-0.09111141539676737,0.13472408056259155,-0.3878026604652405,-0.10033741719587397,0.06595849990844727,-0.13321572542190552,-0.07133130855424952,0.08832281827926636,-0.19787418842315674,-0.09292387343509745,0.10502851009368896,-0.2425176501274109,-0.10154707110984873,0.12224513292312622,-0.28409069776535034,-0.10728817559345316
0.0,0.0,0.0,-0.06747758388519287,-0.02698284387588501,-0.019396326023013444,-0.11167353391647339,-0.099090576171875,-0.026137942897946687,-0.10171562433242798,-0.17582088708877563,-0.03287474110987887,-0.07110846042633057,-0.2200671136379242,-0.03925468817618594,-0.10771363973617554,-0.19553285837173462,0.0029980011909742643,-0.12136363983154297,-0.2760466933250427,-0.00901363555607304,-0.12559223175048828,-0.32736697793006897,-0.024448384049208016,-0.12858480215072632,-0.37306952476501465,-0.03764155924585566,-0.07101237773895264,-0.21328571438789368,-0.00023524086140014333,-0.08562594652175903,-0.3020811975002289,-0.008485353070170731,-0.09351503849029541,-0.3555148243904114,-0.02321725569930777,-0.10269880294799805,-0.4049808979034424,-0.03609414816168055,-0.0357784628868103,-0.21253815293312073,-0.007787342632980199,-0.046543776988983154,-0.2936893403530121,-0.017515162455708833,-0.05578327178955078,-0.33862268924713135,-0.027527954879076333,-0.06507396697998047,-0.3750886023044586,-0.03628741994765505,0.0025821328163146973,-0.20094150304794312,-0.018320942747266145,-0.009173333644866943,-0.2618531584739685,-0.02674240291383967,-0.018295466899871826,-0.29614463448524475,-0.029986113759548516,-0.0281522274017334,-0.3249225616455078,-0.03372671500113711
0.0,0.0,0.0,-0.0644376277923584,-0.01644498109817505,-0.02588477142779766,-0.11702179908752441,-0.08300846815109253,-0.038015812343644484,-0.11350852251052856,-0.16280484199523926,-0.04906730697183548,-0.07368981838226318,-0.20030999183654785,-0.06075655639796196,-0.11237472295761108,-0.19778716564178467,-0.016599368012236937,-0.13160479068756104,-0.28265416622161865,-0.03507825703053413,-0.14048051834106445,-0.3382747769355774,-0.05361688852934776,-0.14708954095840454,-0.39034831523895264,-0.06947220460205017,-0.07754015922546387,-0.21954494714736938,-0.020621061033295973,-0.09895682334899902,-0.3164343237876892,-0.03596544609098373,-0.11226457357406616,-0.3780685067176819,-0.053570355928229674,-0.12619757652282715,-0.4366605877876282,-0.06797153100995956,-0.041114211082458496,-0.21941518783569336,-0.028658544352936133,-0.05859750509262085,-0.308389812707901,-0.044729727959918364,-0.07294684648513794,-0.3654409348964691,-0.060362234419869765,-0.08853340148925781,-0.41777288913726807,-0.07278228149442612,-0.0013051033020019531,-0.20348644256591797,-0.039898305839585646,-0.013214111328125,-0.27076467871665955,-0.05553086072831093,-0.023850739002227783,-0.3169623613357544,-0.06516245350866257,-0.03546494245529175,-0.3602536618709564,-0.0732613910797113
0.0,0.0,0.0,-0.07132041454315186,-0.020002007484436035,-0.017868667454479237,-0.12318027019500732,-0.08610290288925171,-0.026791050643680592,-0.12154501676559448,-0.1637827754020691,-0.036463925228474636,-0.09466934204101562,-0.2135210633277893,-0.04667123927271177,-0.12325602769851685,-0.19579142332077026,-0.004166391291676064,-0.14747142791748047,-0.27841898798942566,-0.020722962529418965,-0.15837758779525757,-0.3307202160358429,-0.03855444265997221,-0.1662207841873169,-0.3796879053115845,-0.053506346032975216,-0.0905301570892334,-0.21909451484680176,-0.011200594329295654,-0.11819213628768921,-0.31346458196640015,-0.024667555079815884,-0.1345081925392151,-0.3709547519683838,-0.0415708586434107,-0.1502629518508911,-0.4241149425506592,-0.05545799209272673,-0.05521070957183838,-0.22256892919540405,-0.022107634306905766,-0.07824128866195679,-0.31193140149116516,-0.03591016827618887,-0.09455251693725586,-0.3657485842704773,-0.04851959048306753,-0.11119920015335083,-0.4135127067565918,-0.05913161634003927,-0.014626562595367432,-0.21069949865341187,-0.03571809230840017,-0.032825589179992676,-0.27906399965286255,-0.04798495172059347,-0.04753631353378296,-0.32283318042755127,-0.05409092231190016,-0.06391257047653198,-0.3627031147480011,-0.059937053904889126
0.0,0.0,0.0,-0.06287723779678345,-0.02422618865966797,-0.025374246326123284,-0.11164385080337524,-0.09421229362487793,-0.03813271367255311,-0.10346484184265137,-0.16778165102005005,-0.05011166774932008,-0.06349313259124756,-0.19980460405349731,-0.06280309104624848,-0.0988234281539917,-0.2132754921913147,-0.017575548526679086,-0.1121094822883606,-0.3000582754611969,-0.03749371090236764,-0.11689126491546631,-0.35683757066726685,-0.0572069450587378,-0.11889952421188354,-0.4103320837020874,-0.07367684834900956,-0.06190907955169678,-0.23093193769454956,-0.022682090786133813,-0.07612240314483643,-0.3325214385986328,-0.038946715679799127,-0.08521699905395508,-0.3978484869003296,-0.05758637705150704,-0.09450304508209229,-0.4605589210987091,-0.07275165015164475,-0.02479487657546997,-0.2258758544921875,-0.031773292955790566,-0.033771634101867676,-0.31874731183052063,-0.04874124520722489,-0.04262185096740723,-0.37821799516677856,-0.06479435556832414,-0.053042829036712646,-0.432853102684021,-0.07738940560523133,0.01469343900680542,-0.20359289646148682,-0.044006196346913384,0.00990360975265503,-0.2728672921657562,-0.06014746942821603,0.0029653310775756836,-0.32010194659233093,-0.06959375881854157,-0.005698263645172119,-0.364277184009552,-0.0774781122178183
0.0,0.0,0.0,-0.0710248351097107,-0.02192133665084839,-0.02075083942332867,-0.12357628345489502,-0.09188264608383179,-0.029677674334436688,-0.11663508415222168,-0.16953128576278687,-0.03864161872485283,-0.08219951391220093,-0.21314233541488647,-0.04805198514083031,-0.12043905258178711,-0.20947182178497314,-0.006093865886271033,-0.1410367488861084,-0.2967742383480072,-0.02229503371933106,-0.14982366561889648,-0.35265618562698364,-0.040510742153912815,-0.156785249710083,-0.40357404947280884,-0.05603245475509766,-0.08643478155136108,-0.23167943954467773,-0.011470929879635605,-0.11024689674377441,-0.3288666009902954,-0.023719875302106175,-0.1250935196876526,-0.3887423872947693,-0.040432145979195866,-0.14008986949920654,-0.4438784718513489,-0.0544391406438649,-0.0507509708404541,-0.23280280828475952,-0.02092893065133694,-0.0704050064086914,-0.32318276166915894,-0.033220941360980305,-0.08603405952453613,-0.37886977195739746,-0.046490637745648655,-0.10194122791290283,-0.4272126853466034,-0.057877471830636296,-0.010001659393310547,-0.218011736869812,-0.03352946617820862,-0.02338087558746338,-0.2860746383666992,-0.04499592461803559,-0.034969866275787354,-0.32973194122314453,-0.0513442737720311,-0.0472642183303833,-0.3689451515674591,-0.057466162528783116
0.0,0.0,0.0,-0.06194967031478882,-0.02286076545715332,-0.027494243100477433,-0.10973715782165527,-0.09350377321243286,-0.04224066504855273,-0.09793007373809814,-0.17090463638305664,-0.05567631939072726,-0.05435436964035034,-0.202214777469635,-0.06985778802652476,-0.1019355058670044,-0.2173839807510376,-0.022997013047529435,-0.11374485492706299,-0.3070942759513855,-0.044494033545447564,-0.11671680212020874,-0.36630040407180786,-0.06530085647125361,-0.11678779125213623,-0.4213809669017792,-0.08246766471881983,-0.06322687864303589,-0.23562228679656982,-0.027450882584048486,-0.07617533206939697,-0.33935046195983887,-0.04456722059865115,-0.0832819938659668,-0.40685951709747314,-0.06352445924301264,-0.09062093496322632,-0.47119271755218506,-0.07914969021101115,-0.024624884128570557,-0.2311275601387024,-0.03579433330912707,-0.03377419710159302,-0.32481837272644043,-0.05274695971627352,-0.0419003963470459,-0.38447239995002747,-0.06874801659603236,-0.05147582292556763,-0.4387284219264984,-0.08152870529909251,0.015639305114746094,-0.209178626537323,-0.047503963798476434,0.01092827320098877,-0.28004831075668335,-0.06359450960178492,0.004489541053771973,-0.32857969403266907,-0.07323150032777903,-0.003359675407409668,-0.3729352355003357,-0.08134793186206934
0.0,0.0,0.0,-0.06794816255569458,-0.022129833698272705,-0.021870116300931386,-0.11966848373413086,-0.09250295162200928,-0.03214149975036662,-0.11630308628082275,-0.17252731323242188,-0.042396165959587506,-0.07907754182815552,-0.21736103296279907,-0.05289407499884646,-0.11405038833618164,-0.21446722745895386,-0.007362955313226394,-0.132912278175354,-0.3018561899662018,-0.023948919557085446,-0.1415156126022339,-0.3581351637840271,-0.04189522617315333,-0.14764970541000366,-0.40968310832977295,-0.05724487134074252,-0.0801466703414917,-0.23517733812332153,-0.012960085243037156,-0.10043662786483765,-0.3346589207649231,-0.0262809587345032,-0.11368638277053833,-0.3966746926307678,-0.043116555146923474,-0.12686067819595337,-0.4541090130805969,-0.056989096634140424,-0.04436212778091431,-0.23409050703048706,-0.0227523041591553,-0.061801791191101074,-0.3252004384994507,-0.036258385114422254,-0.07638740539550781,-0.3825813829898834,-0.049887389473667554,-0.09127765893936157,-0.4342118501663208,-0.06145363726471942,-0.004499554634094238,-0.21590745449066162,-0.035739247284880094,-0.01588582992553711,-0.2839515209197998,-0.04823170282696765,-0.0261838436126709,-0.3299347460269928,-0.05548033171152156,-0.03727364540100098,-0.3729707598686218,-0.06227637507771533
