0.0,0.0,0.0,-0.0679173469543457,-0.02175050973892212,0.0024722916283934637,-0.13028621673583984,-0.07028883695602417,-0.0002238253649267108,-0.17841798067092896,-0.09014201164245605,-0.0100436076312036,-0.2166547179222107,-0.10945785045623779,-0.019248244890448518,-0.0905299186706543,-0.19309473037719727,0.031661557427170806,-0.1205626130104065,-0.2541029155254364,0.01672978366029554,-0.15376150608062744,-0.27006638050079346,-0.0025583131494641975,-0.18593937158584595,-0.2688522934913635,-0.0163568682758779,-0.07137012481689453,-0.2026156783103943,0.014804057239118151,-0.10713040828704834,-0.2771700620651245,-0.004327400193986364,-0.149894118309021,-0.285771906375885,-0.0251407284079761,-0.18754494190216064,-0.26679912209510803,-0.03746227694439597,-0.05138629674911499,-0.20169252157211304,-0.006345703804370828,-0.08588624000549316,-0.27905285358428955,-0.023069222995516725,-0.13136500120162964,-0.2875441312789917,-0.03650142771887488,-0.16931676864624023,-0.27219319343566895,-0.0430265642492742,-0.03435039520263672,-0.1901443600654602,-0.028662845098850198,-0.0719531774520874,-0.2495402693748474,-0.04140762759136862,-0.10980284214019775,-0.2679063379764557,-0.049308383443829484,-0.14286816120147705,-0.2686009109020233,-0.0535883210389585
0.0,0.0,0.0,-0.06484651565551758,0.00878828763961792,-0.011704366874017325,-0.12541157007217407,-0.004306793212890625,-0.02292883138737878,-0.16801142692565918,-0.00726085901260376,-0.03693230751536092,-0.20891374349594116,-0.018759548664093018,-0.050549018416621294,-0.13527965545654297,-0.13871097564697266,0.008336617391488943,-0.17002952098846436,-0.1945599615573883,-0.01010157376162013,-0.19456905126571655,-0.21125167608261108,-0.03184967789433202,-0.21921497583389282,-0.20997202396392822,-0.04721178415796956,-0.11172997951507568,-0.15563172101974487,-0.0011515050298278595,-0.1469935178756714,-0.2197703719139099,-0.022435988519408312,-0.17490428686141968,-0.23140910267829895,-0.04567948285124501,-0.20165854692459106,-0.21860778331756592,-0.06040801781795224,-0.08403557538986206,-0.16408568620681763,-0.014693911407210436,-0.11824840307235718,-0.22790929675102234,-0.03216303813836774,-0.14871764183044434,-0.24005740880966187,-0.04737651276967725,-0.17683762311935425,-0.23023554682731628,-0.056411008570410814,-0.050536930561065674,-0.16336089372634888,-0.03014100458107194,-0.08198320865631104,-0.21122771501541138,-0.04452311176440915,-0.1114281415939331,-0.2284337878227234,-0.05356702882430753,-0.13957726955413818,-0.2311633825302124,-0.05894743952534398
0.0,0.0,0.0,-0.07062995433807373,-0.022816181182861328,0.003926054015295222,-0.13162308931350708,-0.07106876373291016,-0.0001699813937250383,-0.17707985639572144,-0.08988296985626221,-0.01110678454907088,-0.21295607089996338,-0.10885941982269287,-0.02149255117447524,-0.07825297117233276,-0.19916695356369019,0.02613262729673238,-0.1115296483039856,-0.26272621750831604,0.00937908226578088,-0.14857178926467896,-0.28044939041137695,-0.010338001978112743,-0.18393874168395996,-0.280400812625885,-0.02426415225536971,-0.06011754274368286,-0.2071796953678131,0.00845650667278619,-0.10384517908096313,-0.28396159410476685,-0.011522256862832592,-0.1501932144165039,-0.294801265001297,-0.03225564127833991,-0.18898546695709229,-0.27970242500305176,-0.045047211554361866,-0.04540383815765381,-0.20173239707946777,-0.013014622126235054,-0.08796459436416626,-0.28005027770996094,-0.030853335839225338,-0.1380792260169983,-0.29286879301071167,-0.04558266988070159,-0.1784610152244568,-0.28088343143463135,-0.05342089301021247,-0.03946530818939209,-0.18220674991607666,-0.035159199592186496,-0.07974696159362793,-0.24001041054725647,-0.04895281707914023,-0.11804163455963135,-0.2605920433998108,-0.05766195720107703,-0.15166926383972168,-0.26440533995628357,-0.06277625924022345
0.0,0.0,0.0,-0.06945830583572388,-0.02447885274887085,0.008254834594495719,-0.1293467879295349,-0.0757705569267273,0.009703538524277633,-0.17519903182983398,-0.0987127423286438,0.0023842036298589164,-0.2140277624130249,-0.11855441331863403,-0.004202276790223891,-0.09180605411529541,-0.19721662998199463,0.04426688994682593,-0.11993175745010376,-0.2589598298072815,0.03448032881534857,-0.15155941247940063,-0.2782885432243347,0.01869557160354418,-0.18262308835983276,-0.28376835584640503,0.006685035446949428,-0.07509315013885498,-0.2075744867324829,0.025075159179337447,-0.10970860719680786,-0.2805188000202179,0.01319190874166054,-0.14895766973495483,-0.2957462668418884,-0.003552453914366538,-0.184689462184906,-0.286538690328598,-0.01448640492343145,-0.057614922523498535,-0.20857149362564087,0.0012455005471707636,-0.09561079740524292,-0.28257763385772705,-0.01229268856876331,-0.14020705223083496,-0.29240620136260986,-0.023363626418344552,-0.1782873272895813,-0.2807113528251648,-0.029012641725771005,-0.042828261852264404,-0.200156569480896,-0.023621222791902596,-0.08328211307525635,-0.25781187415122986,-0.03410978321515756,-0.12097769975662231,-0.2726448178291321,-0.03986816186987596,-0.1547936201095581,-0.27108603715896606,-0.04317096699558931
0.0,0.0,0.0,-0.06406491994857788,-0.015031695365905762,-0.005098305343587128,-0.12499946355819702,-0.06059354543685913,-0.010371033734578816,-0.16754692792892456,-0.08741837739944458,-0.019774081817764966,-0.20359057188034058,-0.11233621835708618,-0.028753275684017865,-0.09799158573150635,-0.18333947658538818,0.01450166322390345,-0.11937594413757324,-0.25174787640571594,-0.0013991949883589427,-0.14538264274597168,-0.2780676484107971,-0.0196566513543317,-0.17402297258377075,-0.2870188057422638,-0.032752216494579045,-0.07674300670623779,-0.19155573844909668,0.002933847784127863,-0.10282516479492188,-0.26521605253219604,-0.015027658714849679,-0.13801294565200806,-0.2873303294181824,-0.0334636836116502,-0.17440259456634521,-0.2874465584754944,-0.04517544496705028,-0.052791476249694824,-0.1916014552116394,-0.012400797269243924,-0.07885664701461792,-0.2678453326225281,-0.028403171039123265,-0.11579263210296631,-0.2888059616088867,-0.040631343311567036,-0.1518617868423462,-0.2898563742637634,-0.04758790571143123,-0.02634119987487793,-0.18274545669555664,-0.02923500414838287,-0.05113595724105835,-0.24204415082931519,-0.04255244199087116,-0.0800553560256958,-0.2698093354701996,-0.05031001258542034,-0.10880851745605469,-0.28392958641052246,-0.05474157322098705
0.0,0.0,0.0,-0.06170457601547241,-0.01960068941116333,-0.003547867096521884,-0.12149912118911743,-0.06610995531082153,-0.008230992627822786,-0.165352463722229,-0.08973085880279541,-0.017627436702632338,-0.2002718448638916,-0.11570000648498535,-0.026506137137793928,-0.09025776386260986,-0.18927216529846191,0.01728850599608478,-0.11261725425720215,-0.2568783164024353,0.0010273401508769098,-0.14015614986419678,-0.2817573845386505,-0.017770698328995138,-0.17024701833724976,-0.2886189818382263,-0.031092518975519567,-0.07044661045074463,-0.1953040361404419,0.00473360993198213,-0.0974624752998352,-0.2685641050338745,-0.01326754785844031,-0.13325834274291992,-0.2910463809967041,-0.03191036734499875,-0.1706146001815796,-0.29286667704582214,-0.04373088482537213,-0.04779052734375,-0.19397419691085815,-0.011726794799351126,-0.07584893703460693,-0.2693473696708679,-0.027877660503172308,-0.11387145519256592,-0.29350799322128296,-0.04010922465243283,-0.15210086107254028,-0.2997472882270813,-0.046959776466273695,-0.023567020893096924,-0.18423950672149658,-0.029658557882093817,-0.05000793933868408,-0.24513056874275208,-0.04301514480032864,-0.08023309707641602,-0.27437207102775574,-0.05054829645671788,-0.11064821481704712,-0.2906765341758728,-0.054763171856784254
0.0,0.0,0.0,-0.06189143657684326,-0.013741612434387207,-0.011480048498341944,-0.12174361944198608,-0.059569716453552246,-0.01964789648933163,-0.16423118114471436,-0.08829951286315918,-0.03035505880994549,-0.200653076171875,-0.11468750238418579,-0.04034220633489838,-0.09452158212661743,-0.18113750219345093,0.007120797211101149,-0.11646240949630737,-0.25032269954681396,-0.01000995767695656,-0.14125561714172363,-0.2793325185775757,-0.028978539830276873,-0.16925686597824097,-0.29093146324157715,-0.0423350019512867,-0.07227510213851929,-0.18800580501556396,-0.000652540325390305,-0.09541183710098267,-0.2601575553417206,-0.01940234397930851,-0.12606602907180786,-0.28452616930007935,-0.037716785645315554,-0.1588250994682312,-0.28783971071243286,-0.049178021228144075,-0.0482448935508728,-0.18621045351028442,-0.012533769211003687,-0.07171595096588135,-0.259796142578125,-0.028438007658550646,-0.10337454080581665,-0.2847852110862732,-0.03992768955809822,-0.13531166315078735,-0.29069840908050537,-0.046411188518831636,-0.021876752376556396,-0.17577451467514038,-0.026473624831268694,-0.044699013233184814,-0.2354772388935089,-0.03956351635439148,-0.07166320085525513,-0.26365533471107483,-0.0467687642334198,-0.09878844022750854,-0.2776699662208557,-0.05078432915193787
0.0,0.0,0.0,-0.06265538930892944,-0.01573050022125244,0.0038014187390018606,-0.12387579679489136,-0.07066959142684937,0.004264652534018865,-0.1704871654510498,-0.09716999530792236,-0.0018415604339878655,-0.21004819869995117,-0.11436843872070312,-0.00699332515652884,-0.0797499418258667,-0.1904776692390442,0.033945700424354186,-0.11087691783905029,-0.2482355237007141,0.025534555586617103,-0.1454756259918213,-0.26858896017074585,0.01229497072343122,-0.17804908752441406,-0.2761291265487671,0.001178603191490879,-0.06338584423065186,-0.19880443811416626,0.017988838526051154,-0.10494130849838257,-0.26699140667915344,0.007191928374211898,-0.14755034446716309,-0.2843591272830963,-0.006357734752256761,-0.1850064992904663,-0.28190550208091736,-0.015748755735714326,-0.04761272668838501,-0.19652825593948364,-0.0022982100112329817,-0.09189671277999878,-0.26703763008117676,-0.015082130869288335,-0.13899219036102295,-0.2843593955039978,-0.024751132083494554,-0.1792793869972229,-0.28410446643829346,-0.030357474190552125,-0.03668773174285889,-0.18470093607902527,-0.023776618493158708,-0.07670217752456665,-0.24080264568328857,-0.035107435387928376,-0.113300621509552,-0.2653588056564331,-0.04227363477404822,-0.1464889645576477,-0.2782571315765381,-0.04710638682301749
0.0,0.0,0.0,-0.07315599918365479,-0.0397685170173645,0.007129012140950408,-0.12687039375305176,-0.09267038106918335,0.0004467336398477073,-0.1710958480834961,-0.11654156446456909,-0.013095311820933375,-0.20557785034179688,-0.1357506513595581,-0.026262880303391967,-0.05442613363265991,-0.2134227752685547,0.02052592579232737,-0.0933983325958252,-0.27643007040023804,0.003082783426663127,-0.1339184045791626,-0.29864633083343506,-0.01639302354348615,-0.1717638373374939,-0.3045780658721924,-0.030451544560918364,-0.040494322776794434,-0.21334904432296753,0.00035742638240776614,-0.0981253981590271,-0.2934141159057617,-0.02002761978698686,-0.14491063356399536,-0.30757585167884827,-0.03949629422319845,-0.1807156801223755,-0.2978862226009369,-0.05250541772736028,-0.034957706928253174,-0.19782334566116333,-0.022713062353858504,-0.08900558948516846,-0.27531254291534424,-0.04112301301253751,-0.13974666595458984,-0.2947562336921692,-0.05406108778012708,-0.17993783950805664,-0.29112309217453003,-0.06168883573306516,-0.042755305767059326,-0.17091351747512817,-0.04592526983512357,-0.08697372674942017,-0.2320196032524109,-0.06014089938295797,-0.12422996759414673,-0.2587727904319763,-0.06782595720184759,-0.1572650671005249,-0.27207258343696594,-0.07292293664110616
0.0,0.0,0.0,-0.061769068241119385,-0.0072383880615234375,0.001436378966069185,-0.12023025751113892,-0.04284989833831787,-0.00025453810022924017,-0.16317355632781982,-0.05784416198730469,-0.007639112024584449,-0.20002341270446777,-0.07176285982131958,-0.014647510907629169,-0.09821873903274536,-0.1572035551071167,0.024102305919846856,-0.1246458888053894,-0.21680963039398193,0.012521413081309163,-0.1535922884941101,-0.23491942882537842,-0.002034305435621775,-0.18048042058944702,-0.23792359232902527,-0.012781015670874751,-0.08288532495498657,-0.16676965355873108,0.010097060278972947,-0.11229580640792847,-0.23827093839645386,-0.004428342524001039,-0.15040969848632812,-0.25092485547065735,-0.018921366035023368,-0.1827448010444641,-0.24170801043510437,-0.02775467194525305,-0.06558912992477417,-0.16798731684684753,-0.00766897907389108,-0.09850835800170898,-0.24039360880851746,-0.02094555281011168,-0.13911956548690796,-0.2523379921913147,-0.030756447537818588,-0.17296499013900757,-0.2455572485923767,-0.03604211106804911,-0.04886096715927124,-0.16038799285888672,-0.026560941784659065,-0.07964074611663818,-0.21393367648124695,-0.03728056147603098,-0.11127245426177979,-0.23401004076004028,-0.043803447931090034,-0.13918536901474,-0.24229276180267334,-0.047860058098116554
0.0,0.0,0.0,-0.04964190721511841,-0.00647968053817749,-0.01639239438972595,-0.09484714269638062,-0.03532356023788452,-0.028483809392668036,-0.12531745433807373,-0.05761682987213135,-0.040852477263428,-0.15101557970046997,-0.07832908630371094,-0.05216793478629711,-0.09908896684646606,-0.1612028181552887,-0.006076253905661133,-0.10876470804214478,-0.22577252984046936,-0.025558189909673956,-0.12209045886993408,-0.2562127709388733,-0.045602479438997534,-0.13538318872451782,-0.2605159878730774,-0.0585236153116,-0.07054680585861206,-0.17282050848007202,-0.01138754976145151,-0.07962155342102051,-0.2495439052581787,-0.033026864241577414,-0.09448617696762085,-0.2701200246810913,-0.0513987144937289,-0.10822594165802002,-0.2545674741268158,-0.06082746521732929,-0.04023385047912598,-0.17018023133277893,-0.020015812899686125,-0.04938006401062012,-0.24200129508972168,-0.036236149679638174,-0.06479096412658691,-0.259644091129303,-0.04616669328115108,-0.07786321640014648,-0.24833983182907104,-0.0504323332121146,-0.006964981555938721,-0.153614342212677,-0.030769846822835234,-0.017462968826293945,-0.20431756973266602,-0.04442452774546268,-0.03309988975524902,-0.23047083616256714,-0.051240456711269644,-0.047784388065338135,-0.24016910791397095,-0.05368325994513157
0.0,0.0,0.0,-0.05650186538696289,0.0018373727798461914,-0.0056263008361270295,-0.11220431327819824,-0.02026587724685669,-0.009161111453693138,-0.15251249074935913,-0.032567381858825684,-0.01588013071767591,-0.1860893964767456,-0.04675358533859253,-0.02193390254132055,-0.10331559181213379,-0.12389147281646729,0.015285918934125675,-0.13028401136398315,-0.17229405045509338,0.0043336739557275905,-0.15495610237121582,-0.19071197509765625,-0.009287979940097557,-0.17898458242416382,-0.19616562128067017,-0.019649230430047737,-0.08837771415710449,-0.13557720184326172,0.006962120512355341,-0.11815714836120605,-0.18629249930381775,-0.005626505727093445,-0.14844095706939697,-0.20200878381729126,-0.019517239669482933,-0.17775887250900269,-0.2023916244506836,-0.02880524706296228,-0.06969350576400757,-0.1417737603187561,-0.00488733222908877,-0.10194456577301025,-0.19359415769577026,-0.016956741476576553,-0.13200199604034424,-0.20841088891029358,-0.025493989253561722,-0.1607344150543213,-0.21028420329093933,-0.0304508474861791,-0.0473250150680542,-0.14196595549583435,-0.01829608578435682,-0.07483315467834473,-0.18381303548812866,-0.028735984603088127,-0.10051465034484863,-0.2016313672065735,-0.03398267414621614,-0.12536507844924927,-0.2103186845779419,-0.03693317484311365
0.0,0.0,0.0,-0.05895876884460449,-0.01352691650390625,-0.002375475856425169,-0.10661804676055908,-0.05064713954925537,-0.010526997297020557,-0.14340543746948242,-0.0656021237373352,-0.021282171159000995,-0.17122948169708252,-0.07369011640548706,-0.03122328340909064,-0.060042738914489746,-0.16255778074264526,-0.0008344148788097527,-0.10117238759994507,-0.21094202995300293,-0.01889595508477271,-0.13832521438598633,-0.2179391086101532,-0.034612131564827564,-0.16851085424423218,-0.21105265617370605,-0.04445510104200423,-0.05046701431274414,-0.1616087555885315,-0.011311931795390251,-0.10638350248336792,-0.22285419702529907,-0.032422394751520756,-0.14801430702209473,-0.21944916248321533,-0.04645298913023055,-0.17484617233276367,-0.19801828265190125,-0.05343117311498702,-0.04662370681762695,-0.14586740732192993,-0.023753705694289806,-0.09889864921569824,-0.2023468017578125,-0.039904606788368824,-0.14257460832595825,-0.20663100481033325,-0.04813338190218985,-0.17295736074447632,-0.1954781711101532,-0.05135934546491683,-0.052017033100128174,-0.11807167530059814,-0.036721789537878635,-0.0922805666923523,-0.16245132684707642,-0.04814026996395171,-0.12394428253173828,-0.17911255359649658,-0.05344856649539054,-0.14941638708114624,-0.1867905855178833,-0.05596090227267325
0.0,0.0,0.0,-0.059705138206481934,-0.028185129165649414,-0.0012389720028807005,-0.09658408164978027,-0.07302278280258179,-0.012476552564891108,-0.1277226209640503,-0.09985208511352539,-0.026343905654044875,-0.15288889408111572,-0.10991865396499634,-0.03966952237138344,-0.0328068733215332,-0.1655820608139038,-0.005641429040821322,-0.0757707953453064,-0.22412359714508057,-0.025697347995134123,-0.11598646640777588,-0.23541948199272156,-0.0429441978300531,-0.15277260541915894,-0.22992974519729614,-0.053725608911605605,-0.029094696044921875,-0.1588541865348816,-0.016765405711026915,-0.08562004566192627,-0.23186001181602478,-0.038412102785201796,-0.12662678956985474,-0.23560750484466553,-0.0539067884052713,-0.1585586667060852,-0.2217785120010376,-0.06313050287613464,-0.03350019454956055,-0.14111566543579102,-0.028923440080376395,-0.08014392852783203,-0.21263059973716736,-0.043604427304359206,-0.12101131677627563,-0.2274104356765747,-0.050796185907216795,-0.15428781509399414,-0.22418612241744995,-0.054573898490758666,-0.047548115253448486,-0.11553490161895752,-0.04145791130909515,-0.0808340311050415,-0.16841328144073486,-0.05002357932576729,-0.1074148416519165,-0.19319483637809753,-0.05353199812421394,-0.13129061460494995,-0.20748111605644226,-0.055927497621865996
0.0,0.0,0.0,-0.052866995334625244,-0.02928304672241211,0.00033837617496601524,-0.08943420648574829,-0.068966805934906,-0.00868268259097249,-0.12197268009185791,-0.0906326174736023,-0.020532081315707273,-0.1479811668395996,-0.10594135522842407,-0.03208780888695628,-0.024640202522277832,-0.1612853705883026,-0.0009531943988463354,-0.06353175640106201,-0.2120186686515808,-0.017357079724263258,-0.09743642807006836,-0.22390538454055786,-0.03265502158780009,-0.1281622052192688,-0.22253185510635376,-0.04215474654216678,-0.01923578977584839,-0.15676897764205933,-0.010803542511951036,-0.06863868236541748,-0.2209048569202423,-0.026635611841868467,-0.1056475043296814,-0.22959351539611816,-0.04002439830679805,-0.13498926162719727,-0.22265681624412537,-0.04894111532945544,-0.022653818130493164,-0.14108431339263916,-0.021750044489692755,-0.06421768665313721,-0.20651745796203613,-0.034196956495236464,-0.1010703444480896,-0.2226138710975647,-0.041607035736035414,-0.13155335187911987,-0.22240585088729858,-0.0459705911972037,-0.03734242916107178,-0.11802160739898682,-0.032664752046059675,-0.06831216812133789,-0.16693824529647827,-0.04101974372048289,-0.09224921464920044,-0.1890508532524109,-0.04438254092116267,-0.11332643032073975,-0.2011438012123108,-0.04627708573121936
0.0,0.0,0.0,-0.046347081661224365,0.006662547588348389,-0.0009498234849161236,-0.09682810306549072,-0.012012898921966553,-0.0017250056389457313,-0.13590466976165771,-0.017606735229492188,-0.006571291434738669,-0.16819196939468384,-0.019466102123260498,-0.01071534627226356,-0.08415460586547852,-0.11050677299499512,0.022705662575390306,-0.10943466424942017,-0.1508975625038147,0.017002585855152574,-0.13396865129470825,-0.16414958238601685,0.007117745977666345,-0.1578735113143921,-0.16543784737586975,-0.000673496118906769,-0.07464605569839478,-0.12157690525054932,0.013707503256227938,-0.10569721460342407,-0.16370779275894165,0.00807501706185576,-0.136399507522583,-0.17508578300476074,-0.0012705862300208537,-0.1640527844429016,-0.17181137204170227,-0.008389705280933413,-0.06424105167388916,-0.12805211544036865,0.0012604507373907836,-0.09718555212020874,-0.17250260710716248,-0.006701291493300232,-0.13135367631912231,-0.1820221245288849,-0.014057971957299742,-0.16031628847122192,-0.17652595043182373,-0.018532250496718916,-0.05488365888595581,-0.1302613914012909,-0.0123879010334349,-0.08610504865646362,-0.167522132396698,-0.02024730523226026,-0.11461561918258667,-0.17811799049377441,-0.024751155126068625,-0.1400342583656311,-0.1758737564086914,-0.02750782710609201
0.0,0.0,0.0,-0.04551893472671509,0.012411713600158691,-0.0057138831872602935,-0.09586262702941895,-0.00039184093475341797,-0.01023278744482603,-0.13458746671676636,-0.0034613609313964844,-0.01806370434873905,-0.16676652431488037,-0.003497481346130371,-0.025133023835357093,-0.09020018577575684,-0.10529220104217529,0.013085069269303418,-0.1211782693862915,-0.14942693710327148,0.0022263872850576405,-0.14924001693725586,-0.16188251972198486,-0.010264489665265941,-0.1729777455329895,-0.16026097536087036,-0.018985739774640464,-0.07931143045425415,-0.11759382486343384,0.005049054645363427,-0.112834632396698,-0.16718509793281555,-0.0058452639315387245,-0.14575624465942383,-0.17595338821411133,-0.016335093281801605,-0.17302238941192627,-0.1679268479347229,-0.022833420760568046,-0.06705749034881592,-0.12579983472824097,-0.006714284285541439,-0.1030282974243164,-0.1763605773448944,-0.016675461880501175,-0.1380300521850586,-0.1832936704158783,-0.023692902974422836,-0.16567444801330566,-0.17495620250701904,-0.027172398618992233,-0.055612027645111084,-0.12894153594970703,-0.0202049006294569,-0.08914881944656372,-0.16609039902687073,-0.028643973968561554,-0.11856091022491455,-0.17691588401794434,-0.03334366237336006,-0.1429586410522461,-0.1755501627922058,-0.03580381428414192
0.0,0.0,0.0,-0.05471241474151611,0.006273508071899414,0.0032415973388495445,-0.10802751779556274,-0.0023084282875061035,-5.418591296546538e-05,-0.14813125133514404,0.003536224365234375,-0.009800512679582596,-0.18255138397216797,-0.0005487203598022461,-0.01815120350635624,-0.09466147422790527,-0.12763530015945435,0.03045617755436325,-0.13053369522094727,-0.16973155736923218,0.02260582487964058,-0.16232937574386597,-0.17502498626708984,0.011504110544258594,-0.1874065399169922,-0.16927498579025269,0.003270506755718827,-0.08488136529922485,-0.13836318254470825,0.01563708823108101,-0.12806129455566406,-0.1873915195465088,0.00897879026764059,-0.162886381149292,-0.18935585021972656,0.0004541457589155584,-0.1863977313041687,-0.17639541625976562,-0.005461788140898705,-0.07652324438095093,-0.14120227098464966,-0.0035369131813851595,-0.12216228246688843,-0.1898859739303589,-0.011832954697972298,-0.16116046905517578,-0.1911678910255432,-0.016152523793941498,-0.1875523328781128,-0.17811304330825806,-0.018081531264549255,-0.07343882322311401,-0.1346789002418518,-0.024143485688334465,-0.11725640296936035,-0.17044734954833984,-0.03145192038333988,-0.15053468942642212,-0.17735081911087036,-0.03396345149791813,-0.17588317394256592,-0.17234307527542114,-0.035012638532286644
0.0,0.0,0.0,-0.051729798316955566,0.019018471240997314,-0.004173976696662862,-0.10923177003860474,0.02077585458755493,-0.013401329844825227,-0.15012460947036743,0.03269118070602417,-0.02623276724629875,-0.18289172649383545,0.04331690073013306,-0.037842757396035154,-0.12171328067779541,-0.0868496298789978,0.004792354673512023,-0.16266989707946777,-0.14203333854675293,-0.016866212106876333,-0.1925780177116394,-0.13372129201889038,-0.03541187881641861,-0.2110171914100647,-0.11013674736022949,-0.04588773413711067,-0.10701608657836914,-0.10160952806472778,-0.005486498448632915,-0.15616822242736816,-0.15531569719314575,-0.026455724008016546,-0.18872195482254028,-0.13790249824523926,-0.040358758858971555,-0.2050391435623169,-0.10642492771148682,-0.04697013213448997,-0.09005451202392578,-0.10962855815887451,-0.019102224476270635,-0.1390814185142517,-0.1561463475227356,-0.034402548662953336,-0.17338842153549194,-0.14002853631973267,-0.04087497233562942,-0.19356590509414673,-0.11173856258392334,-0.042936600140862424,-0.07060116529464722,-0.11128801107406616,-0.03395461230688568,-0.11147159337997437,-0.13489246368408203,-0.04365926920586105,-0.142051100730896,-0.13096147775650024,-0.047208479933075864,-0.16511958837509155,-0.11841624975204468,-0.048289212725691755
0.0,0.0,0.0,-0.05542653799057007,-0.001621842384338379,0.000633077411123395,-0.11146599054336548,-0.031134366989135742,0.0008352121865868867,-0.15230458974838257,-0.047518372535705566,-0.004618633997949928,-0.18278038501739502,-0.07144433259963989,-0.008847400074216694,-0.09907668828964233,-0.13671493530273438,0.03161547938981357,-0.1267203688621521,-0.18597787618637085,0.021165412391212612,-0.154884934425354,-0.19326525926589966,0.006705834070828587,-0.17946118116378784,-0.18611425161361694,-0.0035289230228841006,-0.08567774295806885,-0.14845037460327148,0.01973218331733051,-0.1177363395690918,-0.20856040716171265,0.006405977072802216,-0.1525212526321411,-0.20967015624046326,-0.009405969170245498,-0.17932498455047607,-0.18906950950622559,-0.018594009329888195,-0.07025426626205444,-0.1524229645729065,0.0037022312233716548,-0.10382837057113647,-0.2145301103591919,-0.008546659251067013,-0.14136970043182373,-0.21487265825271606,-0.019207575817915767,-0.1696738600730896,-0.19540882110595703,-0.024291235481712192,-0.05518054962158203,-0.14822638034820557,-0.013582795386525959,-0.08958536386489868,-0.19218355417251587,-0.02372233336171803,-0.12265259027481079,-0.2013278603553772,-0.030816632782432407,-0.14943355321884155,-0.19585371017456055,-0.03454601903757748
0.0,0.0,0.0,-0.05166596174240112,-0.0027048587799072266,-0.001521648531237929,-0.11111986637115479,-0.04857289791107178,0.0035080783586778352,-0.15088969469070435,-0.07887238264083862,0.0038113637879320095,-0.180486798286438,-0.10863643884658813,0.005751687991974563,-0.09330612421035767,-0.14399468898773193,0.03721588426789424,-0.1134568452835083,-0.19043558835983276,0.03321585753521106,-0.13815808296203613,-0.20480245351791382,0.023429631679860563,-0.16287994384765625,-0.20807287096977234,0.015623389236239404,-0.07767373323440552,-0.15700697898864746,0.02857821942826888,-0.10166442394256592,-0.21072405576705933,0.0225078402604737,-0.13239455223083496,-0.22097104787826538,0.011753528803197355,-0.16005873680114746,-0.21525302529335022,0.0056104748096146295,-0.060560405254364014,-0.1616358757019043,0.015345598995295973,-0.08811944723129272,-0.2161182463169098,0.006510700523463697,-0.12059134244918823,-0.22528034448623657,0.0004788890532978485,-0.14908963441848755,-0.2204304337501526,-0.0011399963818661263,-0.04377937316894531,-0.1602078676223755,0.0004932098841123889,-0.07269120216369629,-0.20796406269073486,-0.00707806278431633,-0.1010860800743103,-0.22170892357826233,-0.009843443096073656,-0.12506228685379028,-0.2225121259689331,-0.010144701734574824
0.0,0.0,0.0,-0.054942965507507324,-0.016985416412353516,-0.0020994871087189892,-0.10817962884902954,-0.07438915967941284,7.046970094748417e-05,-0.1430271863937378,-0.11486965417861938,-0.0015988964518349746,-0.16501247882843018,-0.15222740173339844,-0.0020410624496456364,-0.0832662582397461,-0.16247034072875977,0.027503028402495744,-0.09821397066116333,-0.2223438024520874,0.019047640154528978,-0.11671394109725952,-0.2440280020236969,0.007208377479035022,-0.13938301801681519,-0.24818465113639832,-0.0007318326319385449,-0.06281650066375732,-0.16818785667419434,0.01926723670439756,-0.07800078392028809,-0.23383724689483643,0.008132946568000676,-0.10109710693359375,-0.25369298458099365,-0.006456404102575419,-0.1276058554649353,-0.2513393759727478,-0.014659617205690978,-0.04179280996322632,-0.16713201999664307,0.007266712265479924,-0.05776846408843994,-0.23359614610671997,-0.0033933656453903893,-0.08400338888168335,-0.2566804885864258,-0.013951601570081351,-0.1111554503440857,-0.2585769295692444,-0.019104406347107528,-0.021087944507598877,-0.1604357361793518,-0.0056999745942469815,-0.04199498891830444,-0.21479260921478271,-0.013482274597119925,-0.06387871503829956,-0.2423246204853058,-0.018758425598573325,-0.084652841091156,-0.25512129068374634,-0.02141761231942141
0.0,0.0,0.0,-0.05846351385116577,-0.002905428409576416,0.003250864709286816,-0.11801230907440186,-0.04208296537399292,0.006904045960425265,-0.15961706638336182,-0.0661776065826416,0.004615478126822836,-0.19094914197921753,-0.09053194522857666,0.0037556448043574164,-0.09768486022949219,-0.1470605731010437,0.03448044872146738,-0.11972326040267944,-0.1982804536819458,0.025976739733039267,-0.14783114194869995,-0.20971450209617615,0.013504362574337847,-0.17413949966430664,-0.20605134963989258,0.0047797541157592605,-0.08305615186691284,-0.15950626134872437,0.02190888291460169,-0.10858845710754395,-0.22562038898468018,0.009634026235460169,-0.14472442865371704,-0.2293163537979126,-0.003530799269185536,-0.172967791557312,-0.2089492380619049,-0.009744052865983122,-0.06687027215957642,-0.16276323795318604,0.005367596077292092,-0.09231537580490112,-0.22961336374282837,-0.005994843409837358,-0.13156533241271973,-0.2346268594264984,-0.014122544878603094,-0.16181987524032593,-0.2177964448928833,-0.016412431464971178,-0.05160248279571533,-0.1564456820487976,-0.012383479715765588,-0.07782995700836182,-0.20885765552520752,-0.021599032075585,-0.11126410961151123,-0.22222119569778442,-0.0269381553842436,-0.13827073574066162,-0.21680915355682373,-0.028669433759034746
0.0,0.0,0.0,-0.06731992959976196,-0.036086201667785645,-0.003034873732900678,-0.12047064304351807,-0.08585578203201294,-0.01595651671064502,-0.16313904523849487,-0.11078810691833496,-0.030849739310866653,-0.19298416376113892,-0.12632596492767334,-0.04381177887094623,-0.03824490308761597,-0.1877152919769287,-0.007650696539855062,-0.09117996692657471,-0.2495521903038025,-0.029984637496596633,-0.1395777463912964,-0.2535119950771332,-0.04873527154100543,-0.18110090494155884,-0.23920798301696777,-0.059830605385428726,-0.03378838300704956,-0.1788320243358612,-0.017707628530985176,-0.10586315393447876,-0.25918322801589966,-0.04074736624730235,-0.1541842222213745,-0.25207215547561646,-0.05621406376135951,-0.18528389930725098,-0.22584012150764465,-0.0646102943993867,-0.03682756423950195,-0.1611018180847168,-0.028962972906953155,-0.09484624862670898,-0.23258647322654724,-0.04312791615498668,-0.1434968113899231,-0.2385847568511963,-0.04902846678865558,-0.17828434705734253,-0.22396987676620483,-0.051323737350827514,-0.04919791221618652,-0.13496220111846924,-0.0408250050224126,-0.09361249208450317,-0.18855854868888855,-0.04791651606333858,-0.1290331482887268,-0.20579731464385986,-0.04947678312433368,-0.15774470567703247,-0.20818233489990234,-0.04986784174812442
0.0,0.0,0.0,-0.05157589912414551,-0.02518332004547119,-0.0007743609706665211,-0.08751821517944336,-0.06215357780456543,-0.012124405660273396,-0.12323498725891113,-0.08025014400482178,-0.02505514626258787,-0.15394020080566406,-0.09128320217132568,-0.03848895844870981,-0.02631962299346924,-0.15705955028533936,-0.018396052018346154,-0.08637195825576782,-0.20547109842300415,-0.036517002106251084,-0.12821435928344727,-0.20537078380584717,-0.0507875610595363,-0.15896344184875488,-0.1939144730567932,-0.059125874609293305,-0.02566593885421753,-0.15076908469200134,-0.026745444581450784,-0.0938941240310669,-0.20933279395103455,-0.042805895627083146,-0.13628464937210083,-0.20895522832870483,-0.054054193616451585,-0.16698622703552246,-0.19464856386184692,-0.06227660593444284,-0.03562086820602417,-0.13042736053466797,-0.03468188312703546,-0.09492552280426025,-0.1911437213420868,-0.04688474577719148,-0.13646012544631958,-0.19939333200454712,-0.05289308768564638,-0.16783320903778076,-0.19233474135398865,-0.05704049807840761,-0.05578702688217163,-0.10185331106185913,-0.04208988738113817,-0.10219073295593262,-0.14999428391456604,-0.052402127951921784,-0.13317811489105225,-0.16768693923950195,-0.05587903079444345,-0.158197820186615,-0.17415112257003784,-0.05780624640041765
0.0,0.0,0.0,-0.05147206783294678,0.004494369029998779,0.0006670897576412926,-0.1054234504699707,-0.01387333869934082,0.00012542624726563645,-0.14599400758743286,-0.018814265727996826,-0.005681791123336666,-0.17863976955413818,-0.033979177474975586,-0.010216795619911068,-0.0938650369644165,-0.11725407838821411,0.027319965172225125,-0.12632125616073608,-0.1599515676498413,0.01765212904255975,-0.15615904331207275,-0.1649610698223114,0.005705374512487538,-0.18148386478424072,-0.15706613659858704,-0.002328888060858958,-0.08134657144546509,-0.12939143180847168,0.015321428175681717,-0.11918497085571289,-0.18390968441963196,0.003981273840778954,-0.15423643589019775,-0.1826142966747284,-0.007191521827465408,-0.18020117282867432,-0.163042813539505,-0.012787756290620678,-0.06866574287414551,-0.13455480337142944,-0.0007554040191308786,-0.10923212766647339,-0.18757003545761108,-0.011980818365103119,-0.14701807498931885,-0.18656706809997559,-0.018608604338353985,-0.17515313625335693,-0.1713877022266388,-0.020531284403389805,-0.058695435523986816,-0.13133108615875244,-0.01812575642425429,-0.09870749711990356,-0.1680198311805725,-0.027241292190140598,-0.1311160922050476,-0.17544209957122803,-0.03158233199674498,-0.15633827447891235,-0.17249131202697754,-0.03303371627289664
0.0,0.0,0.0,-0.057645201683044434,0.0076215267181396484,0.002344877396453171,-0.11566883325576782,-0.009004533290863037,0.000942878304257988,-0.15804773569107056,-0.010703325271606445,-0.006016020027246327,-0.19224107265472412,-0.017422139644622803,-0.01188921259462461,-0.09952843189239502,-0.12568271160125732,0.027871285735372453,-0.13967746496200562,-0.16186636686325073,0.01747097743928805,-0.17341333627700806,-0.16175323724746704,0.0035173720053620627,-0.20015442371368408,-0.15049660205841064,-0.00650253129869327,-0.08799004554748535,-0.13932955265045166,0.01438080257058516,-0.1375410556793213,-0.18351519107818604,0.002236048628319054,-0.175121009349823,-0.1780078411102295,-0.012591653333302588,-0.20020794868469238,-0.15463471412658691,-0.02203783282756433,-0.07728040218353271,-0.14248818159103394,-0.0028563568529449412,-0.12710660696029663,-0.18764185905456543,-0.014703496189113707,-0.1676316261291504,-0.18317455053329468,-0.025177084670659156,-0.19473963975906372,-0.16225790977478027,-0.03077790030955896,-0.07105571031570435,-0.13289237022399902,-0.020999329925771804,-0.11909204721450806,-0.16298872232437134,-0.03044745774685964,-0.15392881631851196,-0.16722780466079712,-0.036486175672408194,-0.18023473024368286,-0.1595746874809265,-0.04007227049886808
0.0,0.0,0.0,-0.06109261512756348,0.01776522397994995,0.0006453369103667228,-0.12169122695922852,0.010824739933013916,-0.0025434822484555752,-0.16446548700332642,0.017452657222747803,-0.011315554397896221,-0.199440598487854,0.01580756902694702,-0.01879321040470927,-0.12121719121932983,-0.11265450716018677,0.024378595856234142,-0.16625511646270752,-0.14887869358062744,0.010251772572502205,-0.20025861263275146,-0.1428406834602356,-0.005583678389683655,-0.22530603408813477,-0.12513506412506104,-0.016305677610233715,-0.11064344644546509,-0.12704551219940186,0.010907186177774975,-0.16606265306472778,-0.1701086163520813,-0.005298565159336022,-0.20529109239578247,-0.15408539772033691,-0.020893372612789562,-0.22986924648284912,-0.12371230125427246,-0.029819739999965122,-0.09916508197784424,-0.13205957412719727,-0.006655735446855715,-0.15585923194885254,-0.1749555468559265,-0.02207627149184077,-0.19874483346939087,-0.1578540802001953,-0.032884739356831005,-0.2258296012878418,-0.12798047065734863,-0.037788938748434475,-0.08938199281692505,-0.12374472618103027,-0.025211527961090496,-0.13933509588241577,-0.15035897493362427,-0.03651527689655154,-0.17476654052734375,-0.14537471532821655,-0.04258821161349147,-0.20045286417007446,-0.1294352412223816,-0.045697323995426586
0.0,0.0,0.0,-0.05452150106430054,0.026389896869659424,-0.009074414653447604,-0.11396133899688721,0.02688920497894287,-0.012682376002636886,-0.1593436598777771,0.0231359601020813,-0.01902017792847488,-0.19833391904830933,0.010249137878417969,-0.024258723987010455,-0.1311212182044983,-0.07433217763900757,0.02037215182397034,-0.17011749744415283,-0.10920852422714233,0.011813614944252038,-0.19697052240371704,-0.12090921401977539,-0.000884998512198365,-0.2219153642654419,-0.12546992301940918,-0.011004124341276622,-0.1181759238243103,-0.0974724292755127,0.013787754306825661,-0.160206139087677,-0.13321834802627563,0.0047022169067290065,-0.1907428503036499,-0.144514799118042,-0.008767898699012733,-0.21847349405288696,-0.147283136844635,-0.018479208035138583,-0.10054135322570801,-0.1156531572341919,0.0028996180820044515,-0.14531874656677246,-0.15105795860290527,-0.007520862893876767,-0.17717134952545166,-0.16264355182647705,-0.016029421744612193,-0.20598208904266357,-0.16499197483062744,-0.02124105444338653,-0.07766526937484741,-0.12960869073867798,-0.009942948391405082,-0.1194881796836853,-0.15917980670928955,-0.02001253379669521,-0.15025943517684937,-0.16929757595062256,-0.02481265230264995,-0.17854422330856323,-0.17255514860153198,-0.027471211312082744
0.0,0.0,0.0,-0.050993502140045166,0.0167502760887146,0.000876565213414171,-0.11970263719558716,-0.0005409121513366699,0.005645415611664095,-0.16516560316085815,-0.0062808990478515625,0.0051331858673191455,-0.20230287313461304,-0.013300836086273193,0.005660809908161202,-0.11783814430236816,-0.11312317848205566,0.03687520777444009,-0.1509263515472412,-0.15295898914337158,0.03564899867037896,-0.18055421113967896,-0.16661298274993896,0.028100979380408564,-0.20725196599960327,-0.16880947351455688,0.020892700977722445,-0.10536634922027588,-0.12913429737091064,0.02526251492659215,-0.14492690563201904,-0.1730608344078064,0.022635512851277628,-0.1808435320854187,-0.18285083770751953,0.014271221920946875,-0.21317940950393677,-0.1780521273612976,0.008331621863046923,-0.08939546346664429,-0.1379215121269226,0.009260722301999369,-0.13273531198501587,-0.18080580234527588,0.0018177869320905593,-0.1687958836555481,-0.18952977657318115,-0.003843843838100991,-0.2021285891532898,-0.18657958507537842,-0.00660357730825778,-0.0733489990234375,-0.13848024606704712,-0.008270491048594675,-0.11553657054901123,-0.17219692468643188,-0.01690650837858554,-0.14804363250732422,-0.18376314640045166,-0.02090079630156394,-0.1775599718093872,-0.18736958503723145,-0.02289633186896678
0.0,0.0,0.0,-0.06850588321685791,-0.0139542818069458,-0.004764051895648436,-0.1301221251487732,-0.04583168029785156,-0.016508806750238136,-0.17863959074020386,-0.05620872974395752,-0.03108655686682482,-0.21492350101470947,-0.05943560600280762,-0.044280726715982155,-0.08624041080474854,-0.17125117778778076,0.0036258336416779002,-0.1321932077407837,-0.21586155891418457,-0.018227167680919365,-0.17433702945709229,-0.21806949377059937,-0.0392616840750577,-0.20816010236740112,-0.20310384035110474,-0.0528974759132268,-0.07357943058013916,-0.17370331287384033,-0.008214207619488434,-0.1399250626564026,-0.23315060138702393,-0.033421628430545525,-0.18090295791625977,-0.22128337621688843,-0.05212428818649073,-0.2068271040916443,-0.1899399757385254,-0.061822500333249764,-0.06384783983230591,-0.1610044240951538,-0.022749200716674522,-0.12291336059570312,-0.21573293209075928,-0.04155420537298937,-0.16738206148147583,-0.21348494291305542,-0.05079823012655993,-0.19889599084854126,-0.19334161281585693,-0.054124508306443886,-0.0616612434387207,-0.13261878490447998,-0.03818859930342455,-0.11243987083435059,-0.16940349340438843,-0.04988298963016291,-0.1486341953277588,-0.18049871921539307,-0.05414323906606455,-0.1788138747215271,-0.18216180801391602,-0.05580371271079798
0.0,0.0,0.0,-0.06973880529403687,-0.021330833435058594,-0.01002080649459458,-0.13136953115463257,-0.055825769901275635,-0.028381606604398257,-0.18160110712051392,-0.06766825914382935,-0.0465719122844348,-0.21027076244354248,-0.07566148042678833,-0.06296182986670829,-0.06757545471191406,-0.17621874809265137,-0.021097473840654857,-0.12567883729934692,-0.22251814603805542,-0.04783444669419623,-0.17305272817611694,-0.222420334815979,-0.07073382106000281,-0.21348226070404053,-0.20307111740112305,-0.08466815766269065,-0.06038886308670044,-0.166165292263031,-0.02905279215747214,-0.14393359422683716,-0.23466521501541138,-0.05599311184460021,-0.18766778707504272,-0.21897506713867188,-0.07586748715812064,-0.21561753749847412,-0.18627077341079712,-0.08737032678300238,-0.05601686239242554,-0.14446133375167847,-0.03773570251041747,-0.1210278868675232,-0.19871145486831665,-0.05404158499413825,-0.16983211040496826,-0.19838625192642212,-0.06351815726929999,-0.20576167106628418,-0.17731648683547974,-0.06851026233607627,-0.05987006425857544,-0.10992884635925293,-0.04729446214014388,-0.11059337854385376,-0.14695864915847778,-0.054573321755469806,-0.14682495594024658,-0.1594030261039734,-0.05756141435676909,-0.17772197723388672,-0.15916699171066284,-0.059631882275880344
0.0,0.0,0.0,-0.06364083290100098,-0.018437206745147705,-0.01024516398028652,-0.1269209384918213,-0.05005258321762085,-0.024673901553612154,-0.17569297552108765,-0.05599874258041382,-0.03974695881770174,-0.2063254714012146,-0.06547790765762329,-0.05242595082090418,-0.07895338535308838,-0.17684173583984375,-0.009712985772054594,-0.1248781681060791,-0.22866272926330566,-0.0331060924188904,-0.16859394311904907,-0.23260915279388428,-0.05338084703252832,-0.20592010021209717,-0.2187013030052185,-0.06586494674847643,-0.06699138879776001,-0.17418700456619263,-0.018093729446988505,-0.13363558053970337,-0.24677497148513794,-0.043724112267952364,-0.17912083864212036,-0.2363935112953186,-0.0598101839976124,-0.20765095949172974,-0.2037554383277893,-0.0671619959728531,-0.056435465812683105,-0.15917056798934937,-0.028909500743608874,-0.11258870363235474,-0.2156538963317871,-0.04696425801084558,-0.1635705828666687,-0.21318453550338745,-0.05519083892868082,-0.19969230890274048,-0.1910417675971985,-0.05780687561200182,-0.05264240503311157,-0.13041698932647705,-0.04097638284729044,-0.10039418935775757,-0.16863882541656494,-0.05138028418586771,-0.13794803619384766,-0.17470663785934448,-0.05426363279984514,-0.1686081886291504,-0.16870415210723877,-0.0548210442619137
0.0,0.0,0.0,-0.061901986598968506,0.0006515979766845703,-0.0035880626856084064,-0.12238287925720215,-0.022073745727539062,-0.009067398004859228,-0.16734373569488525,-0.029457390308380127,-0.019259497963517447,-0.20374304056167603,-0.03262907266616821,-0.028406244211524267,-0.10793274641036987,-0.14144045114517212,0.01801407293167756,-0.1382412314414978,-0.20219957828521729,0.004127341348052482,-0.16849356889724731,-0.2184586524963379,-0.01136522411617591,-0.1943749189376831,-0.21895933151245117,-0.021964112736910124,-0.09101569652557373,-0.15405982732772827,0.006583877864599685,-0.12712466716766357,-0.222711980342865,-0.00887408058407857,-0.16473108530044556,-0.23281431198120117,-0.02244124046775653,-0.19340550899505615,-0.22040516138076782,-0.03015477626833274,-0.07232046127319336,-0.15786391496658325,-0.008959901959329386,-0.10871851444244385,-0.2255544662475586,-0.022559075125187178,-0.1504947543144226,-0.23130691051483154,-0.03138840428802325,-0.18234103918075562,-0.2170090675354004,-0.03550711876961543,-0.053334593772888184,-0.15285903215408325,-0.026106927984088202,-0.08527112007141113,-0.19855552911758423,-0.03672562397333934,-0.11829233169555664,-0.2086707353591919,-0.042464243688314696,-0.1463913917541504,-0.2045087218284607,-0.04536383456799342
0.0,0.0,0.0,-0.053330957889556885,-0.0001971125602722168,-0.005800136044001647,-0.11640143394470215,-0.02712392807006836,-0.011306315339481898,-0.16213780641555786,-0.04281657934188843,-0.021139294519400664,-0.1958642601966858,-0.057974278926849365,-0.028995505213117667,-0.1105804443359375,-0.13140755891799927,0.010363620095574788,-0.14497655630111694,-0.19164443016052246,-0.009677288732802936,-0.17743545770645142,-0.1859588623046875,-0.026428208365416594,-0.197160005569458,-0.16760873794555664,-0.035370221971845694,-0.09400027990341187,-0.14748889207839966,0.0005177624124712565,-0.13608235120773315,-0.22213691473007202,-0.021915868535018035,-0.1740339994430542,-0.19778168201446533,-0.03480340415177352,-0.18889182806015015,-0.1586405634880066,-0.038378814845657416,-0.07289576530456543,-0.155870258808136,-0.013164451956129142,-0.114779531955719,-0.2222602367401123,-0.03213934475121505,-0.14463895559310913,-0.18406927585601807,-0.03658771017131812,-0.15051889419555664,-0.14176297187805176,-0.03389466428694732,-0.047559499740600586,-0.15612518787384033,-0.028292880072569915,-0.08283007144927979,-0.2025926113128662,-0.0384013752037049,-0.10705143213272095,-0.18283629417419434,-0.038179943948364325,-0.11249196529388428,-0.15372908115386963,-0.03485809513864524
0.0,0.0,0.0,-0.06275391578674316,0.011615157127380371,-0.0024374534500850586,-0.12571322917938232,0.0012568235397338867,-0.008046726894946232,-0.17033535242080688,-0.0010584592819213867,-0.01849101038035883,-0.2055809497833252,-0.007766902446746826,-0.02728266754505171,-0.1240929365158081,-0.11276626586914062,0.017216673853425846,-0.16554075479507446,-0.15827268362045288,-0.002516517847226396,-0.19808566570281982,-0.15095120668411255,-0.021572283667893544,-0.22006762027740479,-0.1303786039352417,-0.03325391301271452,-0.11013352870941162,-0.12759339809417725,0.0051105327779339405,-0.16166239976882935,-0.18424475193023682,-0.01834694781658186,-0.19827401638031006,-0.1650395393371582,-0.035760966328354016,-0.21690863370895386,-0.12905704975128174,-0.043715083239050045,-0.0946199893951416,-0.13280582427978516,-0.011161471915812626,-0.14478951692581177,-0.18674880266189575,-0.029702694354028836,-0.18376672267913818,-0.1675766110420227,-0.04094284140822424,-0.20532071590423584,-0.13410788774490356,-0.04479333126303686,-0.07867735624313354,-0.12636464834213257,-0.028666743276090756,-0.12113577127456665,-0.15947067737579346,-0.04089825713393225,-0.15564113855361938,-0.15445172786712646,-0.04810156041142477,-0.18015378713607788,-0.1368209719657898,-0.05135581010338797
0.0,0.0,0.0,-0.05875331163406372,0.01039046049118042,-0.0026864850361079107,-0.1225959062576294,-0.002273738384246826,-0.008449550804513706,-0.1692160964012146,-0.008136928081512451,-0.01934371990414263,-0.2049546241760254,-0.018595337867736816,-0.028507265348750366,-0.12267786264419556,-0.11063522100448608,0.014828624117356526,-0.16599160432815552,-0.1609492301940918,-0.003992463082838071,-0.1977773904800415,-0.15327924489974976,-0.020772664894181503,-0.21932435035705566,-0.1361544132232666,-0.03079270859511496,-0.1076769232749939,-0.1272045373916626,0.0026341755010008683,-0.1612948775291443,-0.18575912714004517,-0.02014909600170256,-0.1983916163444519,-0.1591353416442871,-0.0347030918047011,-0.21532100439071655,-0.12212669849395752,-0.04036159170122744,-0.08958005905151367,-0.13413769006729126,-0.013494969432073844,-0.1433609127998352,-0.1807875633239746,-0.03287799758167864,-0.17798209190368652,-0.14303070306777954,-0.040451143954712165,-0.19138771295547485,-0.10220599174499512,-0.04105928642006518,-0.0704529881477356,-0.13081473112106323,-0.03083581951709391,-0.11607015132904053,-0.1605502963066101,-0.0426216880724013,-0.1451926827430725,-0.13736188411712646,-0.04605740783067347,-0.15892446041107178,-0.10813403129577637,-0.0462474646911204
0.0,0.0,0.0,-0.057649850845336914,0.008413314819335938,-0.007654683010940744,-0.11843681335449219,-0.005544781684875488,-0.014957418943112089,-0.16311722993850708,-0.007756829261779785,-0.025480864847367002,-0.19909119606018066,-0.01366579532623291,-0.0350420794434001,-0.11855846643447876,-0.12978887557983398,0.006882805565084027,-0.1497911810874939,-0.19347608089447021,-0.0067206931284715665,-0.17897957563400269,-0.21539050340652466,-0.020692775303785993,-0.2049502730369568,-0.2232251763343811,-0.031039784008925153,-0.10097384452819824,-0.1443542242050171,-0.002834432337721182,-0.13921630382537842,-0.21452933549880981,-0.01747034331626196,-0.17871177196502686,-0.23115938901901245,-0.029723670611446096,-0.21140116453170776,-0.22981828451156616,-0.03763819699949522,-0.08048999309539795,-0.1495872139930725,-0.01622232450014849,-0.12008696794509888,-0.21750718355178833,-0.030759908536737157,-0.16016709804534912,-0.22504645586013794,-0.04030153741902609,-0.19268923997879028,-0.21663397550582886,-0.04573764493531485,-0.057984352111816406,-0.1445789337158203,-0.03117258874542017,-0.08913993835449219,-0.18667542934417725,-0.04389561926788588,-0.11965733766555786,-0.19454586505889893,-0.05039902990526457,-0.14658886194229126,-0.19075167179107666,-0.05407281806535025
0.0,0.0,0.0,-0.06208169460296631,-5.9723854064941406e-05,0.002949180867517498,-0.12346410751342773,-0.02557319402694702,-0.0008370110588202806,-0.16521728038787842,-0.033875226974487305,-0.01010395088792393,-0.20018696784973145,-0.039777159690856934,-0.01798999650031874,-0.1116938591003418,-0.14475613832473755,0.013265129499131945,-0.15160983800888062,-0.19996851682662964,-0.0047159978710169526,-0.19008922576904297,-0.19561994075775146,-0.02043733527511904,-0.2173600196838379,-0.17948085069656372,-0.029782507248228285,-0.09727150201797485,-0.15429222583770752,-0.0015905105099136563,-0.15138524770736694,-0.22078603506088257,-0.021759919501846525,-0.19751369953155518,-0.20098400115966797,-0.034251007862394545,-0.22158831357955933,-0.16815125942230225,-0.0390283275917227,-0.08135968446731567,-0.15133559703826904,-0.019459118746226522,-0.1351718306541443,-0.19775420427322388,-0.036363862134521696,-0.18074840307235718,-0.16829705238342285,-0.043162263609474394,-0.20477670431137085,-0.1323201060295105,-0.04406844419986555,-0.06665539741516113,-0.134840726852417,-0.03806552631408522,-0.10837763547897339,-0.16690129041671753,-0.048566195793455336,-0.14188164472579956,-0.15090548992156982,-0.05108368737251112,-0.16236668825149536,-0.12471199035644531,-0.05088399691135237
0.0,0.0,0.0,-0.05841773748397827,0.00960761308670044,-0.01049914275025543,-0.12017297744750977,-0.011622965335845947,-0.01482823182558235,-0.16244983673095703,-0.03078281879425049,-0.020700455351821745,-0.19499880075454712,-0.05009335279464722,-0.025505908473483885,-0.11530464887619019,-0.1269460916519165,0.0062121663362759705,-0.15188300609588623,-0.17729663848876953,-0.004885662986986006,-0.17845755815505981,-0.1970885992050171,-0.018196773423902357,-0.20357084274291992,-0.20751464366912842,-0.028462861373178328,-0.09711682796478271,-0.1476876139640808,0.0008959564151282962,-0.13474076986312866,-0.20408064126968384,-0.008272249891511763,-0.16703826189041138,-0.2239583134651184,-0.01956565183316883,-0.19645363092422485,-0.2308596968650818,-0.028650897263638342,-0.07414740324020386,-0.15906625986099243,-0.00807783816670593,-0.10769027471542358,-0.2168126106262207,-0.01773331378316101,-0.1393415331840515,-0.23266693949699402,-0.026609769730917776,-0.16908782720565796,-0.2333090901374817,-0.033330400182954634,-0.04537147283554077,-0.1633961796760559,-0.018998793034903372,-0.06706899404525757,-0.21618252992630005,-0.02853653271412071,-0.09127962589263916,-0.23180800676345825,-0.0344375974378508,-0.11657494306564331,-0.23275631666183472,-0.03870385949229416
0.0,0.0,0.0,-0.07125955820083618,-0.008946120738983154,-0.008097353700946996,-0.13101434707641602,-0.03999066352844238,-0.02129892663324995,-0.17455297708511353,-0.05380481481552124,-0.03569914804066343,-0.2018004059791565,-0.06594687700271606,-0.048121489894043634,-0.08049517869949341,-0.17400836944580078,-0.012443213101875017,-0.13440024852752686,-0.22061759233474731,-0.036588359933745096,-0.1833624243736267,-0.21393394470214844,-0.05631035969818754,-0.22019803524017334,-0.1929459571838379,-0.06767210022772474,-0.07113081216812134,-0.16918110847473145,-0.020662563231240938,-0.14934033155441284,-0.22923147678375244,-0.042920980912100504,-0.19964289665222168,-0.2085345983505249,-0.0564528781291358,-0.22597789764404297,-0.17696279287338257,-0.06388321922386808,-0.06682008504867554,-0.14901238679885864,-0.031049566653024385,-0.13299357891082764,-0.1957312822341919,-0.047633420985590647,-0.18560999631881714,-0.18094909191131592,-0.05459602580631895,-0.21645045280456543,-0.152085542678833,-0.0574013333138339,-0.07109010219573975,-0.11398541927337646,-0.04249367893899603,-0.12219852209091187,-0.15185660123825073,-0.05147373707259817,-0.15920400619506836,-0.14678096771240234,-0.05318696455324812,-0.1852339506149292,-0.12866544723510742,-0.053559646319996546
0.0,0.0,0.0,-0.05703997611999512,0.009276032447814941,-0.004866007400390782,-0.1174115538597107,-0.007084846496582031,-0.007873552536306061,-0.16190648078918457,-0.013795554637908936,-0.014740712625620045,-0.19693952798843384,-0.02820897102355957,-0.02005228368723122,-0.11474472284317017,-0.12390267848968506,0.02290847183978828,-0.14544999599456787,-0.17386656999588013,0.012882734032633625,-0.17117249965667725,-0.18607914447784424,-0.000861128593509175,-0.19414395093917847,-0.18468594551086426,-0.01093737283879248,-0.09951204061508179,-0.13800811767578125,0.013873229118349872,-0.13416838645935059,-0.192771315574646,0.002783474594640456,-0.16463840007781982,-0.20156365633010864,-0.010736494941351094,-0.19012564420700073,-0.19182080030441284,-0.01941710492753712,-0.08092331886291504,-0.14617925882339478,0.0004952489638765378,-0.11579710245132446,-0.203396737575531,-0.010307837893900551,-0.1489221453666687,-0.21077299118041992,-0.019261063692805447,-0.17751562595367432,-0.20029973983764648,-0.02422953738057343,-0.05950736999511719,-0.14840900897979736,-0.014624499400791802,-0.09001624584197998,-0.19209253787994385,-0.02435233226203648,-0.11830955743789673,-0.20433646440505981,-0.03053848413908211,-0.14469623565673828,-0.2034071683883667,-0.034080449176666416
0.0,0.0,0.0,-0.05684804916381836,0.0048555731773376465,-0.012012559520577781,-0.11395108699798584,-0.015047550201416016,-0.020513067553316944,-0.15711748600006104,-0.027584731578826904,-0.030620685378586643,-0.19146573543548584,-0.0397493839263916,-0.03977875650910079,-0.1114460825920105,-0.14309436082839966,0.004236773987734921,-0.13510531187057495,-0.20250260829925537,-0.008946652124201648,-0.1585560441017151,-0.22362220287322998,-0.024390472630535953,-0.1819341778755188,-0.2293958067893982,-0.03584954381970107,-0.0907246470451355,-0.16224253177642822,-0.002696860414495461,-0.11569559574127197,-0.23320960998535156,-0.013617525408541553,-0.14415544271469116,-0.25569576025009155,-0.025491565997278087,-0.17033827304840088,-0.2557535767555237,-0.03451635182884871,-0.06623989343643188,-0.16918987035751343,-0.013669373998915546,-0.08735835552215576,-0.24315601587295532,-0.02464474418250262,-0.11259061098098755,-0.26338067650794983,-0.032810556302344196,-0.13746625185012817,-0.2616192102432251,-0.0388871827819699,-0.037187933921813965,-0.165721595287323,-0.02680343070117175,-0.0482940673828125,-0.22456490993499756,-0.03795362503317534,-0.06759637594223022,-0.24715876579284668,-0.04393418372658431,-0.09003669023513794,-0.2516302466392517,-0.048051400641476505
0.0,0.0,0.0,-0.05598348379135132,0.01383143663406372,-0.0058715897486933954,-0.11382400989532471,-0.009020209312438965,-0.008787221728397299,-0.14656472206115723,-0.03758347034454346,-0.014584435603154589,-0.1618383526802063,-0.06406289339065552,-0.019417601159346987,-0.11708664894104004,-0.1279471516609192,0.010407216393815588,-0.14965039491653442,-0.1771041750907898,-0.0016190094049477466,-0.1778387427330017,-0.188629150390625,-0.015714655152095247,-0.2027551531791687,-0.18741393089294434,-0.025862096330655504,-0.10212254524230957,-0.14438855648040771,0.002403325646611165,-0.14016306400299072,-0.19750624895095825,-0.009658319397402693,-0.1729869246482849,-0.20199894905090332,-0.02222099573029368,-0.19776636362075806,-0.18910539150238037,-0.03034422219408839,-0.08258461952209473,-0.15306711196899414,-0.008822309306395937,-0.11704736948013306,-0.20743036270141602,-0.019109612783921648,-0.15199047327041626,-0.21061080694198608,-0.027633840671313692,-0.1785237193107605,-0.19669902324676514,-0.03316409186138003,-0.05747675895690918,-0.15338772535324097,-0.021827262348068643,-0.08097571134567261,-0.20080029964447021,-0.030368425405157495,-0.10677605867385864,-0.21067577600479126,-0.03549526677144854,-0.128673255443573,-0.2039698362350464,-0.03871671155704348
0.0,0.0,0.0,-0.053177714347839355,0.0049079060554504395,-0.0137914464029123,-0.1123816967010498,-0.022718310356140137,-0.024696560405438106,-0.15726125240325928,-0.03538823127746582,-0.0380036922323157,-0.1904768943786621,-0.044687509536743164,-0.048520257525389354,-0.10862082242965698,-0.14346039295196533,0.00016454323135661753,-0.13302987813949585,-0.21982771158218384,-0.025005874984209697,-0.16303211450576782,-0.22167634963989258,-0.0455277281033446,-0.17827409505844116,-0.2023337483406067,-0.05597365816706912,-0.08906781673431396,-0.1592639684677124,-0.00705926242867605,-0.11227470636367798,-0.25136399269104004,-0.029919581316654842,-0.14643442630767822,-0.2459862232208252,-0.04216250946397082,-0.1596444845199585,-0.21282213926315308,-0.04614956473583476,-0.06552630662918091,-0.1656906008720398,-0.01929116231972472,-0.08477228879928589,-0.24816495180130005,-0.03571013157839076,-0.12004613876342773,-0.23846125602722168,-0.040125114672129314,-0.13584041595458984,-0.20638054609298706,-0.039570828728621166,-0.03832131624221802,-0.16284799575805664,-0.03432015126222865,-0.0562748908996582,-0.22293305397033691,-0.04449652677053706,-0.08231145143508911,-0.22292673587799072,-0.04644127731794612,-0.09694617986679077,-0.20142215490341187,-0.045405113898461025
0.0,0.0,0.0,-0.05868715047836304,0.009134352207183838,-0.006349789132048755,-0.11797600984573364,-0.008973181247711182,-0.011857209414859682,-0.16229885816574097,-0.01921302080154419,-0.021027760267873674,-0.1907486915588379,-0.046615540981292725,-0.028209417746086984,-0.11606323719024658,-0.12495964765548706,0.016445378153900236,-0.14653199911117554,-0.1798872947692871,0.0016129156205231254,-0.17579805850982666,-0.1891816258430481,-0.014339487687369257,-0.20094698667526245,-0.18318873643875122,-0.024981967792530924,-0.1017497181892395,-0.13925540447235107,0.007344418051967949,-0.13599538803100586,-0.20249158143997192,-0.0072715311913391645,-0.17161095142364502,-0.20608937740325928,-0.020012566507478624,-0.19850146770477295,-0.18813925981521606,-0.02733352935375777,-0.08392190933227539,-0.14571696519851685,-0.006198807772864967,-0.1169092059135437,-0.21048778295516968,-0.018076199725886255,-0.15382230281829834,-0.2141229510307312,-0.02489194615246859,-0.18215233087539673,-0.19841432571411133,-0.028076886818428903,-0.06394535303115845,-0.1446528434753418,-0.02179727672102061,-0.09419018030166626,-0.19226223230361938,-0.031610719547291666,-0.12571817636489868,-0.20401549339294434,-0.03693963928582278,-0.15265154838562012,-0.2017899751663208,-0.03946417166354266
0.0,0.0,0.0,-0.05587601661682129,0.01592695713043213,-0.006682403996144615,-0.11087781190872192,0.002016603946685791,-0.015144657954131446,-0.1479182243347168,-0.008036613464355469,-0.027293374441121898,-0.1555129885673523,-0.0428428053855896,-0.037947168252919994,-0.1180042028427124,-0.12550556659698486,0.008729874477232613,-0.15041959285736084,-0.1869850754737854,-0.012775131180440269,-0.1828896403312683,-0.18889182806015015,-0.0332142688851107,-0.2061769962310791,-0.17551612854003906,-0.04563960959718116,-0.10252219438552856,-0.14006394147872925,-0.0012960116430420499,-0.1389228105545044,-0.21191948652267456,-0.02032509414062389,-0.17654305696487427,-0.20832860469818115,-0.03408600916669258,-0.20085155963897705,-0.18587040901184082,-0.041186624817108,-0.08269268274307251,-0.14791595935821533,-0.015543283573840938,-0.11777210235595703,-0.21949923038482666,-0.028905626065586887,-0.15684419870376587,-0.21717315912246704,-0.03486141716644653,-0.18305176496505737,-0.1957905888557434,-0.03702106108472236,-0.05909043550491333,-0.14623409509658813,-0.03196070124909767,-0.08937805891036987,-0.20020437240600586,-0.04107239251539596,-0.11970281600952148,-0.20581507682800293,-0.04372478058144935,-0.14230525493621826,-0.19513314962387085,-0.04406832312748321
0.0,0.0,0.0,-0.05451685190200806,0.008176565170288086,-0.010511086146321347,-0.11474698781967163,-0.013225138187408447,-0.018791762935903122,-0.15959089994430542,-0.02348238229751587,-0.030231900337126305,-0.19390195608139038,-0.02975296974182129,-0.03943816554823165,-0.11280292272567749,-0.13481783866882324,0.006012699742827365,-0.13654297590255737,-0.20684415102005005,-0.014687231565799763,-0.16478484869003296,-0.21504604816436768,-0.032906256440069725,-0.18215662240982056,-0.20087653398513794,-0.04253406432547813,-0.09455174207687378,-0.15222245454788208,-0.0020583891877645755,-0.12106186151504517,-0.2385823130607605,-0.021874615746524384,-0.15463483333587646,-0.23959103226661682,-0.033543590280201485,-0.17078959941864014,-0.21103006601333618,-0.037393238219406655,-0.07231158018112183,-0.16125160455703735,-0.01475564745345359,-0.09790575504302979,-0.24054044485092163,-0.02980236318984275,-0.13225364685058594,-0.23356693983078003,-0.035118978294518044,-0.1491599678993225,-0.20296013355255127,-0.03490482998171096,-0.046148061752319336,-0.16108489036560059,-0.029851501631524613,-0.06915372610092163,-0.2185094952583313,-0.039746969762232354,-0.09733033180236816,-0.21720588207244873,-0.04223677498378997,-0.11436724662780762,-0.19382745027542114,-0.0413509605554605
0.0,0.0,0.0,-0.05737137794494629,0.014650166034698486,-0.0002961456650645289,-0.11452353000640869,-0.005753219127655029,-0.0021604406522364172,-0.15270918607711792,-0.021164774894714355,-0.009124400081649497,-0.16133320331573486,-0.05680793523788452,-0.014323175872281269,-0.11586230993270874,-0.12296831607818604,0.023972466600522324,-0.14562153816223145,-0.18015056848526,0.010662419733986184,-0.17800521850585938,-0.18876737356185913,-0.0040097338953763995,-0.20289921760559082,-0.18221652507781982,-0.013615066173091606,-0.10239171981811523,-0.13663309812545776,0.012135668670222088,-0.13646024465560913,-0.20400643348693848,-0.00045166701807275444,-0.1762988567352295,-0.20791858434677124,-0.011202143492713645,-0.20427817106246948,-0.19131380319595337,-0.01693015916885443,-0.08642745018005371,-0.1424351930618286,-0.003912263071701005,-0.1222192645072937,-0.20780575275421143,-0.014110292295530513,-0.1636800765991211,-0.21069973707199097,-0.0197242833548934,-0.19239944219589233,-0.1945953369140625,-0.021862220006600097,-0.07040852308273315,-0.13942545652389526,-0.021686915295735076,-0.10451722145080566,-0.18638795614242554,-0.029686251642718986,-0.13912594318389893,-0.19618165493011475,-0.03324594719947882,-0.16578888893127441,-0.1919155716896057,-0.034492630499020294
0.0,0.0,0.0,-0.05370062589645386,0.002485811710357666,-0.007920355896750664,-0.11071372032165527,-0.019906222820281982,-0.015311843144992565,-0.15206867456436157,-0.030308127403259277,-0.026053212012449478,-0.18035000562667847,-0.05345731973648071,-0.03484047892252562,-0.1060711145401001,-0.13354730606079102,0.010708859760960365,-0.13226109743118286,-0.19509202241897583,-0.010491786885360455,-0.15954560041427612,-0.20355379581451416,-0.030452090676227783,-0.1785075068473816,-0.1900072693824768,-0.04168389308015463,-0.09016329050064087,-0.14717066287994385,0.002254673617606784,-0.1187010407447815,-0.22023546695709229,-0.018883352528611397,-0.15078520774841309,-0.22349199652671814,-0.03445012065331099,-0.1716555953025818,-0.19851964712142944,-0.04128784256736395,-0.0711398720741272,-0.1532483696937561,-0.010588430228928303,-0.0981903076171875,-0.22388839721679688,-0.026469729270139908,-0.13156795501708984,-0.2265087366104126,-0.034773181553283905,-0.15535837411880493,-0.20509326457977295,-0.03698882403532622,-0.04898178577423096,-0.1498923897743225,-0.025367851729789948,-0.07328015565872192,-0.1991128921508789,-0.037026203598180984,-0.10265302658081055,-0.2121800184249878,-0.0430003436164057,-0.12795817852020264,-0.20804619789123535,-0.04479661526838896
0.0,0.0,0.0,-0.057665348052978516,0.010554134845733643,0.002402732836756627,-0.1108323335647583,-0.010042786598205566,0.0018137190385942858,-0.14545565843582153,-0.02316826581954956,-0.004044577722694953,-0.16258060932159424,-0.048996925354003906,-0.008661579118367513,-0.10894852876663208,-0.13408970832824707,0.022777089140120665,-0.14073997735977173,-0.1891545057296753,0.010119314527813117,-0.17400997877120972,-0.19633638858795166,-0.003784948271956523,-0.19999712705612183,-0.18891853094100952,-0.01320220042138942,-0.09654897451400757,-0.14758849143981934,0.009493735841218154,-0.1342056393623352,-0.21474885940551758,-0.0036335163854772645,-0.1737648844718933,-0.21543416380882263,-0.014831285701390584,-0.2019878625869751,-0.19825071096420288,-0.021290826388892015,-0.08327609300613403,-0.1518772840499878,-0.007575768755074819,-0.12101835012435913,-0.21795502305030823,-0.018758282774385293,-0.16286247968673706,-0.2196868658065796,-0.02586917836337932,-0.19305956363677979,-0.20415574312210083,-0.029636432194408258,-0.07112115621566772,-0.14656281471252441,-0.02595520462959655,-0.1049848198890686,-0.1942310929298401,-0.03513875115781673,-0.13927417993545532,-0.20589983463287354,-0.040480809995230516,-0.1677747368812561,-0.20377475023269653,-0.043596151062544664
0.0,0.0,0.0,-0.05605208873748779,-0.003916501998901367,-0.008951273400512605,-0.11174023151397705,-0.035593509674072266,-0.015926797527995973,-0.15391910076141357,-0.05404263734817505,-0.026276628140536218,-0.18363434076309204,-0.07874089479446411,-0.0344515094796094,-0.10042726993560791,-0.14946627616882324,0.01277989276853475,-0.12038975954055786,-0.2136484980583191,-0.007036227386620908,-0.1472681164741516,-0.22534632682800293,-0.026195237998095422,-0.16909337043762207,-0.21683698892593384,-0.03722427285107699,-0.08262109756469727,-0.16177016496658325,0.0045614758243885944,-0.10358083248138428,-0.23993340134620667,-0.014601408157673745,-0.1364002227783203,-0.2477169632911682,-0.028560782436457544,-0.15997427701950073,-0.22838202118873596,-0.034747323606339364,-0.06283831596374512,-0.1666467785835266,-0.00852076767775145,-0.08328670263290405,-0.24404925107955933,-0.023513388473716645,-0.11950969696044922,-0.25015321373939514,-0.031053916204896836,-0.1463516354560852,-0.2319352626800537,-0.03283339238556948,-0.04106563329696655,-0.16282451152801514,-0.023827761996713548,-0.06207013130187988,-0.2200462818145752,-0.03462514526042071,-0.09159868955612183,-0.2330179214477539,-0.039435087356892495,-0.11632645130157471,-0.22617298364639282,-0.040526548985567956
0.0,0.0,0.0,-0.05965554714202881,0.00825345516204834,-0.0011182740189568108,-0.11752909421920776,-0.017561733722686768,-0.0037482990509332126,-0.15565639734268188,-0.033368706703186035,-0.011001704921802968,-0.18029195070266724,-0.05895662307739258,-0.01681755176731059,-0.10388773679733276,-0.14659523963928223,0.01738027417115262,-0.1387997269630432,-0.2025197446346283,0.004715753523775845,-0.1753259301185608,-0.2156999707221985,-0.00819885424323985,-0.2055416703224182,-0.21466714143753052,-0.017704314282021016,-0.09217041730880737,-0.1584557294845581,0.0043297249732106025,-0.13645440340042114,-0.2270289659500122,-0.010672028837582559,-0.17924970388412476,-0.23263898491859436,-0.02193874186821887,-0.21120071411132812,-0.22084200382232666,-0.02819811432608077,-0.0801888108253479,-0.15874475240707397,-0.012649971721550912,-0.1259516477584839,-0.22343620657920837,-0.02660570359774539,-0.17065995931625366,-0.22950655221939087,-0.03500872171469638,-0.2042962908744812,-0.2190219759941101,-0.03950116476961085,-0.07088238000869751,-0.14717906713485718,-0.030997599204859227,-0.11026453971862793,-0.19030815362930298,-0.04265698111601779,-0.14401990175247192,-0.2029063105583191,-0.04913606188245723,-0.17275255918502808,-0.20411032438278198,-0.05310101500698039
0.0,0.0,0.0,-0.05222851037979126,-0.0070618391036987305,-0.013020061838588504,-0.10691088438034058,-0.04887568950653076,-0.019861847113034514,-0.1456592082977295,-0.08278763294219971,-0.028821490655801085,-0.17419815063476562,-0.11703771352767944,-0.03540149698700645,-0.0870811939239502,-0.16130268573760986,0.00716980272237322,-0.10668039321899414,-0.2250416874885559,-0.012480894054434089,-0.1315997838973999,-0.23871850967407227,-0.03197859595265129,-0.15286213159561157,-0.2313905954360962,-0.04313981155600288,-0.06630271673202515,-0.1752142310142517,0.0015666168675210201,-0.0832749605178833,-0.25460654497146606,-0.018257439087292937,-0.11534088850021362,-0.26245033740997314,-0.0327570102616761,-0.13816016912460327,-0.23939374089241028,-0.0388934686287854,-0.04300183057785034,-0.17936134338378906,-0.00870234048660734,-0.05779939889907837,-0.25180914998054504,-0.02444131294932106,-0.08962184190750122,-0.2566233277320862,-0.03196690226640442,-0.11116629838943481,-0.23503702878952026,-0.033268462817332534,-0.016051948070526123,-0.17402327060699463,-0.021437883327863005,-0.027768373489379883,-0.2343926727771759,-0.032716672818324355,-0.05258852243423462,-0.24588647484779358,-0.03656592587675789,-0.07241201400756836,-0.23186472058296204,-0.036549556951186446
0.0,0.0,0.0,-0.05598527193069458,-0.00040209293365478516,0.003623571263545955,-0.11162513494491577,-0.04078197479248047,0.006022146221170033,-0.14898264408111572,-0.06714516878128052,0.002152574498126114,-0.17233896255493164,-0.09775245189666748,-0.0002963122803123497,-0.08595377206802368,-0.16081881523132324,0.034285589836457575,-0.1052367091178894,-0.21883586049079895,0.027095338113525713,-0.13269346952438354,-0.23465454578399658,0.01576586046061834,-0.15973728895187378,-0.23610317707061768,0.007383188016632403,-0.0708012580871582,-0.17146527767181396,0.020250653631904925,-0.09437763690948486,-0.24073484539985657,0.011272384568968619,-0.1308218240737915,-0.2544157803058624,0.0001467731948139317,-0.16225141286849976,-0.2473229467868805,-0.006351274654349481,-0.05679905414581299,-0.17363190650939941,0.0019701386503072627,-0.08419257402420044,-0.2431151270866394,-0.008571316704234277,-0.1240164041519165,-0.2556719481945038,-0.016228905163785612,-0.15702533721923828,-0.24998855590820312,-0.019365331374189054,-0.04695749282836914,-0.16774415969848633,-0.01760428234197775,-0.07773089408874512,-0.22193139791488647,-0.02684643699981848,-0.11123919486999512,-0.24152886867523193,-0.03210281602301279,-0.1408265233039856,-0.24803009629249573,-0.03456940896072069
0.0,0.0,0.0,-0.052810609340667725,-0.015132248401641846,-0.015289220587384023,-0.10458940267562866,-0.05464547872543335,-0.024373715371858395,-0.14374905824661255,-0.09003126621246338,-0.03455573096967868,-0.16397589445114136,-0.13093525171279907,-0.04292638376451663,-0.083118736743927,-0.16250008344650269,0.0013797765355221259,-0.1034669280052185,-0.22514498233795166,-0.017083938793312825,-0.12491196393966675,-0.2503165602684021,-0.03573751226164035,-0.14637994766235352,-0.25901657342910767,-0.047854667157899655,-0.05821382999420166,-0.17604899406433105,-0.0019094879748635663,-0.0764763355255127,-0.24681726098060608,-0.02028403766549758,-0.10196590423583984,-0.2647588551044464,-0.03625324890114001,-0.12462764978408813,-0.2552456855773926,-0.04518073573805026,-0.03098320960998535,-0.1807153820991516,-0.009225559049319543,-0.04332888126373291,-0.25511419773101807,-0.0254708878705614,-0.0695333480834961,-0.27252399921417236,-0.03505707681275538,-0.09370440244674683,-0.2602882385253906,-0.03879077136613063,3.045797348022461e-05,-0.17491233348846436,-0.018660600856911458,-0.003619372844696045,-0.23667165637016296,-0.032165919990312375,-0.02141636610031128,-0.2614442706108093,-0.038786148280870236,-0.041496336460113525,-0.2612049877643585,-0.04101210609174899
0.0,0.0,0.0,-0.05704766511917114,-0.00830155611038208,-0.0010014351621734363,-0.10826438665390015,-0.04814416170120239,-0.0022652858799787623,-0.14558815956115723,-0.07599323987960815,-0.008434771972382293,-0.1677914261817932,-0.11041802167892456,-0.0131994946325662,-0.07959508895874023,-0.1584802269935608,0.024701719691371693,-0.1001390814781189,-0.21659618616104126,0.013312560093915238,-0.12835323810577393,-0.23414507508277893,-0.0008980608593205375,-0.15637022256851196,-0.2373761534690857,-0.011212902555847393,-0.06577658653259277,-0.16825509071350098,0.013184998703515305,-0.08998125791549683,-0.23596227169036865,9.943467987483245e-05,-0.1279287338256836,-0.24866074323654175,-0.01397623814889215,-0.16204607486724854,-0.23960697650909424,-0.022776542643690334,-0.05197298526763916,-0.16916871070861816,-0.002346380094671474,-0.07524615526199341,-0.2409142255783081,-0.014544877635920272,-0.1146465539932251,-0.25506001710891724,-0.023859017009520755,-0.14929324388504028,-0.24954059720039368,-0.028876671979809032,-0.0404626727104187,-0.1611916422843933,-0.019310525099420772,-0.06350481510162354,-0.21566331386566162,-0.029364705498004184,-0.09199804067611694,-0.24063566327095032,-0.035991037676716076,-0.11897218227386475,-0.252397358417511,-0.039943455199384914
0.0,0.0,0.0,-0.048642635345458984,-0.017239272594451904,-0.017455821315031983,-0.0975756049156189,-0.07051581144332886,-0.02830313091931913,-0.13330358266830444,-0.11066985130310059,-0.04074092900214765,-0.14348548650741577,-0.1516287922859192,-0.051415562087875344,-0.06801319122314453,-0.17759844660758972,-0.000953426159192361,-0.07479959726333618,-0.24131077527999878,-0.024364882538300492,-0.09617388248443604,-0.26107075810432434,-0.04692972397266004,-0.11607980728149414,-0.2582927942276001,-0.06055233945904348,-0.042093515396118164,-0.1867067813873291,-0.005995472351294495,-0.044666290283203125,-0.26942506432533264,-0.031929335946422555,-0.0731801986694336,-0.2780684530735016,-0.050715159082990624,-0.09534895420074463,-0.25113919377326965,-0.059115945751052834,-0.013768017292022705,-0.18434596061706543,-0.015469371730667092,-0.013955831527709961,-0.26249784231185913,-0.03625188713727567,-0.04088670015335083,-0.26064109802246094,-0.04617354964671705,-0.058553993701934814,-0.22993120551109314,-0.04831896295605276,0.017523467540740967,-0.16965699195861816,-0.027415174449068047,0.016687095165252686,-0.23288297653198242,-0.0418203132396755,-0.0018467903137207031,-0.23673802614212036,-0.04629254659472082,-0.015819787979125977,-0.2137005627155304,-0.04639602770863149
0.0,0.0,0.0,-0.058305323123931885,-0.010908842086791992,0.0014111704992529894,-0.1099846363067627,-0.04850900173187256,-0.0015681457837644075,-0.14838415384292603,-0.06887173652648926,-0.01012994264173983,-0.177385151386261,-0.09516137838363647,-0.017463420600776658,-0.0721021294593811,-0.16777604818344116,0.023512483491415992,-0.10144466161727905,-0.22043642401695251,0.010171403094048515,-0.1347125768661499,-0.23207786679267883,-0.005275964354311213,-0.16349828243255615,-0.22924429178237915,-0.016000417144184098,-0.05803269147872925,-0.17755776643753052,0.009850357576127067,-0.09713518619537354,-0.24035876989364624,-0.004818143871759162,-0.1365475058555603,-0.246028333902359,-0.01978849348533629,-0.16720163822174072,-0.23232001066207886,-0.028903449968581185,-0.04725903272628784,-0.17611372470855713,-0.00766608592975615,-0.08618420362472534,-0.24218511581420898,-0.02175087210643767,-0.12787872552871704,-0.25042033195495605,-0.03144735199320792,-0.15985167026519775,-0.2394588589668274,-0.036211663008813844,-0.043550729751586914,-0.16200804710388184,-0.026174719528441415,-0.08045697212219238,-0.2106102705001831,-0.037967098028545365,-0.11295151710510254,-0.23031842708587646,-0.04468165812004088,-0.1405525803565979,-0.23717856407165527,-0.048209835858230576
0.0,0.0,0.0,-0.05604785680770874,-0.010856032371520996,-0.01871303189713558,-0.1075325608253479,-0.05339258909225464,-0.025283860975690686,-0.14082354307174683,-0.10171741247177124,-0.03181638289410671,-0.1605200171470642,-0.14390099048614502,-0.03633586038071712,-0.09428441524505615,-0.15706866979599,0.002263151573203004,-0.1094743013381958,-0.21597015857696533,-0.010321527721174562,-0.12284976243972778,-0.25050345063209534,-0.02490083594042858,-0.1370450258255005,-0.2707141637802124,-0.03582198266107639,-0.06644779443740845,-0.17506855726242065,0.0010618134384969835,-0.08052057027816772,-0.24463078379631042,-0.013316728176363313,-0.0979873538017273,-0.2751506567001343,-0.028045705521293485,-0.11193335056304932,-0.2727644145488739,-0.03688149620015224,-0.03682065010070801,-0.17959585785865784,-0.004178440665640437,-0.04913562536239624,-0.25011125206947327,-0.019340732136555516,-0.06556165218353271,-0.2731991112232208,-0.029840712437220418,-0.07666289806365967,-0.25965219736099243,-0.03423708025533756,-0.004530787467956543,-0.1746271848678589,-0.011710052380152547,-0.013769686222076416,-0.2283654808998108,-0.027558851057477796,-0.026610851287841797,-0.25345903635025024,-0.036380250939913594,-0.03635215759277344,-0.25076448917388916,-0.039520700463839376
0.0,0.0,0.0,-0.057707786560058594,-0.0062410831451416016,-0.003474385415820791,-0.11168372631072998,-0.04326784610748291,-0.0064179321598842876,-0.15276217460632324,-0.0660519003868103,-0.013808285988552882,-0.18613845109939575,-0.08808529376983643,-0.020212208091898276,-0.09133642911911011,-0.15213102102279663,0.02134375536473243,-0.11551797389984131,-0.20813637971878052,0.008564667605178045,-0.14091861248016357,-0.22683382034301758,-0.006987654775066687,-0.16684412956237793,-0.23061227798461914,-0.018082105725689246,-0.07536143064498901,-0.16203492879867554,0.010829523034708188,-0.10223734378814697,-0.2267056107521057,-0.005234857260866477,-0.1349199414253235,-0.23864373564720154,-0.02237274421720059,-0.16454291343688965,-0.22877046465873718,-0.03252174815504105,-0.05762135982513428,-0.16493374109268188,-0.0034697579067781703,-0.0813150405883789,-0.23190590739250183,-0.017460243016167,-0.11565953493118286,-0.24330908060073853,-0.029247210532112433,-0.1461811065673828,-0.23517778515815735,-0.03537891915409119,-0.038916170597076416,-0.15954017639160156,-0.019205947577638938,-0.06049919128417969,-0.2101849913597107,-0.02997901028363259,-0.08698040246963501,-0.23303765058517456,-0.03771185612647088,-0.11152434349060059,-0.24206238985061646,-0.04223211219875367
0.0,0.0,0.0,-0.05211073160171509,-0.004739344120025635,-0.01993983545436606,-0.09447532892227173,-0.02909386157989502,-0.030099324221751544,-0.1251124143600464,-0.05929732322692871,-0.039346681247494075,-0.14764118194580078,-0.09059804677963257,-0.04719707117511973,-0.10512477159500122,-0.14347678422927856,0.0027099917260642314,-0.11931061744689941,-0.19553634524345398,-0.007691636486939046,-0.12742745876312256,-0.22576779127120972,-0.02266820640399203,-0.13687950372695923,-0.2490522563457489,-0.035163180242321346,-0.07797986268997192,-0.16292589902877808,0.001662290966109481,-0.09343492984771729,-0.22586551308631897,-0.010099022920272205,-0.10282349586486816,-0.2509002685546875,-0.026910099471948,-0.11463141441345215,-0.2584899961948395,-0.03907140464617953,-0.05020427703857422,-0.16851764917373657,-0.0033150029285167193,-0.06194806098937988,-0.23187437653541565,-0.015066194619080875,-0.07607203722000122,-0.2551460564136505,-0.027934723804733608,-0.08908319473266602,-0.25846585631370544,-0.03669092179372058,-0.01853048801422119,-0.16215986013412476,-0.01052468204035506,-0.032638490200042725,-0.20885419845581055,-0.022074780697963092,-0.04501420259475708,-0.2356443703174591,-0.030655491436860416,-0.05601924657821655,-0.25238996744155884,-0.03632928178741679
0.0,0.0,0.0,-0.05410110950469971,-0.005735814571380615,-0.012753014621637249,-0.10842430591583252,-0.03567385673522949,-0.02116281928618946,-0.14865005016326904,-0.055779874324798584,-0.03133353607853451,-0.1814592480659485,-0.07882040739059448,-0.040643144567809486,-0.1011044979095459,-0.14873307943344116,0.0065716820011516575,-0.12131571769714355,-0.20841145515441895,-0.008149629627666855,-0.13945281505584717,-0.23411232233047485,-0.024683101271591568,-0.15976053476333618,-0.24462634325027466,-0.036307543685040855,-0.07855856418609619,-0.1597498655319214,0.0007426543218684856,-0.09900867938995361,-0.22497212886810303,-0.017098829319081688,-0.12146180868148804,-0.24310746788978577,-0.034110404719911,-0.14554744958877563,-0.23956447839736938,-0.043931540270648384,-0.053768932819366455,-0.16291138529777527,-0.008869828825197601,-0.07242852449417114,-0.22736424207687378,-0.024252468888960266,-0.0937952995300293,-0.2453192174434662,-0.03443269075950184,-0.1157219409942627,-0.24400544166564941,-0.0392148384650568,-0.026346206665039062,-0.15733668208122253,-0.020376684313021087,-0.04674422740936279,-0.20625388622283936,-0.03247854875525036,-0.06747770309448242,-0.22938868403434753,-0.03849940391381779,-0.08805114030838013,-0.23998671770095825,-0.04119300486644306
0.0,0.0,0.0,-0.055864036083221436,0.0027667880058288574,0.0024564716471644488,-0.11578083038330078,-0.03074049949645996,0.0013545861905726042,-0.15868735313415527,-0.04178321361541748,-0.005076273719751612,-0.19294601678848267,-0.050700366497039795,-0.010289711787336842,-0.0846899151802063,-0.1555788516998291,0.024599048399394974,-0.12000226974487305,-0.20268526673316956,0.013450265952414497,-0.15455901622772217,-0.20772838592529297,-2.1633149032140864e-06,-0.18344980478286743,-0.19719275832176208,-0.009175612500840202,-0.07234829664230347,-0.16661489009857178,0.011275266387528404,-0.1180264949798584,-0.2231050729751587,-9.803077104209024e-05,-0.15870344638824463,-0.22269615530967712,-0.01214312380456306,-0.18921315670013428,-0.20376256108283997,-0.01920783231311418,-0.062478721141815186,-0.1658760905265808,-0.005738801232510582,-0.11163949966430664,-0.2241974174976349,-0.0178125751232443,-0.15432685613632202,-0.22428232431411743,-0.025755424893432632,-0.18542253971099854,-0.20746111869812012,-0.029180197886162773,-0.05947387218475342,-0.15248769521713257,-0.02361096898370363,-0.1063154935836792,-0.19541776180267334,-0.03349802540891744,-0.14134550094604492,-0.20501458644866943,-0.038188259026938454,-0.16897666454315186,-0.2021738886833191,-0.04031754927986242
0.0,0.0,0.0,-0.06857067346572876,-0.016387760639190674,0.0006870658297088994,-0.12621605396270752,-0.04808521270751953,-0.011397889810893957,-0.17222601175308228,-0.06228530406951904,-0.02546824700692696,-0.19741982221603394,-0.07164126634597778,-0.03803814574638409,-0.059129297733306885,-0.16829293966293335,-0.007915868419502203,-0.12235087156295776,-0.21196332573890686,-0.0257572196380238,-0.16903018951416016,-0.20748788118362427,-0.0413439497307877,-0.2072739601135254,-0.18852946162223816,-0.05119866132298512,-0.05609536170959473,-0.16111132502555847,-0.01786604895750088,-0.14179503917694092,-0.21737486124038696,-0.034484695638809626,-0.1851009726524353,-0.20386719703674316,-0.04816428944030804,-0.21133637428283691,-0.17728370428085327,-0.05797106027165455,-0.058798789978027344,-0.14176297187805176,-0.02778842672267956,-0.12943494319915771,-0.19720137119293213,-0.03670835867086453,-0.175711989402771,-0.19358506798744202,-0.0418511219278912,-0.20795756578445435,-0.17260399460792542,-0.04588488488951725,-0.07187044620513916,-0.11081838607788086,-0.03771879896083874,-0.12704229354858398,-0.15394243597984314,-0.04189727827468914,-0.16378748416900635,-0.16393953561782837,-0.043183878059778635,-0.19235509634017944,-0.15955421328544617,-0.044530961658153956
0.0,0.0,0.0,-0.05143177509307861,0.013661980628967285,-0.0041654968955811,-0.10804635286331177,0.0054705142974853516,-0.007672671447068069,-0.15083003044128418,0.0031810402870178223,-0.015253970617919776,-0.18302148580551147,-0.012153387069702148,-0.021535163032382343,-0.11024004220962524,-0.10395973920822144,0.01854739036920705,-0.14721304178237915,-0.1493961215019226,0.004182961085319903,-0.17643916606903076,-0.15257996320724487,-0.011294963988035533,-0.19872480630874634,-0.14042305946350098,-0.021155628594129894,-0.0984150767326355,-0.11860549449920654,0.00889194455507436,-0.13957804441452026,-0.17565935850143433,-0.007176300729184959,-0.1735745072364807,-0.1713712513446808,-0.021544051575034473,-0.1967903971672058,-0.1465798020362854,-0.029099785941212986,-0.08447283506393433,-0.12723302841186523,-0.0049550339901145435,-0.12557536363601685,-0.18586432933807373,-0.01879411305722556,-0.16173392534255981,-0.18220365047454834,-0.028333769398301456,-0.18691813945770264,-0.16070425510406494,-0.03233272697266898,-0.07036203145980835,-0.1282343864440918,-0.020270076798766468,-0.10854089260101318,-0.1648806929588318,-0.030879826503365848,-0.14017528295516968,-0.17117220163345337,-0.03725873048838935,-0.1646718978881836,-0.16583716869354248,-0.04033179323610625
