0.0,0.0,0.0,-0.06049001216888428,-0.02337747812271118,-0.023144622406846338,-0.10772097110748291,-0.10073989629745483,-0.030324108040815645,-0.11702996492385864,-0.17715191841125488,-0.037965997195726686,-0.12069177627563477,-0.23324710130691528,-0.039527847505098634,-0.09552592039108276,-0.1876249611377716,0.000801276342087931,-0.09891033172607422,-0.2522021234035492,-0.03344974953580504,-0.08252948522567749,-0.1978277564048767,-0.04952231708813315,-0.0756230354309082,-0.1550992727279663,-0.05326550740647917,-0.053424954414367676,-0.19594860076904297,-0.0014262469056234295,-0.05254000425338745,-0.25975388288497925,-0.037185329086071306,-0.043272972106933594,-0.1773044466972351,-0.043343535697943025,-0.04680818319320679,-0.14812827110290527,-0.03654890794206267,-0.012640416622161865,-0.19159436225891113,-0.010475109404808336,-0.0071509480476379395,-0.24806678295135498,-0.04670429143953925,-0.006106376647949219,-0.17130732536315918,-0.03527683678913718,-0.013588547706604004,-0.14594906568527222,-0.01668813925135737,0.025867104530334473,-0.17716902494430542,-0.021761068216449075,0.030827879905700684,-0.2238280475139618,-0.041822406536823564,0.026752471923828125,-0.17173153162002563,-0.029069840050226503,0.01827019453048706,-0.1477000117301941,-0.012751029877847486
0.0,0.0,0.0,-0.0551227331161499,-0.05139118432998657,0.0016434886516663028,-0.08193129301071167,-0.1436326503753662,0.0038277840964155985,-0.06252729892730713,-0.20240291953086853,-0.001281885194998722,-0.034187376499176025,-0.238145112991333,-0.005828393038768809,-0.05675399303436279,-0.20453238487243652,0.022249967909942825,-0.07039546966552734,-0.2752220630645752,-0.0028335802466017412,-0.0861082673072815,-0.2430635392665863,-0.017958196692575257,-0.08707225322723389,-0.1988801658153534,-0.022544388540495675,-0.027065932750701904,-0.20534130930900574,0.009725236452709396,-0.04020756483078003,-0.2816043794155121,-0.019907257400859635,-0.05641210079193115,-0.2154425084590912,-0.027827856012095253,-0.0519443154335022,-0.1593695878982544,-0.02145821309875373,0.00647580623626709,-0.1948908567428589,-0.0072574604977262425,-0.007740974426269531,-0.2586628794670105,-0.035536832057346146,-0.02307683229446411,-0.18953901529312134,-0.030984365262497704,-0.018616557121276855,-0.13906919956207275,-0.01664545095752601,0.04168689250946045,-0.17504769563674927,-0.024627790667523186,0.024465441703796387,-0.23562076687812805,-0.039571839265931885,0.009094536304473877,-0.190386563539505,-0.030605162375081818,0.012367188930511475,-0.14979928731918335,-0.0176162206311119
0.0,0.0,0.0,-0.05423468351364136,-0.033409833908081055,-0.02455769630495297,-0.08610081672668457,-0.12671804428100586,-0.030231041483318677,-0.07423144578933716,-0.19812723994255066,-0.03579707408670174,-0.05729013681411743,-0.24550318717956543,-0.035440202451979985,-0.0757102370262146,-0.200246661901474,-0.0014316836592911386,-0.07407474517822266,-0.25807511806488037,-0.03863591665748345,-0.06667309999465942,-0.20170742273330688,-0.05610535631302582,-0.06276214122772217,-0.15602445602416992,-0.059848211355244985,-0.033616602420806885,-0.20517092943191528,-0.002075100665649643,-0.027244985103607178,-0.26347479224205017,-0.04041421750906693,-0.02570587396621704,-0.179529070854187,-0.044731083906924596,-0.02869361639022827,-0.14912384748458862,-0.03474254126075493,0.007513821125030518,-0.19442570209503174,-0.010292933903372159,0.016660332679748535,-0.24137544631958008,-0.047891735680138936,0.01090860366821289,-0.16633161902427673,-0.035984772838389745,0.0038147568702697754,-0.143271803855896,-0.015915853552257886,0.044051170349121094,-0.17429015040397644,-0.021057605392968526,0.052627742290496826,-0.21329379081726074,-0.0423005629551767,0.04289168119430542,-0.16516992449760437,-0.030817588440811505,0.03414422273635864,-0.14699125289916992,-0.01475081092092978
0.0,0.0,0.0,-0.06378573179244995,-0.023099303245544434,-0.008800273134909276,-0.10739266872406006,-0.09410327672958374,-0.009339859082899693,-0.11363774538040161,-0.16186845302581787,-0.013795704885922078,-0.11428529024124146,-0.2060539722442627,-0.015004752508900765,-0.10186409950256348,-0.16445720195770264,0.018777609497703907,-0.1110197901725769,-0.22017791867256165,-0.009256553209922913,-0.09685057401657104,-0.18205392360687256,-0.02687871020992816,-0.08540314435958862,-0.139823317527771,-0.03211358313222945,-0.06536471843719482,-0.1773277223110199,0.011739466965593692,-0.0715295672416687,-0.2364857792854309,-0.0178800442512852,-0.05827230215072632,-0.17036449909210205,-0.026955475404463414,-0.051517367362976074,-0.1290234923362732,-0.02238329996129096,-0.02755558490753174,-0.18013006448745728,-0.000965568716708276,-0.029366612434387207,-0.23059338331222534,-0.030273053168855313,-0.02327948808670044,-0.1632930040359497,-0.023845481991372708,-0.020532190799713135,-0.12435078620910645,-0.00878230140318692,0.011304140090942383,-0.1733492612838745,-0.014876159213088158,0.005911409854888916,-0.22088971734046936,-0.029854811101756695,0.004842877388000488,-0.1740736961364746,-0.01892231528421462,0.004645407199859619,-0.1424788534641266,-0.0044532113965374265
0.0,0.0,0.0,-0.05323386192321777,-0.03478461503982544,-0.015119985583567086,-0.08316075801849365,-0.12909364700317383,-0.019211826752268735,-0.06195402145385742,-0.1957247257232666,-0.025495836417519513,-0.03307229280471802,-0.23225778341293335,-0.02755810124739355,-0.06380099058151245,-0.2032603919506073,0.0026798756799166767,-0.07280457019805908,-0.26491856575012207,-0.030361957754337254,-0.07509493827819824,-0.21469315886497498,-0.04627327052816099,-0.06897354125976562,-0.16569358110427856,-0.049796545784317914,-0.024750709533691406,-0.20447295904159546,-0.0022592718241298826,-0.028493225574493408,-0.26532554626464844,-0.036939753125750485,-0.036341071128845215,-0.18541055917739868,-0.040577983389937344,-0.033105552196502686,-0.14812242984771729,-0.030488727520548764,0.013909399509429932,-0.1910592019557953,-0.013380337412797871,0.0096815824508667,-0.235479474067688,-0.04515141798123068,-0.0015392899513244629,-0.16033929586410522,-0.03248296482428259,0.00012105703353881836,-0.13170737028121948,-0.012746116984033051,0.05083024501800537,-0.16896283626556396,-0.02648548213704771,0.045019686222076416,-0.20838958024978638,-0.041991839091622296,0.032084643840789795,-0.16136044263839722,-0.028620956371867123,0.0322076678276062,-0.14151781797409058,-0.01226678667529768
0.0,0.0,0.0,-0.056062281131744385,-0.03418153524398804,-0.0068125257702718045,-0.09266215562820435,-0.12482613325119019,-0.00932080377509692,-0.08520746231079102,-0.19636580348014832,-0.016944480917061355,-0.06908583641052246,-0.24514150619506836,-0.0218943952085624,-0.0724295973777771,-0.1998002529144287,0.011765112311934445,-0.09234422445297241,-0.26476165652275085,-0.018806591487134483,-0.09853237867355347,-0.21290543675422668,-0.03449088507016995,-0.08944195508956909,-0.16550207138061523,-0.038157490870560196,-0.039982378482818604,-0.20424678921699524,0.0025882887685497735,-0.05633366107940674,-0.27228400111198425,-0.02984655447920659,-0.06441152095794678,-0.19447362422943115,-0.03517530657967427,-0.05361974239349365,-0.15196877717971802,-0.026596942773664978,-0.004466891288757324,-0.19845852255821228,-0.011992694667185333,-0.022070348262786865,-0.2509137988090515,-0.043069904527271774,-0.029539048671722412,-0.173753023147583,-0.03266138382872441,-0.018285632133483887,-0.13692080974578857,-0.014230600415373829,0.032032310962677,-0.18386486172676086,-0.027747921502793815,0.01170271635055542,-0.23617523908615112,-0.042887380203808334,0.0015782713890075684,-0.18411430716514587,-0.02961977370699742,0.011160552501678467,-0.15355908870697021,-0.013162599733675506
0.0,0.0,0.0,-0.059232890605926514,-0.02948129177093506,-0.015650068467948586,-0.10283523797988892,-0.11537164449691772,-0.019674857205245644,-0.10200202465057373,-0.18949460983276367,-0.026050052663777024,-0.09193968772888184,-0.23994150757789612,-0.027922785899136215,-0.09562337398529053,-0.18355149030685425,0.0066723403870128095,-0.10156434774398804,-0.24937382340431213,-0.025715827068779618,-0.08577632904052734,-0.200191468000412,-0.04317630181321874,-0.07534658908843994,-0.1529293656349182,-0.04768854851135984,-0.056616008281707764,-0.19441074132919312,0.002302667766343802,-0.05564236640930176,-0.258042573928833,-0.030768810829613358,-0.04367983341217041,-0.18150001764297485,-0.037956313288304955,-0.042346060276031494,-0.14145493507385254,-0.03156709024915472,-0.016408205032348633,-0.19388508796691895,-0.008106033375952393,-0.011670291423797607,-0.24634748697280884,-0.04033146525034681,-0.008210062980651855,-0.17114123702049255,-0.030592397844884545,-0.011696279048919678,-0.13370144367218018,-0.013098091876599938,0.022566616535186768,-0.1841568946838379,-0.020292590430472046,0.023951947689056396,-0.23208215832710266,-0.03667367348680273,0.021218717098236084,-0.18142017722129822,-0.0237424029619433,0.01637345552444458,-0.15201139450073242,-0.0075731403776444495
0.0,0.0,0.0,-0.043950676918029785,-0.059739530086517334,0.00391343609624073,-0.06034374237060547,-0.15383750200271606,0.0066674850062327096,-0.052114129066467285,-0.222441166639328,0.0018409458101587006,-0.038110435009002686,-0.2722854018211365,-0.00032947158945262345,-0.020812809467315674,-0.2233782410621643,0.028155469346870632,-0.0381397008895874,-0.28567421436309814,0.0015833084584073731,-0.058029890060424805,-0.2365819811820984,-0.010371125291953831,-0.05457645654678345,-0.19895172119140625,-0.012722771603534966,0.005076289176940918,-0.21742591261863708,0.013789451692332477,-0.0172765851020813,-0.2851823568344116,-0.01538665591544941,-0.03985440731048584,-0.2089434564113617,-0.0176022881529434,-0.02612781524658203,-0.174299418926239,-0.007969737972985058,0.033068180084228516,-0.20171070098876953,-0.005990924768070727,0.007454574108123779,-0.2638731002807617,-0.03589658903695181,-0.015870273113250732,-0.18832093477249146,-0.022499206464658528,-0.0033062100410461426,-0.15514910221099854,-0.0024414711984945825,0.06070685386657715,-0.17590314149856567,-0.026322609733711033,0.032248079776763916,-0.2342061996459961,-0.04028916078425482,0.009985148906707764,-0.18496406078338623,-0.026008903037677555,0.019239068031311035,-0.15303248167037964,-0.009229780163536816
0.0,0.0,0.0,-0.0534932017326355,-0.043321311473846436,-0.008969931405033549,-0.07895541191101074,-0.1404629945755005,-0.010365691509093722,-0.0627337098121643,-0.2100655436515808,-0.01638893737271019,-0.043703317642211914,-0.2566986680030823,-0.019495607826854666,-0.05999547243118286,-0.21069446206092834,0.01325322733447365,-0.06751859188079834,-0.27416175603866577,-0.01865166752412506,-0.07328969240188599,-0.22983533143997192,-0.03543981863930412,-0.07073229551315308,-0.18075108528137207,-0.038991327870633086,-0.024136245250701904,-0.21231776475906372,0.0052193552181165614,-0.02990245819091797,-0.2796373963356018,-0.027312647093083342,-0.040686964988708496,-0.2027052640914917,-0.03155960469320007,-0.03696364164352417,-0.1580161452293396,-0.021953537601973494,0.013467133045196533,-0.2004188895225525,-0.008929367650296172,0.009152054786682129,-0.2596723735332489,-0.04124978511407562,-0.00493931770324707,-0.18086111545562744,-0.02957364125921913,-0.004278302192687988,-0.13685762882232666,-0.009602505255486449,0.049786388874053955,-0.17853635549545288,-0.02443607664480396,0.04418063163757324,-0.23219943046569824,-0.04086407600715347,0.029470384120941162,-0.18377012014389038,-0.02748374408855625,0.028917014598846436,-0.15255576372146606,-0.010461627978827437
0.0,0.0,0.0,-0.0670819878578186,-0.018795251846313477,-0.003988627698390701,-0.11392414569854736,-0.07345104217529297,-0.0030598196947266842,-0.12725234031677246,-0.13371455669403076,-0.006864807922511318,-0.13212871551513672,-0.17854911088943481,-0.007565738521634557,-0.11378288269042969,-0.137037992477417,0.02410255383688309,-0.12897849082946777,-0.1901354193687439,-0.0013023541589518572,-0.11274874210357666,-0.15045684576034546,-0.01710906054836414,-0.09875255823135376,-0.11219155788421631,-0.02137546975177429,-0.08186709880828857,-0.15584638714790344,0.01623996358352997,-0.09763944149017334,-0.2139783799648285,-0.010012145973860243,-0.07934367656707764,-0.15243667364120483,-0.017488391958295324,-0.06741476058959961,-0.11451143026351929,-0.012710185609876135,-0.04663872718811035,-0.16675996780395508,0.003125995974869511,-0.0592808723449707,-0.2222132682800293,-0.022484145946918943,-0.046716928482055664,-0.1584787368774414,-0.014756733439980962,-0.03762185573577881,-0.11948186159133911,0.0004211790462704812,-0.009060382843017578,-0.16840341687202454,-0.010818443149446466,-0.023627102375030518,-0.21766480803489685,-0.022684777043878057,-0.020199358463287354,-0.1738741099834442,-0.011280154697715261,-0.015109539031982422,-0.14312052726745605,0.0028855070656845783
0.0,0.0,0.0,-0.0467798113822937,-0.04139125347137451,0.0004861430160190139,-0.07475423812866211,-0.12767177820205688,0.0033586592134042803,-0.07313275337219238,-0.19494473934173584,-3.0537015618392616e-06,-0.07238137722015381,-0.24579736590385437,-0.0019443623069719251,-0.049824535846710205,-0.1924368441104889,0.023196769291530472,-0.05814790725708008,-0.2504580616950989,-0.0012213230412498888,-0.07076001167297363,-0.21023520827293396,-0.016294576814402717,-0.07185256481170654,-0.1649588942527771,-0.020554805761207717,-0.021053969860076904,-0.19469869136810303,0.011915392586956841,-0.028860270977020264,-0.26167261600494385,-0.01420837885700621,-0.04296529293060303,-0.19579440355300903,-0.0211209995951549,-0.039264976978302,-0.1490461230278015,-0.01538198593073048,0.010333418846130371,-0.18724432587623596,-0.003812459651385325,-0.0005035400390625,-0.24546557664871216,-0.028526340266694206,-0.013663828372955322,-0.17870819568634033,-0.020212110718716758,-0.00941842794418335,-0.136380136013031,-0.004706842014570611,0.0433955192565918,-0.170823335647583,-0.020188412284483093,0.02933746576309204,-0.22666728496551514,-0.03115423268639006,0.016973674297332764,-0.18372344970703125,-0.018416863521565574,0.020660042762756348,-0.1510915756225586,-0.0034168445318982776
0.0,0.0,0.0,-0.059568822383880615,-0.027905404567718506,-0.011507060908911626,-0.10182362794876099,-0.10794311761856079,-0.012503002369044225,-0.0998181700706482,-0.1795792579650879,-0.01666701824331085,-0.09830927848815918,-0.2263767123222351,-0.017578615405795972,-0.09605568647384644,-0.1791118085384369,0.015419925032915671,-0.10350531339645386,-0.23695391416549683,-0.012234964938102166,-0.09272480010986328,-0.2018694281578064,-0.029574504652259748,-0.08326882123947144,-0.1560494303703308,-0.034697657981155317,-0.058822691440582275,-0.19177934527397156,0.010020596376421054,-0.060795366764068604,-0.2518496811389923,-0.017476760381100576,-0.05094963312149048,-0.18456822633743286,-0.025002806046245496,-0.047851741313934326,-0.14309746026992798,-0.019983301469324033,-0.020889461040496826,-0.191334068775177,-0.0012849951807538673,-0.017048120498657227,-0.24470147490501404,-0.028663587355254094,-0.015307426452636719,-0.17880457639694214,-0.02143192716800968,-0.01740020513534546,-0.139737069606781,-0.006937810749946038,0.01642507314682007,-0.18033233284950256,-0.014226379403112333,0.016604304313659668,-0.22849330306053162,-0.02899432607853214,0.012330830097198486,-0.18365633487701416,-0.018182728969691198,0.0071967244148254395,-0.1531292200088501,-0.004232416459558408
0.0,0.0,0.0,-0.05378156900405884,-0.049795329570770264,-0.006587322240079629,-0.07591360807418823,-0.13657432794570923,-0.007824592196698177,-0.06748020648956299,-0.20453357696533203,-0.013737999738509643,-0.062059760093688965,-0.25800561904907227,-0.01648381808524846,-0.045611679553985596,-0.2109379768371582,0.01866877740496875,-0.05812180042266846,-0.2635060250759125,-0.012347489499802577,-0.06730180978775024,-0.21002715826034546,-0.02825817363088845,-0.06108832359313965,-0.16591119766235352,-0.03191076675182103,-0.01419156789779663,-0.20871379971504211,0.00933735175306083,-0.02688068151473999,-0.26932570338249207,-0.023443576784188735,-0.04071861505508423,-0.19230452179908752,-0.028548047782237518,-0.030185043811798096,-0.15319591760635376,-0.019945713595802772,0.01910579204559326,-0.1948051154613495,-0.006023694199825513,0.007339000701904297,-0.24903273582458496,-0.03968461686497449,-0.009542346000671387,-0.17260515689849854,-0.028444942922646987,-0.0021330714225769043,-0.13543540239334106,-0.008759014212841976,0.05241149663925171,-0.17010438442230225,-0.02242892505353211,0.0365108847618103,-0.2174168825149536,-0.040595498771722305,0.01978158950805664,-0.16550463438034058,-0.027943153770024765,0.024736404418945312,-0.1346607804298401,-0.01113477153455733
0.0,0.0,0.0,-0.06733739376068115,-0.03153866529464722,-0.007627924791620444,-0.11045199632644653,-0.10688519477844238,-0.00795952824790902,-0.1168014407157898,-0.1767544150352478,-0.011825180965558957,-0.12090378999710083,-0.22628268599510193,-0.012189387696878384,-0.10288512706756592,-0.16862595081329346,0.012878095378084708,-0.10948264598846436,-0.23327487707138062,-0.012513303550974797,-0.09341120719909668,-0.19727358222007751,-0.026868457327680062,-0.08602625131607056,-0.15171611309051514,-0.030503958816723298,-0.06557983160018921,-0.18411928415298462,0.005777036418123771,-0.07001733779907227,-0.25067633390426636,-0.020469736660913895,-0.05522090196609497,-0.18789273500442505,-0.028625343347982835,-0.051538944244384766,-0.14480990171432495,-0.025646180267528962,-0.026622772216796875,-0.18877577781677246,-0.005893435682253312,-0.02828061580657959,-0.25313103199005127,-0.031761287133292626,-0.021787405014038086,-0.19047361612319946,-0.025356261412696313,-0.02299332618713379,-0.14914804697036743,-0.012632155212656926,0.011479735374450684,-0.1824071705341339,-0.018631829301909875,0.00987476110458374,-0.23775595426559448,-0.03402553720314927,0.0074430108070373535,-0.1968621015548706,-0.025026349703864526,0.0028315186500549316,-0.1646009087562561,-0.013056891392068337
0.0,0.0,0.0,-0.07043886184692383,-0.009026527404785156,-0.006032147030964552,-0.12255245447158813,-0.06079530715942383,-0.003837149642095028,-0.13803935050964355,-0.12065857648849487,-0.006225913814887463,-0.13639044761657715,-0.16287511587142944,-0.0063462709595114575,-0.12050402164459229,-0.1129254698753357,0.0256457318964749,-0.1394633650779724,-0.16166266798973083,0.002584402397587837,-0.12310802936553955,-0.12770313024520874,-0.01375280418960756,-0.10978519916534424,-0.09651392698287964,-0.019682954117342888,-0.09154921770095825,-0.1385817527770996,0.018625420466378273,-0.1108211874961853,-0.19771575927734375,-0.005537166777685343,-0.09042072296142578,-0.14424008131027222,-0.015255469880685268,-0.07717084884643555,-0.10796487331390381,-0.012708248622402607,-0.058065831661224365,-0.156258225440979,0.006331249554023088,-0.07703566551208496,-0.21794462203979492,-0.01869907514719671,-0.06077843904495239,-0.1606757640838623,-0.014426603965148388,-0.04884982109069824,-0.12008810043334961,-0.0018115887005478726,-0.02107304334640503,-0.16297489404678345,-0.007053849339172302,-0.03727114200592041,-0.21221923828125,-0.02128792838720983,-0.031810879707336426,-0.17209962010383606,-0.01332389568506187,-0.02519780397415161,-0.13954216241836548,-0.0015344289649874554
0.0,0.0,0.0,-0.051845014095306396,-0.03742700815200806,-0.012873454341615798,-0.07704830169677734,-0.12480521202087402,-0.01778043466242707,-0.05564308166503906,-0.18180763721466064,-0.024998335489954115,-0.026148676872253418,-0.20999664068222046,-0.029139908352817656,-0.05120813846588135,-0.20697134733200073,-0.0011371029270321742,-0.06893551349639893,-0.2532065808773041,-0.03253653677734292,-0.07552951574325562,-0.1939290165901184,-0.047945689732159735,-0.06757581233978271,-0.1544628143310547,-0.05298971789511597,-0.014211177825927734,-0.20304828882217407,-0.008361065151120783,-0.027950167655944824,-0.25155937671661377,-0.04096802356275475,-0.04089075326919556,-0.17199623584747314,-0.04400774868759072,-0.03314208984375,-0.14065754413604736,-0.035877149874295355,0.022574007511138916,-0.18284499645233154,-0.021081038141574027,0.009578406810760498,-0.22272098064422607,-0.05189736592205918,-0.006992459297180176,-0.14740198850631714,-0.03999931397470391,-0.0011872649192810059,-0.12151426076889038,-0.022519758293356062,0.056540846824645996,-0.15439176559448242,-0.035476886058177115,0.040232062339782715,-0.1844719648361206,-0.05112289669546044,0.02272212505340576,-0.13422203063964844,-0.0388929586354152,0.02705693244934082,-0.11513632535934448,-0.024522476220454337
0.0,0.0,0.0,-0.059069156646728516,-0.031134605407714844,-0.012584781238871301,-0.09860646724700928,-0.11497330665588379,-0.0133935007844741,-0.09937924146652222,-0.18761423230171204,-0.0169254205767686,-0.09971153736114502,-0.23814615607261658,-0.016674449632006372,-0.09068173170089722,-0.18334954977035522,0.013146274758440768,-0.09793508052825928,-0.24383839964866638,-0.013925447093384946,-0.08358901739120483,-0.20467743277549744,-0.029147479647832597,-0.07527285814285278,-0.1623111367225647,-0.03297071341617652,-0.053820013999938965,-0.19510602951049805,0.008733518456978118,-0.05564624071121216,-0.25918444991111755,-0.018667090648847307,-0.045453548431396484,-0.18922185897827148,-0.025222193414407457,-0.044248759746551514,-0.15011805295944214,-0.01984639276011535,-0.015547692775726318,-0.19428977370262146,-0.0013521378506595738,-0.012762010097503662,-0.255482017993927,-0.02946548719151565,-0.010624527931213379,-0.18656152486801147,-0.021128630230265344,-0.014132022857666016,-0.14864575862884521,-0.005787549039411033,0.02155303955078125,-0.18321219086647034,-0.012991263495820249,0.02328324317932129,-0.23540785908699036,-0.02925668280764171,0.01887798309326172,-0.1912912130355835,-0.019000032881336892,0.013352632522583008,-0.16340148448944092,-0.005296944139587367
0.0,0.0,0.0,-0.06509387493133545,-0.022845327854156494,-0.003806213160629568,-0.10591566562652588,-0.09111416339874268,0.0009988346028819706,-0.10982728004455566,-0.15403074026107788,0.0013051598690196897,-0.11464077234268188,-0.19354501366615295,0.003921467800040546,-0.09828639030456543,-0.1420280933380127,0.02316765020449907,-0.11337822675704956,-0.19909968972206116,0.0023823184784248497,-0.10365456342697144,-0.1628519594669342,-0.011086181748311219,-0.09188872575759888,-0.1256580352783203,-0.014785943563680348,-0.06727385520935059,-0.1610478162765503,0.016687606450517478,-0.08135586977005005,-0.22590026259422302,-0.004935788467179236,-0.07224589586257935,-0.17133909463882446,-0.011933553043405709,-0.062242329120635986,-0.130682110786438,-0.00791159925202578,-0.033672213554382324,-0.17014694213867188,0.005445745762784782,-0.04480266571044922,-0.23357397317886353,-0.016462418261568246,-0.039434194564819336,-0.17350077629089355,-0.011184424172739682,-0.03137660026550293,-0.13026130199432373,0.001108964777898791,0.0025049448013305664,-0.17006000876426697,-0.0067964410517618035,-0.009552717208862305,-0.2233148217201233,-0.019346508208315072,-0.011527955532073975,-0.1831044852733612,-0.011747943248252568,-0.007875680923461914,-0.14890480041503906,-0.0008473080924034093
0.0,0.0,0.0,-0.0560641884803772,-0.056613266468048096,0.0027724695852384684,-0.08162921667098999,-0.14147406816482544,0.007311143725587499,-0.0686916708946228,-0.20324718952178955,0.004167819674535167,-0.050643861293792725,-0.24566179513931274,0.002538600749744546,-0.054097890853881836,-0.1965840458869934,0.030830862279458415,-0.062013983726501465,-0.26091018319129944,0.00700357397965945,-0.07013756036758423,-0.21876341104507446,-0.007938119303958047,-0.06685847043991089,-0.1750449538230896,-0.012240106892363656,-0.02550405263900757,-0.2015492022037506,0.01929389713279761,-0.03329765796661377,-0.2773052155971527,-0.007357105799542296,-0.04427117109298706,-0.21457228064537048,-0.015036076959745515,-0.03734290599822998,-0.16718065738677979,-0.009466045257227051,0.006420493125915527,-0.19796639680862427,0.0027446595946685193,-0.0013842582702636719,-0.27102595567703247,-0.021239749808387387,-0.014358937740325928,-0.20891940593719482,-0.01565582649834596,-0.009026408195495605,-0.16330277919769287,-0.0018222890333845498,0.040227532386779785,-0.18516629934310913,-0.014610608760790456,0.029792070388793945,-0.2501959502696991,-0.025677865092234242,0.015558481216430664,-0.21268701553344727,-0.01660555386968099,0.017776668071746826,-0.17579150199890137,-0.004277889337913621
0.0,0.0,0.0,-0.05984371900558472,-0.03812849521636963,-0.007499294615399776,-0.09324586391448975,-0.1291714906692505,-0.006948530002546249,-0.07724016904830933,-0.1970934271812439,-0.010760043076288639,-0.059873759746551514,-0.24016278982162476,-0.012211632243406711,-0.07724100351333618,-0.1831766963005066,0.015012604855883183,-0.08580076694488525,-0.25062239170074463,-0.01197659157128328,-0.0843656063079834,-0.210833340883255,-0.027234523817014633,-0.07707822322845459,-0.16480404138565063,-0.03096232309849256,-0.04204052686691284,-0.1938469111919403,0.007924141102421345,-0.046989500522613525,-0.26746755838394165,-0.019925196914982735,-0.04883044958114624,-0.1985272765159607,-0.025061180143666206,-0.043151795864105225,-0.15402591228485107,-0.017395966946196495,-0.005006551742553711,-0.19227227568626404,-0.0046168619571744784,-0.00792229175567627,-0.25819486379623413,-0.03043374352068895,-0.013207316398620605,-0.18902653455734253,-0.020710249691319405,-0.010051548480987549,-0.14752471446990967,-0.004083362202209173,0.032714009284973145,-0.18145573139190674,-0.018651499672841965,0.02701866626739502,-0.23909375071525574,-0.030893552376937805,0.018006563186645508,-0.19428694248199463,-0.018470908775043426,0.018452227115631104,-0.1625470519065857,-0.0036337550534426555
0.0,0.0,0.0,-0.060576558113098145,-0.02072852849960327,-0.016755693696836715,-0.10612767934799194,-0.10233896970748901,-0.019856932677726036,-0.11178737878799438,-0.17825213074684143,-0.024887100898126846,-0.10794717073440552,-0.22790324687957764,-0.0252424023229878,-0.09236830472946167,-0.17344626784324646,0.008273696422179455,-0.09571254253387451,-0.23803457617759705,-0.02115171320031095,-0.07627487182617188,-0.18928319215774536,-0.03705776027629781,-0.06722205877304077,-0.14323842525482178,-0.04135320998022962,-0.05366402864456177,-0.18521913886070251,0.004960021365036482,-0.05344259738922119,-0.2486521303653717,-0.025893210538129097,-0.03913778066635132,-0.17525672912597656,-0.03354877895901609,-0.03965890407562256,-0.13626128435134888,-0.02874027109930921,-0.015946567058563232,-0.1862652599811554,-0.004291960608611589,-0.011150479316711426,-0.24406009912490845,-0.03492503158042837,-0.005702972412109375,-0.17292538285255432,-0.02574996008763719,-0.010736227035522461,-0.13613438606262207,-0.009623393521110302,0.020909488201141357,-0.1774042844772339,-0.015411390096346622,0.02544647455215454,-0.2266315221786499,-0.03185919589589048,0.02399611473083496,-0.18065425753593445,-0.020450507395366913,0.01640993356704712,-0.15224963426589966,-0.005909128684947973
0.0,0.0,0.0,-0.050687313079833984,-0.04960840940475464,-0.0006760455835888024,-0.07686156034469604,-0.13747632503509521,0.0025473609165942435,-0.07682609558105469,-0.20631197094917297,-0.0011252741497287388,-0.07021182775497437,-0.25920742750167847,-0.0023845886281037565,-0.04766201972961426,-0.20149996876716614,0.031104374171206928,-0.060753822326660156,-0.26328611373901367,0.007264299278119779,-0.07476383447647095,-0.22032129764556885,-0.006490972864469313,-0.07361876964569092,-0.1801309585571289,-0.01022498173921349,-0.023169279098510742,-0.20295870304107666,0.020736058668205715,-0.03865981101989746,-0.26948046684265137,-0.006630836560418629,-0.05297517776489258,-0.2001698911190033,-0.013423619366278672,-0.04478353261947632,-0.15713948011398315,-0.007146301253726506,0.004587888717651367,-0.19607171416282654,0.004830821842858768,-0.013546407222747803,-0.25718992948532104,-0.022007247938802266,-0.028690338134765625,-0.18807637691497803,-0.014408486469676518,-0.021092116832733154,-0.14698773622512817,0.0014186329971721534,0.033758342266082764,-0.18073034286499023,-0.012054939328720593,0.012690544128417969,-0.2386920154094696,-0.024554312734892392,-0.0033221840858459473,-0.1956896185874939,-0.013903177849044823,0.0025122761726379395,-0.1621851921081543,2.525075973380808e-05
0.0,0.0,0.0,-0.05723714828491211,-0.047639429569244385,-0.002996535071645212,-0.08774459362030029,-0.13416928052902222,-0.001164596559021902,-0.0807374119758606,-0.20235320925712585,-0.005137288508478832,-0.07704305648803711,-0.25425171852111816,-0.007360255376909208,-0.0728600025177002,-0.19109207391738892,0.02190557119109826,-0.08179128170013428,-0.25596383213996887,-0.0049715605876485824,-0.08277136087417603,-0.2238968014717102,-0.02255914735934539,-0.077705979347229,-0.17897272109985352,-0.027840713070247602,-0.038667500019073486,-0.19947946071624756,0.012092517657663393,-0.045328736305236816,-0.2758892774581909,-0.01578496585926814,-0.05067795515060425,-0.21435615420341492,-0.024294750796173048,-0.04630744457244873,-0.16406428813934326,-0.01935198533675475,-0.0021227598190307617,-0.19592708349227905,-0.0029028214360664606,-0.007281959056854248,-0.2647886276245117,-0.029019849406097364,-0.015976250171661377,-0.1999133825302124,-0.022209174962256384,-0.013940691947937012,-0.15295696258544922,-0.007331124072436523,0.03576159477233887,-0.1824336051940918,-0.018963681565139723,0.029061317443847656,-0.24545615911483765,-0.03113063241681857,0.016994357109069824,-0.20552411675453186,-0.019824437828276587,0.015215694904327393,-0.1702951192855835,-0.005810759527150822
0.0,0.0,0.0,-0.06162494421005249,-0.028195738792419434,-0.011048314089521227,-0.10563093423843384,-0.1070294976234436,-0.010729745889648257,-0.11082249879837036,-0.17613425850868225,-0.013633526789590178,-0.10466861724853516,-0.22000569105148315,-0.012322171519144831,-0.0945175290107727,-0.17530816793441772,0.01619949757809991,-0.09946691989898682,-0.2375394105911255,-0.009273327814980803,-0.08270084857940674,-0.19479534029960632,-0.022818617450639067,-0.07630681991577148,-0.14976787567138672,-0.02564064219836837,-0.057138264179229736,-0.18748396635055542,0.011472587545767965,-0.05813276767730713,-0.2452991008758545,-0.01526514806096202,-0.043716371059417725,-0.1768999695777893,-0.02201677106563693,-0.04493117332458496,-0.13875669240951538,-0.017010306867405234,-0.01970076560974121,-0.18922504782676697,0.0011582787403767725,-0.017422199249267578,-0.24172407388687134,-0.025737890901609717,-0.011261463165283203,-0.17481273412704468,-0.017662236394926367,-0.01576310396194458,-0.1373962163925171,-0.0028484253423357586,0.01678234338760376,-0.1807844340801239,-0.01056336697433835,0.017643392086029053,-0.22912836074829102,-0.024422364237352667,0.016870617866516113,-0.18434783816337585,-0.013233766818984805,0.010962963104248047,-0.1539134979248047,0.0008446833955986222
0.0,0.0,0.0,-0.050524890422821045,-0.03358989953994751,-0.02617652546041427,-0.08230310678482056,-0.12398272752761841,-0.033793572516970016,-0.07430797815322876,-0.1986692249774933,-0.041027575911812164,-0.058244943618774414,-0.24547931551933289,-0.04215668904953418,-0.06213575601577759,-0.19688722491264343,-0.0026947115024995583,-0.0532379150390625,-0.25528037548065186,-0.03560540843182025,-0.04362964630126953,-0.19514238834381104,-0.05089433136754451,-0.0428088903427124,-0.15367954969406128,-0.05463618058138309,-0.022704243659973145,-0.19892126321792603,-0.0020508798247647064,-0.009835958480834961,-0.2548038959503174,-0.03494502249532161,-0.007581651210784912,-0.17451032996177673,-0.03944503161483226,-0.014769136905670166,-0.1488586664199829,-0.032459281565479614,0.014913558959960938,-0.18794068694114685,-0.008332660602263786,0.031244277954101562,-0.23867720365524292,-0.04175795632772861,0.025711417198181152,-0.1662864089012146,-0.030169876472882606,0.01364058256149292,-0.14220821857452393,-0.012284936563901283,0.04777425527572632,-0.16763824224472046,-0.017196785839132644,0.06275808811187744,-0.212199866771698,-0.03519151377849994,0.054648518562316895,-0.16726195812225342,-0.023189976991943695,0.041966140270233154,-0.14760065078735352,-0.008044439548484661
0.0,0.0,0.0,-0.07119786739349365,-0.022949397563934326,-0.00733026743128562,-0.11804258823394775,-0.09272432327270508,-0.005628551563319206,-0.1217660903930664,-0.15938729047775269,-0.008439517321136236,-0.1169137954711914,-0.2000618577003479,-0.007913810873475313,-0.11002415418624878,-0.1461038589477539,0.02332169588461852,-0.12423586845397949,-0.20628458261489868,-0.0028284769245203734,-0.10912466049194336,-0.16634485125541687,-0.019277313465323687,-0.10040706396102905,-0.1270366907119751,-0.024090472349968195,-0.07514113187789917,-0.1622839868068695,0.016496427616033316,-0.08704286813735962,-0.22582000494003296,-0.011304835530069113,-0.07092136144638062,-0.1656307578086853,-0.02073323700770402,-0.06557631492614746,-0.12631678581237793,-0.01690855596407914,-0.038169801235198975,-0.17158639430999756,0.004005250779840708,-0.04713940620422363,-0.23156896233558655,-0.02294634442969823,-0.03593611717224121,-0.16868874430656433,-0.016607882196154833,-0.03235292434692383,-0.12724536657333374,-0.0021650169250335694,6.4373016357421875e-06,-0.1723206639289856,-0.00984714433744216,-0.009120583534240723,-0.22259333729743958,-0.023225277403440714,-0.006217241287231445,-0.1793404221534729,-0.012947508806433916,-0.004445254802703857,-0.14702367782592773,0.0005748456720482409
0.0,0.0,0.0,-0.049033284187316895,-0.018206477165222168,-0.01994450246377255,-0.0960240364074707,-0.08518803119659424,-0.028035266747906462,-0.1101025938987732,-0.14761334657669067,-0.036618691360786215,-0.0994424819946289,-0.19407209753990173,-0.04071315047724511,-0.09237819910049438,-0.16641873121261597,-0.006871739359780804,-0.10204583406448364,-0.2244226336479187,-0.04028352764828469,-0.08335000276565552,-0.17466160655021667,-0.058457799678876654,-0.0717233419418335,-0.13106143474578857,-0.06426999015195634,-0.05218827724456787,-0.18077892065048218,-0.009758498942687766,-0.05430781841278076,-0.2459808886051178,-0.04333705124838616,-0.04162728786468506,-0.17092329263687134,-0.04943572772128846,-0.04036259651184082,-0.12954318523406982,-0.04340123054964806,-0.01119917631149292,-0.18207594752311707,-0.018120505338742987,-0.00943303108215332,-0.23990938067436218,-0.05169871491773392,-0.0047754645347595215,-0.16747814416885376,-0.041777663355901495,-0.006891429424285889,-0.12935644388198853,-0.024545908397271887,0.028133869171142578,-0.17205387353897095,-0.028154394081070677,0.0280190110206604,-0.22586959600448608,-0.046340160494878546,0.025789201259613037,-0.17843139171600342,-0.034031700765922324,0.021590113639831543,-0.14801877737045288,-0.01869386290593411
0.0,0.0,0.0,-0.07172679901123047,-0.020146548748016357,-0.005221973209359021,-0.12013500928878784,-0.0875137448310852,-0.005007597188182444,-0.1274735927581787,-0.15782785415649414,-0.010209856125243277,-0.1253911256790161,-0.2067754864692688,-0.013130631799526782,-0.109427809715271,-0.15150266885757446,0.023396420722178846,-0.12472349405288696,-0.20811259746551514,-0.002421365155555577,-0.10925525426864624,-0.16444146633148193,-0.019144423807688327,-0.09713679552078247,-0.1254591941833496,-0.024235003198214145,-0.07463014125823975,-0.1691310703754425,0.015078522694579988,-0.08390623331069946,-0.22936591506004333,-0.010863067152627082,-0.07063281536102295,-0.16519948840141296,-0.020107042546101184,-0.0632772445678711,-0.1257968544960022,-0.016751368100472064,-0.03707784414291382,-0.1793777346611023,0.0015304879856330444,-0.04594475030899048,-0.23455050587654114,-0.02434027431411323,-0.037477850914001465,-0.16901010274887085,-0.01798930069310245,-0.03192836046218872,-0.12962591648101807,-0.003978110420234771,0.0024397969245910645,-0.18060341477394104,-0.013005188236661525,-0.009222030639648438,-0.22979611158370972,-0.024810482318230243,-0.0076094865798950195,-0.18302568793296814,-0.012754852453895182,-0.003930568695068359,-0.1504436731338501,0.0018780390604433705
0.0,0.0,0.0,-0.06363213062286377,-0.018082618713378906,-0.010232385751237416,-0.1120033860206604,-0.09952843189239502,-0.010575647969176316,-0.1081581711769104,-0.17348113656044006,-0.014276208859314465,-0.09213769435882568,-0.22065109014511108,-0.014990475532044911,-0.10396164655685425,-0.16563591361045837,0.009592513981829143,-0.1193457841873169,-0.23078683018684387,-0.017510145474602723,-0.1081729531288147,-0.19242626428604126,-0.03163800532036021,-0.09425961971282959,-0.14751213788986206,-0.034567163829137826,-0.06689059734344482,-0.1824682652950287,0.004199131354312158,-0.07735127210617065,-0.2505752444267273,-0.023147142995526337,-0.06600683927536011,-0.18179553747177124,-0.027367602605750108,-0.05762356519699097,-0.13957923650741577,-0.019746470768382096,-0.027849018573760986,-0.18765586614608765,-0.006528388746460223,-0.03390538692474365,-0.24864032864570618,-0.033005101178218865,-0.028692305088043213,-0.17771419882774353,-0.022711008359124207,-0.02419179677963257,-0.13694769144058228,-0.005977460686494851,0.012940049171447754,-0.18329042196273804,-0.01876982258670523,0.00527113676071167,-0.23977455496788025,-0.03209925586395457,0.0030190348625183105,-0.19241026043891907,-0.01986528890245154,0.00360792875289917,-0.16018974781036377,-0.005135540422429585
0.0,0.0,0.0,-0.0522153377532959,-0.02926051616668701,-0.022940151784041518,-0.08293873071670532,-0.12117254734039307,-0.02786408217571079,-0.06773197650909424,-0.18404686450958252,-0.032324748504379386,-0.047322094440460205,-0.21743956208229065,-0.031036934274652594,-0.06757187843322754,-0.19448378682136536,-0.00869117343745529,-0.06932711601257324,-0.2483345866203308,-0.04002800064108669,-0.06210523843765259,-0.18336895108222961,-0.05207631217263042,-0.05655050277709961,-0.14369064569473267,-0.05421699063799679,-0.025275111198425293,-0.19805246591567993,-0.00924025142512619,-0.021995186805725098,-0.25100812315940857,-0.04336780907533466,-0.02194225788116455,-0.16480028629302979,-0.04436787443182766,-0.02399134635925293,-0.1398586630821228,-0.034356011468389624,0.015287220478057861,-0.1871751844882965,-0.01598451511881649,0.023175835609436035,-0.23431804776191711,-0.050062632578828925,0.016467928886413574,-0.15521949529647827,-0.036428394186714286,0.0109596848487854,-0.13195431232452393,-0.01700724141619503,0.0512048602104187,-0.1680605113506317,-0.02505811156652271,0.06158238649368286,-0.20964008569717407,-0.04477447869203388,0.05028027296066284,-0.16054785251617432,-0.03335743995330631,0.0414389967918396,-0.14109814167022705,-0.018583516049602622
0.0,0.0,0.0,-0.06657373905181885,-0.023337602615356445,-0.004357733058782287,-0.1106957197189331,-0.09593319892883301,-0.0005893710703048782,-0.11431515216827393,-0.1595783531665802,-0.0013744820543024616,-0.11238688230514526,-0.2025713324546814,7.663934150059504e-05,-0.1014586091041565,-0.1535799205303192,0.024399043765811257,-0.11284798383712769,-0.2081471085548401,0.0015189626784604116,-0.1037757396697998,-0.17221057415008545,-0.012777800898106761,-0.09338855743408203,-0.13143527507781982,-0.016146287548394866,-0.06703805923461914,-0.16996091604232788,0.01733789942875319,-0.07668101787567139,-0.23380133509635925,-0.007344105041624971,-0.06834656000137329,-0.17213603854179382,-0.01467320159360952,-0.05996143817901611,-0.12805390357971191,-0.009100162650497623,-0.029920339584350586,-0.17679288983345032,0.005148282979575924,-0.036207497119903564,-0.23524272441864014,-0.019657042103858657,-0.03280794620513916,-0.17043966054916382,-0.013938643264623352,-0.027932584285736084,-0.12659114599227905,8.055959835928661e-05,0.008662223815917969,-0.1743253767490387,-0.007851163151713081,-0.0013818740844726562,-0.22648024559020996,-0.021393299329133697,-0.0028238892555236816,-0.18137606978416443,-0.012007856967898078,-0.00045239925384521484,-0.1462821662425995,0.001088160562289886
0.0,0.0,0.0,-0.06117427349090576,-0.041848719120025635,-0.0001535618873731437,-0.09247845411300659,-0.12567859888076782,0.0032984445635975135,-0.0820542573928833,-0.19126135110855103,-0.00020745266442645516,-0.07133156061172485,-0.23743286728858948,-0.0028370240404456126,-0.06853634119033813,-0.1800875961780548,0.028563776176497413,-0.0798501968383789,-0.24465978145599365,0.00393700611971326,-0.09199213981628418,-0.21946781873703003,-0.011574110824540185,-0.09218668937683105,-0.1783754825592041,-0.015616890851333665,-0.03857982158660889,-0.191727876663208,0.018010555889532043,-0.050191640853881836,-0.26494300365448,-0.008723712403252648,-0.059505462646484375,-0.2019737958908081,-0.015807092998102235,-0.05188173055648804,-0.1542147397994995,-0.008936477702036427,-0.005316019058227539,-0.19343328475952148,0.0022501972337067855,-0.017475008964538574,-0.25844117999076843,-0.022750913042500542,-0.025762498378753662,-0.19088754057884216,-0.015254854101613091,-0.017847180366516113,-0.14521408081054688,0.0006433331939206255,0.03126728534698486,-0.18667596578598022,-0.014557401526644753,0.0177345871925354,-0.2456987500190735,-0.026622255209758805,0.007471442222595215,-0.20313358306884766,-0.015379926066771077,0.011941134929656982,-0.1679743528366089,-0.0008749740015900898
0.0,0.0,0.0,-0.052232980728149414,-0.052686870098114014,0.004147411453288896,-0.07681447267532349,-0.13811230659484863,0.008891460149300201,-0.07422614097595215,-0.20420518517494202,0.005679550709885461,-0.06324923038482666,-0.25301581621170044,0.00449065923572789,-0.04770916700363159,-0.19846966862678528,0.033467510378670795,-0.06332623958587646,-0.26402992010116577,0.010975804774773223,-0.0814962387084961,-0.2250460684299469,-0.0022175192006557154,-0.0817098617553711,-0.1846686601638794,-0.005910984576928513,-0.024585247039794922,-0.20066815614700317,0.021009839734745128,-0.04298996925354004,-0.2705732583999634,-0.005014858079391615,-0.060442209243774414,-0.2056056261062622,-0.01153168674676408,-0.05282086133956909,-0.16065186262130737,-0.005532707424151795,0.002984166145324707,-0.19440877437591553,0.0035514204192281795,-0.018834173679351807,-0.25646305084228516,-0.021084331312465565,-0.03659951686859131,-0.1902262270450592,-0.013994916678655045,-0.02951449155807495,-0.14769214391708374,0.0007092608266816569,0.033219337463378906,-0.18011662364006042,-0.014678547495293515,0.009697258472442627,-0.23692965507507324,-0.026191333645272152,-0.010010957717895508,-0.19573336839675903,-0.016462929883289235,-0.007315516471862793,-0.1604447364807129,-0.0036988587689279484
0.0,0.0,0.0,-0.05619192123413086,-0.04502272605895996,-0.008096052869689174,-0.087227463722229,-0.13823437690734863,-0.00763593760831327,-0.08027881383895874,-0.21081259846687317,-0.012203410803806491,-0.07478046417236328,-0.26361241936683655,-0.013834060705733009,-0.06771749258041382,-0.2012399435043335,0.017937176324892334,-0.0770149827003479,-0.26788508892059326,-0.011953030317556568,-0.08007198572158813,-0.22281059622764587,-0.028110194555949874,-0.07329541444778442,-0.1763255000114441,-0.03166761396033735,-0.03337860107421875,-0.20687568187713623,0.009819593675899796,-0.03971529006958008,-0.28410959243774414,-0.022303456045221992,-0.04746603965759277,-0.2094421684741974,-0.027906719199847885,-0.040787577629089355,-0.1640104055404663,-0.018881428591441818,0.0033794045448303223,-0.20009738206863403,-0.004460847075563379,-0.0016252994537353516,-0.2639608383178711,-0.035394494957756706,-0.01141810417175293,-0.191568523645401,-0.02562420775694818,-0.0065146684646606445,-0.15168607234954834,-0.006827691640239664,0.04033339023590088,-0.184097021818161,-0.02015843761665792,0.034607648849487305,-0.24556627869606018,-0.034173288918566413,0.022429227828979492,-0.20285025238990784,-0.021205173410010048,0.02402031421661377,-0.1726912260055542,-0.004901301186066576
0.0,0.0,0.0,-0.0578383207321167,-0.039128661155700684,-0.015098219716890071,-0.09037959575653076,-0.12699472904205322,-0.018164508955521796,-0.08574461936950684,-0.2002631425857544,-0.02390844465975306,-0.08928096294403076,-0.2544257938861847,-0.024915878640456413,-0.0792156457901001,-0.20007339119911194,0.011542614569918896,-0.08487987518310547,-0.2615751326084137,-0.02215958850268862,-0.07968997955322266,-0.2168382704257965,-0.03807116949741385,-0.07246983051300049,-0.17189472913742065,-0.040283317657156203,-0.039994001388549805,-0.20632654428482056,0.006380581317500855,-0.0416073203086853,-0.2747499942779541,-0.028351350666923736,-0.04083704948425293,-0.19371548295021057,-0.03174668827836058,-0.03720402717590332,-0.1589680314064026,-0.020748601274533485,-0.0007005929946899414,-0.1996360719203949,-0.005803279092503999,-0.0004019737243652344,-0.2577483057975769,-0.039723052622719024,-0.00513380765914917,-0.1827472746372223,-0.025271284373445724,-0.004218876361846924,-0.15257668495178223,-0.003069557694686864,0.038013458251953125,-0.18354478478431702,-0.019974571632189964,0.035037100315093994,-0.23562827706336975,-0.037062524797363494,0.027253448963165283,-0.18809127807617188,-0.021929561139984344,0.026561200618743896,-0.16407936811447144,-0.003252952571926926
0.0,0.0,0.0,-0.053775250911712646,-0.02097707986831665,-0.016385654472372835,-0.10252344608306885,-0.10432696342468262,-0.020025069378874605,-0.10651743412017822,-0.18306538462638855,-0.025268324204347437,-0.09447640180587769,-0.23186010122299194,-0.026543725766799753,-0.08990508317947388,-0.1726362705230713,0.003488232362457211,-0.08920013904571533,-0.24355632066726685,-0.026860278584621256,-0.06873124837875366,-0.20266342163085938,-0.04580066774096281,-0.05980181694030762,-0.1575736701488495,-0.05301332522239477,-0.05206286907196045,-0.18565019965171814,-7.266361089364182e-05,-0.044923484325408936,-0.25219857692718506,-0.02907083418276102,-0.027212858200073242,-0.18762558698654175,-0.037622739114425485,-0.02947378158569336,-0.14725220203399658,-0.03527098942603857,-0.015055358409881592,-0.18695950508117676,-0.009236485250852411,-0.0039005279541015625,-0.24746796488761902,-0.03724990088548452,0.005329251289367676,-0.18230578303337097,-0.02870694223847181,-0.002822577953338623,-0.14368069171905518,-0.015130368546209638,0.0192185640335083,-0.1770707368850708,-0.020401811712048357,0.029120981693267822,-0.22452270984649658,-0.03632243026103765,0.03020840883255005,-0.17952492833137512,-0.02589371103849203,0.02007734775543213,-0.15024864673614502,-0.01342847712393791
0.0,0.0,0.0,-0.05859726667404175,-0.03961479663848877,-0.02367571862126283,-0.09493029117584229,-0.12752598524093628,-0.029886330754408164,-0.09287154674530029,-0.20314741134643555,-0.03734891237402849,-0.09124565124511719,-0.2581579089164734,-0.03857648865962915,-0.0806007981300354,-0.2041412591934204,0.010703448860994058,-0.07519465684890747,-0.26033806800842285,-0.022331268803128523,-0.06365078687667847,-0.20990553498268127,-0.038056125209578795,-0.061958372592926025,-0.16361898183822632,-0.040707522348412795,-0.03960782289505005,-0.20902737975120544,0.009841770588508325,-0.03138309717178345,-0.26894351840019226,-0.023030258060344977,-0.025793135166168213,-0.18633806705474854,-0.026986859084018988,-0.0321689248085022,-0.1576889157295227,-0.017890344650396628,0.0003669261932373047,-0.200810968875885,0.0009741765242949896,0.01210784912109375,-0.2576252818107605,-0.033254643247374815,0.010592818260192871,-0.18467605113983154,-0.02029999652589254,0.0020608901977539062,-0.15677231550216675,-0.00016012811104815228,0.03773760795593262,-0.1826484203338623,-0.010543760188767237,0.04831838607788086,-0.2327544391155243,-0.02927901716614656,0.04147106409072876,-0.18645057082176208,-0.015936480180272383,0.03038167953491211,-0.16282248497009277,0.001202957777394431
0.0,0.0,0.0,-0.05258303880691528,-0.04229074716567993,-0.025441588369346846,-0.07910138368606567,-0.1453019380569458,-0.03172907745573639,-0.06220906972885132,-0.21832802891731262,-0.03846698394153236,-0.045965373516082764,-0.2650521993637085,-0.03958761831853508,-0.06232273578643799,-0.2226775884628296,0.0025155118190127723,-0.05415844917297363,-0.2746437191963196,-0.03536286344859718,-0.048288583755493164,-0.2131974697113037,-0.05561338877413391,-0.047452688217163086,-0.16672539710998535,-0.061894041952825773,-0.019034981727600098,-0.2236933708190918,0.0007935137244317048,-0.005186915397644043,-0.27928608655929565,-0.03715806966755508,-0.008600473403930664,-0.1924329698085785,-0.04411339899633049,-0.015651166439056396,-0.16185009479522705,-0.03663997864458679,0.023508131504058838,-0.208749920129776,-0.008763540071583975,0.04038745164871216,-0.2572988271713257,-0.045518816915489424,0.029724299907684326,-0.17956626415252686,-0.033642703202701796,0.017006993293762207,-0.15408450365066528,-0.014230627101994742,0.06005704402923584,-0.18343570828437805,-0.021259683651067007,0.07536429166793823,-0.22314000129699707,-0.041657493916488875,0.06222224235534668,-0.17351841926574707,-0.02880674367878555,0.04874199628829956,-0.15461784601211548,-0.012102612760998
0.0,0.0,0.0,-0.06307178735733032,-0.04437166452407837,-0.0037567877222386414,-0.09739619493484497,-0.13336938619613647,-6.693466247043034e-05,-0.0906403660774231,-0.20531967282295227,-0.0017847681662601644,-0.08316481113433838,-0.2528523802757263,-0.000645666652133059,-0.08188319206237793,-0.1982903778553009,0.02460729018667962,-0.09135925769805908,-0.26200613379478455,-0.002620646591537934,-0.08931571245193481,-0.22965970635414124,-0.01708608805319045,-0.08245980739593506,-0.18276828527450562,-0.01960832192679618,-0.04508405923843384,-0.20980724692344666,0.015315072283840436,-0.05128192901611328,-0.28596624732017517,-0.013682355500066024,-0.050079286098480225,-0.2116963267326355,-0.017625321961247664,-0.042758285999298096,-0.1687372922897339,-0.008011795907520991,-0.006096899509429932,-0.20674914121627808,0.00012011991231020147,-0.0073413848876953125,-0.27768778800964355,-0.02943539372762416,-0.013367652893066406,-0.20647704601287842,-0.01799728474696849,-0.010145604610443115,-0.16661715507507324,0.0012892353336724227,0.03451508283615112,-0.19158974289894104,-0.016150034359895926,0.030499756336212158,-0.25293034315109253,-0.03177051930805419,0.020028889179229736,-0.20979636907577515,-0.018993675104582053,0.01966482400894165,-0.17998340725898743,-0.002830245626398664
0.0,0.0,0.0,-0.06147265434265137,-0.03838461637496948,0.0065762331075234215,-0.10123276710510254,-0.11728966236114502,0.012473842158840398,-0.10411942005157471,-0.18126413226127625,0.009550021059737901,-0.09377819299697876,-0.22540533542633057,0.007888536930011014,-0.07656872272491455,-0.18354126811027527,0.03312050554148982,-0.09637969732284546,-0.24800986051559448,0.011885256536231736,-0.10906970500946045,-0.20552483201026917,-0.0016702089627074201,-0.10444259643554688,-0.16056323051452637,-0.005676090687586566,-0.05164057016372681,-0.1921398937702179,0.019726770028398732,-0.07288151979446411,-0.2648719549179077,-0.004446230333371659,-0.08229249715805054,-0.20158353447914124,-0.01180357483036687,-0.07026642560958862,-0.1526210904121399,-0.006832716956807872,-0.02213078737258911,-0.193050354719162,0.0020002269017709295,-0.0461692214012146,-0.26171422004699707,-0.01808559705324342,-0.05401057004928589,-0.1976240873336792,-0.012023549497200747,-0.04147464036941528,-0.1516340970993042,0.0005959080596653621,0.01154935359954834,-0.1868724226951599,-0.016467662498428126,-0.014798164367675781,-0.24782013893127441,-0.02431748059399297,-0.027094900608062744,-0.20988458395004272,-0.014613747567011615,-0.018424272537231445,-0.17441916465759277,-0.0028847111091749866
0.0,0.0,0.0,-0.05950045585632324,-0.024082958698272705,-0.016434204049403434,-0.10468381643295288,-0.11530977487564087,-0.01993675924092031,-0.10071128606796265,-0.19268304109573364,-0.026040194772178893,-0.08582305908203125,-0.2438291311264038,-0.02744148879497743,-0.09415185451507568,-0.19092288613319397,0.0058146554678728535,-0.11137646436691284,-0.25343742966651917,-0.02796561665087438,-0.10022914409637451,-0.19720852375030518,-0.04351902960985399,-0.08557236194610596,-0.15297222137451172,-0.04622644766419626,-0.05639767646789551,-0.20431718230247498,0.0014587865611588313,-0.06869536638259888,-0.27090394496917725,-0.03323416247218347,-0.060935139656066895,-0.1863533854484558,-0.03615467458217836,-0.05154138803482056,-0.1523483395576477,-0.02515196821838117,-0.015812397003173828,-0.20451852679252625,-0.009692069359118705,-0.0241052508354187,-0.2588571310043335,-0.04338033705204225,-0.02258819341659546,-0.178331196308136,-0.030081710062916045,-0.016267895698547363,-0.14826363325119019,-0.008897596254939799,0.0245668888092041,-0.1957322061061859,-0.022881215654308562,0.014339148998260498,-0.24511247873306274,-0.03850653230398393,0.008777379989624023,-0.1935552954673767,-0.023993354506785636,0.012493133544921875,-0.1697314977645874,-0.006344331644470458
0.0,0.0,0.0,-0.06768989562988281,-0.03609728813171387,-0.0014096757898869328,-0.10945290327072144,-0.12023019790649414,0.0020427111500112005,-0.10744041204452515,-0.19227635860443115,-0.0011981759256514124,-0.10631656646728516,-0.24327170848846436,-0.002728285597527247,-0.09469717741012573,-0.18316110968589783,0.028619840178748746,-0.11098921298980713,-0.24661141633987427,0.0030687860177067705,-0.10621857643127441,-0.20996814966201782,-0.014879773002007823,-0.09437751770019531,-0.16380470991134644,-0.02038241234038196,-0.0614963173866272,-0.1977267861366272,0.018725165534874577,-0.07613301277160645,-0.2676459550857544,-0.006708411596605401,-0.0743057131767273,-0.2070307433605194,-0.01685632821534,-0.06419169902801514,-0.16023141145706177,-0.013387569788733344,-0.024707138538360596,-0.20269790291786194,0.003467917578404922,-0.036210060119628906,-0.2678186893463135,-0.019505585174897533,-0.037179529666900635,-0.20401868224143982,-0.01422443949047647,-0.028676152229309082,-0.15957772731781006,-0.0011382337928580455,0.014794528484344482,-0.1994602084159851,-0.012984729003051143,0.0007790923118591309,-0.25682342052459717,-0.022535663660505634,-0.004705488681793213,-0.21678400039672852,-0.011720819961169582,0.0005838274955749512,-0.18545162677764893,0.001621096996700544
0.0,0.0,0.0,-0.054007887840270996,-0.03246039152145386,-0.0159095771142006,-0.08728164434432983,-0.1272261142730713,-0.019286029366469393,-0.0764802098274231,-0.1975332796573639,-0.024833871377325067,-0.06138575077056885,-0.24155119061470032,-0.0262082948812008,-0.07380712032318115,-0.1986140012741089,0.0024224306925475503,-0.08092117309570312,-0.2612227499485016,-0.028459053812241564,-0.0747079849243164,-0.20858165621757507,-0.04303616690418721,-0.06814193725585938,-0.15939277410507202,-0.0456880818583727,-0.03462684154510498,-0.20639777183532715,-0.001664762012353549,-0.03580904006958008,-0.2723170816898346,-0.0320476818361044,-0.0341605544090271,-0.19124600291252136,-0.034060478536105165,-0.031963229179382324,-0.15487098693847656,-0.024054417712306986,0.0061119794845581055,-0.1990094780921936,-0.011888411221718798,0.009859740734100342,-0.2575491666793823,-0.041204814193463335,0.005643904209136963,-0.1854681372642517,-0.0286813120820284,0.004670858383178711,-0.1549702286720276,-0.010151481581544886,0.04441314935684204,-0.18127191066741943,-0.024124095542049417,0.048640668392181396,-0.23260092735290527,-0.03904659706137181,0.039906859397888184,-0.18914732336997986,-0.02612703884921075,0.036358773708343506,-0.16639989614486694,-0.010616726567661772
0.0,0.0,0.0,-0.04595679044723511,-0.03038579225540161,-0.040945339191551966,-0.07414418458938599,-0.10516273975372314,-0.0583201750999649,-0.06572526693344116,-0.16239863634109497,-0.07048291637360649,-0.04052436351776123,-0.1947879195213318,-0.07583667262255744,-0.048547983169555664,-0.19790014624595642,-0.03161134122669296,-0.021254420280456543,-0.23614823818206787,-0.0671675942724903,-0.0170973539352417,-0.1730135679244995,-0.0815263755506237,-0.023770689964294434,-0.13479918241500854,-0.08524751587569313,-0.00419849157333374,-0.19594427943229675,-0.02520424238204555,0.026086628437042236,-0.24422726035118103,-0.06636353506505088,0.02277904748916626,-0.15959572792053223,-0.07362460269391136,0.007088959217071533,-0.1301242709159851,-0.06778872682511405,0.03440660238265991,-0.18278267979621887,-0.02482691331564979,0.06432151794433594,-0.221690833568573,-0.06521119846760826,0.055848658084869385,-0.14866948127746582,-0.05632642953455047,0.037638068199157715,-0.12681043148040771,-0.03946801571905212,0.06457763910293579,-0.1603568196296692,-0.02730469888805942,0.09112852811813354,-0.1952359676361084,-0.04935472010433273,0.08302968740463257,-0.14821183681488037,-0.038960996258850855,0.06513035297393799,-0.13114172220230103,-0.02506349905192451
0.0,0.0,0.0,-0.06099897623062134,-0.03022778034210205,-0.019081134881332673,-0.10046321153640747,-0.12112593650817871,-0.020915266658619203,-0.09963792562484741,-0.2000349760055542,-0.0239818026977332,-0.09769248962402344,-0.2539993226528168,-0.021481188546374597,-0.09570562839508057,-0.19779294729232788,0.009693511229500018,-0.09857285022735596,-0.26407456398010254,-0.022463908951237954,-0.08445405960083008,-0.21503758430480957,-0.03718048201079682,-0.0786479115486145,-0.16824868321418762,-0.03903160483713464,-0.05377769470214844,-0.20843741297721863,0.007325673874959193,-0.05192530155181885,-0.27894866466522217,-0.02541131020660714,-0.04185473918914795,-0.19569358229637146,-0.027982604290798463,-0.04477721452713013,-0.15952295064926147,-0.01729460300083474,-0.011824965476989746,-0.20512425899505615,-0.002328775889679946,-0.0058443546295166016,-0.2660578191280365,-0.03596867115373925,-0.004419684410095215,-0.1901916265487671,-0.02260691353257016,-0.010607242584228516,-0.1577291488647461,-0.0020425662598313465,0.028056979179382324,-0.1917557716369629,-0.014128278541818418,0.0290224552154541,-0.24346566200256348,-0.03264874831910447,0.025008738040924072,-0.193406343460083,-0.019096648852780618,0.018364250659942627,-0.16685053706169128,-0.0019760751831086054
0.0,0.0,0.0,-0.06915885210037231,-0.025491058826446533,-0.000992347909630098,-0.11365741491317749,-0.09702491760253906,0.004217353458955131,-0.11872941255569458,-0.1626330316066742,0.0032520469235919336,-0.12020248174667358,-0.2079610526561737,0.004069928820683799,-0.09856599569320679,-0.1550680696964264,0.03211235515351518,-0.11235523223876953,-0.20896100997924805,0.009724973510458312,-0.1040581464767456,-0.17046812176704407,-0.005860665537909426,-0.09279423952102661,-0.12921500205993652,-0.0102956799832441,-0.06623709201812744,-0.17303413152694702,0.023352124537780128,-0.08064144849777222,-0.236631840467453,-8.649670911609064e-05,-0.07316946983337402,-0.17427048087120056,-0.009054772746310391,-0.06283038854598999,-0.13113099336624146,-0.005007177316144862,-0.030048072338104248,-0.1820669174194336,0.009413671489312492,-0.042949676513671875,-0.2448318898677826,-0.014295061309383073,-0.039147377014160156,-0.17800545692443848,-0.008937433552489438,-0.030603349208831787,-0.13352352380752563,0.004694745685412727,0.009165942668914795,-0.18165460228919983,-0.005221518878386178,-0.003935039043426514,-0.23561632633209229,-0.016869285334394135,-0.0073722004890441895,-0.19166526198387146,-0.006781545658157029,-0.0028499960899353027,-0.15831413865089417,0.006576383295907817
0.0,0.0,0.0,-0.05762976408004761,-0.039067745208740234,-0.01634635428524689,-0.09139204025268555,-0.13714343309402466,-0.017271414646870653,-0.08125853538513184,-0.2106417715549469,-0.02006668622232155,-0.06368696689605713,-0.25509321689605713,-0.01760932082868294,-0.07905757427215576,-0.2070082128047943,0.005922971045606573,-0.08332353830337524,-0.2766071557998657,-0.024987709024912874,-0.0776214599609375,-0.22500962018966675,-0.03747139895892815,-0.0723104476928711,-0.174832284450531,-0.03824613268113808,-0.036909639835357666,-0.21508845686912537,0.0030172660332254964,-0.03739762306213379,-0.2887994945049286,-0.028218334788448374,-0.035858094692230225,-0.2039673924446106,-0.027789773667223017,-0.03434288501739502,-0.16789543628692627,-0.015195252621538202,0.0051874518394470215,-0.20768192410469055,-0.006624338930464546,0.008347690105438232,-0.272735595703125,-0.03693665961361603,0.0024406909942626953,-0.19753330945968628,-0.021948041642076532,0.0008004307746887207,-0.16629767417907715,-0.0010665058074437184,0.045316100120544434,-0.19024109840393066,-0.018454784775144617,0.04713863134384155,-0.24446672201156616,-0.035060104230410616,0.037437617778778076,-0.2006537914276123,-0.022481391454107325,0.0337558388710022,-0.17826980352401733,-0.006692997427649061
0.0,0.0,0.0,-0.055293262004852295,-0.021013736724853516,-0.02589317874014796,-0.09230148792266846,-0.09630376100540161,-0.036495625013117206,-0.07658153772354126,-0.15344512462615967,-0.046651876503233325,-0.046623170375823975,-0.18345016241073608,-0.051411381894354236,-0.08101809024810791,-0.19540661573410034,-0.008170478017632377,-0.0984574556350708,-0.22439444065093994,-0.04435369276404799,-0.08987647294998169,-0.1574951410293579,-0.06196262591481627,-0.0774540901184082,-0.12336975336074829,-0.06789456956983031,-0.03828001022338867,-0.20160430669784546,-0.009953998000924003,-0.04932492971420288,-0.23290899395942688,-0.04668901764750899,-0.04714936017990112,-0.146834135055542,-0.04965104811788024,-0.04108273983001709,-0.12419432401657104,-0.04079561212063254,0.0035776495933532715,-0.1919473111629486,-0.019026464754347217,-0.0026079416275024414,-0.21165940165519714,-0.05640436612964095,-0.008015811443328857,-0.12904435396194458,-0.04386754610538901,-0.006641983985900879,-0.10944724082946777,-0.024132139021162402,0.04416930675506592,-0.17333340644836426,-0.030755893298987758,0.037486732006073,-0.19571447372436523,-0.04984637998938979,0.02693074941635132,-0.1375412940979004,-0.0364048136115116,0.024589478969573975,-0.11952680349349976,-0.019881150656942737
0.0,0.0,0.0,-0.06482672691345215,-0.03043919801712036,-0.00804760278589356,-0.10765039920806885,-0.11770045757293701,-0.006991907203712344,-0.11091965436935425,-0.19384843111038208,-0.010954544594653726,-0.11291652917861938,-0.248401939868927,-0.011976323736973882,-0.09333997964859009,-0.18523454666137695,0.019591472396484733,-0.10898011922836304,-0.2543752193450928,-0.009351605264612317,-0.10572421550750732,-0.2114914059638977,-0.02576827508784163,-0.0939253568649292,-0.16626626253128052,-0.029820217466124177,-0.05887669324874878,-0.19910630583763123,0.011559098312488914,-0.07413643598556519,-0.2800341844558716,-0.019153437292345643,-0.07345390319824219,-0.20714101195335388,-0.025935264950760484,-0.061903953552246094,-0.16160714626312256,-0.01830285293436873,-0.02153778076171875,-0.20144161581993103,-0.002579521568634391,-0.03406035900115967,-0.2710452675819397,-0.03220651177144873,-0.036441683769226074,-0.19861581921577454,-0.02372958389497626,-0.027570068836212158,-0.15758955478668213,-0.006370668014653802,0.01749521493911743,-0.1945560872554779,-0.01820747246421206,0.005154550075531006,-0.25422635674476624,-0.03184381750799048,-0.002069711685180664,-0.21086004376411438,-0.02018941817260611,0.0029737353324890137,-0.1822146773338318,-0.005289869563796401
0.0,0.0,0.0,-0.07123857736587524,-0.023529648780822754,0.002917439804264177,-0.11535811424255371,-0.08275574445724487,0.008041543082185854,-0.12557297945022583,-0.14388811588287354,0.005638037935682405,-0.12647169828414917,-0.1887030303478241,0.004518078301884998,-0.09722977876663208,-0.14030808210372925,0.03506312718320714,-0.1169971227645874,-0.19662243127822876,0.014802568719574083,-0.11377888917922974,-0.1630399227142334,-0.0005348631419792582,-0.10122936964035034,-0.12494230270385742,-0.0054086422204591145,-0.06976091861724854,-0.1608119010925293,0.02474698623348104,-0.09198731184005737,-0.23304563760757446,0.0020489535637580047,-0.08877164125442505,-0.17893743515014648,-0.008697325236312281,-0.0737922191619873,-0.13430047035217285,-0.006185034628174435,-0.038434505462646484,-0.1744842529296875,0.009977200195976366,-0.06073760986328125,-0.2437313199043274,-0.0111696886486925,-0.0586400032043457,-0.18531358242034912,-0.008990574500671755,-0.0429958701133728,-0.14079266786575317,0.0022718723740808855,-0.0023818612098693848,-0.18010172247886658,-0.005358818791023623,-0.023878395557403564,-0.23631349205970764,-0.014610076195708643,-0.029496610164642334,-0.2029869556427002,-0.007199037226996552,-0.020783662796020508,-0.1711452603340149,0.0036913434852294813
0.0,0.0,0.0,-0.06412637233734131,-0.023369669914245605,-0.003424220486408558,-0.1107250452041626,-0.09691816568374634,-0.003112925450182047,-0.11812365055084229,-0.1659289002418518,-0.008479232434979167,-0.11518919467926025,-0.21901774406433105,-0.01186462817793199,-0.09553581476211548,-0.16761261224746704,0.019303280393728528,-0.11430662870407104,-0.2269790768623352,-0.006824799814125981,-0.10920470952987671,-0.18452993035316467,-0.023455305491438594,-0.09584975242614746,-0.13952863216400146,-0.02864502417003223,-0.06415343284606934,-0.18317043781280518,0.009671338367411408,-0.08198010921478271,-0.2551150918006897,-0.016612554435482707,-0.07917743921279907,-0.19175994396209717,-0.024588114117136683,-0.0666424036026001,-0.14568793773651123,-0.01989618921732017,-0.028447508811950684,-0.18962419033050537,-0.004735867027989116,-0.04514908790588379,-0.25430363416671753,-0.029719137121787753,-0.044411420822143555,-0.18897339701652527,-0.023126969580403056,-0.03325033187866211,-0.14684921503067017,-0.008955331985703197,0.010861396789550781,-0.18650132417678833,-0.02010530838822433,-0.006175100803375244,-0.24252495169639587,-0.032211356331458774,-0.011812925338745117,-0.20052742958068848,-0.02179612638508388,-0.005338311195373535,-0.16820037364959717,-0.00856771459882566
0.0,0.0,0.0,-0.052890241146087646,-0.041827261447906494,0.0017489763811795456,-0.08574533462524414,-0.12490904331207275,0.004440507935044025,-0.09325003623962402,-0.19065698981285095,-0.0008286105914407926,-0.09042632579803467,-0.24247297644615173,-0.0032446232254983443,-0.05407792329788208,-0.19687342643737793,0.029674583663847898,-0.07044029235839844,-0.26712650060653687,0.005070060575064872,-0.08395189046859741,-0.22212284803390503,-0.007708236025962378,-0.0791243314743042,-0.17970025539398193,-0.01035300494203284,-0.03094017505645752,-0.19934874773025513,0.01754435113599584,-0.0512966513633728,-0.27256685495376587,-0.010670066261980082,-0.06413304805755615,-0.20328876376152039,-0.015850641215536143,-0.05245417356491089,-0.16218584775924683,-0.008056694092545058,-0.0033416152000427246,-0.1963585615158081,7.03510848438782e-05,-0.026782631874084473,-0.2639476954936981,-0.024661153937074687,-0.039257586002349854,-0.1971123218536377,-0.015372644560727622,-0.028330683708190918,-0.15742290019989014,0.0011304811012564642,0.02695220708847046,-0.1863493025302887,-0.01857390292951777,0.002863585948944092,-0.2468496859073639,-0.02829586193928435,-0.012419819831848145,-0.20792073011398315,-0.017277848357650782,-0.00507354736328125,-0.17562520503997803,-0.003565922295990731
0.0,0.0,0.0,-0.06074380874633789,-0.033029139041900635,-0.018821931440072603,-0.09780389070510864,-0.13061708211898804,-0.023178457278447695,-0.08159059286117554,-0.2047833800315857,-0.029595714989739008,-0.05264085531234741,-0.24785524606704712,-0.031025377098160334,-0.08541876077651978,-0.20575079321861267,0.003748976862368636,-0.09302747249603271,-0.2699097692966461,-0.03176676574690873,-0.08679717779159546,-0.2116161584854126,-0.04877891111715371,-0.07842820882797241,-0.16122853755950928,-0.05236068088157708,-0.04351150989532471,-0.21390360593795776,0.00023006834493344286,-0.04638063907623291,-0.2794467806816101,-0.03507033828242356,-0.0444832444190979,-0.19425567984580994,-0.038214077237682886,-0.04042929410934448,-0.15854418277740479,-0.027797822836475916,-0.000576019287109375,-0.20736294984817505,-0.010451089586752005,-7.450580596923828e-06,-0.2660163938999176,-0.043533702376919337,-0.004600048065185547,-0.18644702434539795,-0.029248625967341013,-0.004552662372589111,-0.15414267778396606,-0.008121704678671904,0.03966182470321655,-0.19057154655456543,-0.02356078754706914,0.03799515962600708,-0.2449062466621399,-0.03877508733017976,0.028617918491363525,-0.19335892796516418,-0.023311835709648676,0.02710545063018799,-0.16627538204193115,-0.005334572862523146
0.0,0.0,0.0,-0.0520632266998291,-0.03021639585494995,-0.026764387412129054,-0.08954101800918579,-0.11073333024978638,-0.03754008017307342,-0.0814473032951355,-0.18209204077720642,-0.0472732914221865,-0.06126868724822998,-0.22476035356521606,-0.05194506250148834,-0.07418841123580933,-0.19142812490463257,-0.011007666735110888,-0.05879616737365723,-0.24853208661079407,-0.04477637462144912,-0.04571801424026489,-0.19159650802612305,-0.06291896305805267,-0.04468107223510742,-0.14771831035614014,-0.06949263267046035,-0.03290367126464844,-0.19907337427139282,-0.01121649998998464,-0.015252768993377686,-0.25826001167297363,-0.04630223117595733,-0.006749868392944336,-0.18045365810394287,-0.054659800751267085,-0.014305651187896729,-0.14432358741760254,-0.0506295097601992,0.005985260009765625,-0.1946258842945099,-0.017251031620560298,0.026735961437225342,-0.24394041299819946,-0.052187925351915965,0.02709639072418213,-0.1704922318458557,-0.043864281995354304,0.012990236282348633,-0.13877826929092407,-0.028385795800147662,0.03953373432159424,-0.17872747778892517,-0.025532543806491503,0.05768698453903198,-0.2219148874282837,-0.04480941422110618,0.053203463554382324,-0.17083603143692017,-0.03335432164197982,0.03763240575790405,-0.14426523447036743,-0.018847538305578837
0.0,0.0,0.0,-0.06027519702911377,-0.04220324754714966,-0.007695319193487649,-0.0958404541015625,-0.13715088367462158,-0.008851931027209048,-0.08478081226348877,-0.20708295702934265,-0.015364228344594721,-0.06755393743515015,-0.25515130162239075,-0.019235667369400744,-0.07496243715286255,-0.20466679334640503,0.01593624561365914,-0.09002518653869629,-0.2711389660835266,-0.013458052246903662,-0.09388095140457153,-0.2229352593421936,-0.03011833929184604,-0.08567816019058228,-0.1739814281463623,-0.03435629659060169,-0.04063671827316284,-0.21052268147468567,0.007635041543210264,-0.050171077251434326,-0.282478004693985,-0.023442665643131022,-0.056375861167907715,-0.20598065853118896,-0.029577347046767954,-0.04818540811538696,-0.158633291721344,-0.021390179700290446,-0.0036296844482421875,-0.20442968606948853,-0.006445351119225506,-0.011360883712768555,-0.2663436532020569,-0.034437709084784274,-0.019317686557769775,-0.19364771246910095,-0.02506925963524509,-0.012949943542480469,-0.15170574188232422,-0.00760973856512237,0.03368258476257324,-0.1892055869102478,-0.02209810592893291,0.024317562580108643,-0.2497105896472931,-0.03368727915648151,0.01263648271560669,-0.2041536569595337,-0.020362970016037707,0.015346527099609375,-0.1712397038936615,-0.004364907804017548
0.0,0.0,0.0,-0.06382483243942261,-0.04195678234100342,0.004656581058497977,-0.1002647876739502,-0.12229657173156738,0.00930164506598885,-0.10019272565841675,-0.18930643796920776,0.005515142194326472,-0.08735519647598267,-0.23516014218330383,0.0031376130314129114,-0.07223141193389893,-0.18729901313781738,0.0325818372325557,-0.08737927675247192,-0.2532861828804016,0.010180353503074002,-0.09823864698410034,-0.20836937427520752,-0.004308486506943154,-0.0925411581993103,-0.15994954109191895,-0.008604935985658813,-0.045961976051330566,-0.19531342387199402,0.019933407510961842,-0.06277894973754883,-0.27073997259140015,-0.00515342146218245,-0.07491874694824219,-0.20876529812812805,-0.013599233385775733,-0.06480753421783447,-0.1576695442199707,-0.008997875881050277,-0.015690147876739502,-0.19562235474586487,0.0026917877507912635,-0.033249497413635254,-0.2662014365196228,-0.019389592726383853,-0.045757293701171875,-0.20443180203437805,-0.015079520326708007,-0.03662675619125366,-0.15668469667434692,-0.002859152071778226,0.01818746328353882,-0.18778255581855774,-0.015248235930357623,-0.0020633935928344727,-0.248257577419281,-0.02476532260016029,-0.015835165977478027,-0.2101168930530548,-0.015953023601923633,-0.009715437889099121,-0.17238551378250122,-0.004232664742175984
0.0,0.0,0.0,-0.05796170234680176,-0.033104658126831055,-0.014556538273552633,-0.09861916303634644,-0.12035918235778809,-0.01888338099882958,-0.10048776865005493,-0.19400838017463684,-0.026746993844369626,-0.10236269235610962,-0.24683845043182373,-0.030524542515138364,-0.09134280681610107,-0.19432637095451355,0.009376897516688132,-0.10506629943847656,-0.2573428452014923,-0.025158947293618894,-0.09300494194030762,-0.20571276545524597,-0.04479229632482884,-0.08033978939056396,-0.15781593322753906,-0.05013009343014119,-0.05394989252090454,-0.20416057109832764,0.003347893285592818,-0.06254690885543823,-0.27248215675354004,-0.03026912171111462,-0.05494183301925659,-0.1937505006790161,-0.03725462589130757,-0.04900503158569336,-0.15362274646759033,-0.030348068063119626,-0.013792932033538818,-0.2021399736404419,-0.009290540550807691,-0.017130017280578613,-0.2634652256965637,-0.04204113591180203,-0.015522003173828125,-0.18780747056007385,-0.03175058770642636,-0.013134479522705078,-0.14916664361953735,-0.013412892778376317,0.02597290277481079,-0.19051051139831543,-0.023825038184384084,0.021807730197906494,-0.2480742335319519,-0.03944684747324345,0.01658385992050171,-0.19938316941261292,-0.02581278230712769,0.01572626829147339,-0.16879284381866455,-0.009156878997544027
0.0,0.0,0.0,-0.05143243074417114,-0.024375081062316895,-0.025516930703787466,-0.08397501707077026,-0.10888534784317017,-0.03481852981892075,-0.07465672492980957,-0.17239299416542053,-0.04237769517746415,-0.053712308406829834,-0.2057887613773346,-0.04497816759791817,-0.06265884637832642,-0.190515398979187,-0.016949614246158262,-0.051156699657440186,-0.23405665159225464,-0.04908826548305001,-0.04404854774475098,-0.1679495871067047,-0.06324944618788209,-0.042844414710998535,-0.1254402995109558,-0.0671641376956984,-0.018916785717010498,-0.19103416800498962,-0.017217840735582968,-0.004490554332733154,-0.23983395099639893,-0.053050245825915,-0.004047989845275879,-0.15452063083648682,-0.05670746762004342,-0.010248839855194092,-0.11852091550827026,-0.048566180948881765,0.02238142490386963,-0.17938348650932312,-0.022790625427631994,0.03708648681640625,-0.2213764488697052,-0.05780633885112252,0.030730605125427246,-0.1436024308204651,-0.045391164456276556,0.019662082195281982,-0.11279988288879395,-0.026922339309720655,0.05768555402755737,-0.15867233276367188,-0.03043572392013516,0.0722913146018982,-0.19361618161201477,-0.05051536459174599,0.061696410179138184,-0.14189153909683228,-0.03837455037680115,0.04857206344604492,-0.12013614177703857,-0.023160515089301725
0.0,0.0,0.0,-0.06622517108917236,-0.027331829071044922,-0.006391535849445518,-0.11291742324829102,-0.10328507423400879,-0.007549058982306178,-0.12093466520309448,-0.17260321974754333,-0.013831818347000535,-0.11527150869369507,-0.2256333827972412,-0.017327782568656858,-0.09921050071716309,-0.1727275848388672,0.017277182209170405,-0.11350178718566895,-0.23377177119255066,-0.012936730739795621,-0.10524308681488037,-0.18404275178909302,-0.030670213383757527,-0.09262186288833618,-0.1392378807067871,-0.035627943334304746,-0.06507140398025513,-0.18496131896972656,0.008622554260171,-0.07975679636001587,-0.25955072045326233,-0.02219177303942388,-0.07393902540206909,-0.1894514560699463,-0.03032756304475015,-0.06315255165100098,-0.14535236358642578,-0.02438981352480596,-0.027717649936676025,-0.18896576762199402,-0.005351484623872693,-0.042431533336639404,-0.2522932291030884,-0.03501741295787042,-0.04027700424194336,-0.18109115958213806,-0.027437250000559743,-0.03189384937286377,-0.1390668749809265,-0.010916750748776849,0.011977434158325195,-0.18411269783973694,-0.02030982902380174,-0.0063460469245910645,-0.23653307557106018,-0.03458602061601823,-0.009043276309967041,-0.190588116645813,-0.023169196081482824,-0.0024470090866088867,-0.15858596563339233,-0.008221485522710736
0.0,0.0,0.0,-0.0559002161026001,-0.04422879219055176,0.003479536018943463,-0.08632397651672363,-0.11400091648101807,0.007640184696441565,-0.09238076210021973,-0.17020109295845032,0.004591422017341529,-0.09518885612487793,-0.2177044153213501,0.0024781533066686734,-0.06582677364349365,-0.16728860139846802,0.03276035036114422,-0.07679146528244019,-0.21582373976707458,0.011746224343454514,-0.08122831583023071,-0.1848887801170349,-0.002983693870106663,-0.07483041286468506,-0.14992323517799377,-0.007863348022425498,-0.040985167026519775,-0.1764965057373047,0.020896241396343385,-0.05558699369430542,-0.24262475967407227,-0.0036479820481929437,-0.061850130558013916,-0.18474656343460083,-0.012736450553262557,-0.051787734031677246,-0.1430491805076599,-0.008526834331775035,-0.011166870594024658,-0.17687886953353882,0.00461571277273265,-0.025463879108428955,-0.23519986867904663,-0.019132891342366065,-0.031952083110809326,-0.17771190404891968,-0.015386985287392463,-0.022129535675048828,-0.14104300737380981,-0.00267608500863048,0.020977675914764404,-0.1677282750606537,-0.012015158914351787,0.006999194622039795,-0.21985086798667908,-0.023072372794473495,-0.002984344959259033,-0.1853746473789215,-0.01444300603898796,0.0022836923599243164,-0.15725651383399963,-0.002379499048316802
0.0,0.0,0.0,-0.042355239391326904,-0.051188111305236816,-0.01153912235304233,-0.04890245199203491,-0.14452922344207764,-0.013769116515959468,-0.018856585025787354,-0.19688811898231506,-0.018389893959010806,0.011413395404815674,-0.22337672114372253,-0.018791370357121195,-0.018617212772369385,-0.2090059518814087,0.0068327665489960054,-0.025187790393829346,-0.2564311623573303,-0.02069454107686397,-0.04425424337387085,-0.20914232730865479,-0.032785978431547846,-0.04519927501678467,-0.17275559902191162,-0.035979207868422236,0.015047609806060791,-0.19815123081207275,0.0003685922115437279,0.009895622730255127,-0.24553662538528442,-0.026760665963138308,-0.01816493272781372,-0.1788175106048584,-0.02672227125867721,-0.012965381145477295,-0.15467143058776855,-0.017605019996608462,0.04537975788116455,-0.17232948541641235,-0.012186013425434794,0.04028397798538208,-0.2114555835723877,-0.03869097706183311,0.010659635066986084,-0.14991703629493713,-0.02545167345806476,0.01529538631439209,-0.13052964210510254,-0.008541021759356227,0.07145416736602783,-0.13924646377563477,-0.026742235089386668,0.0613938570022583,-0.1690046787261963,-0.03986442115410682,0.03762376308441162,-0.13095736503601074,-0.02810089502736446,0.04142284393310547,-0.11535346508026123,-0.014890682215536799
0.0,0.0,0.0,-0.05460965633392334,-0.005968570709228516,-0.021292503254898065,-0.102153480052948,-0.05427509546279907,-0.031443567278273576,-0.10940855741500854,-0.11948102712631226,-0.04139129936922359,-0.09726840257644653,-0.16641828417778015,-0.046727401467450136,-0.10439550876617432,-0.1279582381248474,-0.007582555322386497,-0.10823595523834229,-0.18357667326927185,-0.03681273877847957,-0.08360731601715088,-0.1472392976284027,-0.05241317793954181,-0.071766197681427,-0.10859975218772888,-0.057487246843464845,-0.07251238822937012,-0.14890480041503906,-0.008399294021018022,-0.07002037763595581,-0.2022981345653534,-0.038053480239995,-0.04670006036758423,-0.1469874083995819,-0.0465913762174921,-0.04790717363357544,-0.11176791787147522,-0.044418023230917925,-0.040962934494018555,-0.16001206636428833,-0.014182442130930895,-0.03319895267486572,-0.20421075820922852,-0.043118630798943514,-0.018422365188598633,-0.15031471848487854,-0.038222612144835466,-0.026055872440338135,-0.11901241540908813,-0.026854380296953195,-0.010838150978088379,-0.15996643900871277,-0.02188056268025207,-0.00229036808013916,-0.19833987951278687,-0.03793930009234714,0.0038530826568603516,-0.1587241291999817,-0.030154937209971422,-0.0054225921630859375,-0.13113224506378174,-0.019415824937112802
0.0,0.0,0.0,-0.0442814826965332,-0.02067619562149048,-0.04151635209090898,-0.06849265098571777,-0.08380967378616333,-0.05918724054463098,-0.05369061231613159,-0.13913527131080627,-0.06947145203120897,-0.030288755893707275,-0.172464519739151,-0.07390043476588914,-0.058318138122558594,-0.164179265499115,-0.04039641061790178,-0.018362700939178467,-0.1815451979637146,-0.07217709312207887,-0.010612666606903076,-0.12669411301612854,-0.08477969059713075,-0.01451951265335083,-0.08854305744171143,-0.0887596864438791,-0.022367477416992188,-0.17006248235702515,-0.0311561912483711,0.016267895698547363,-0.19356834888458252,-0.06880153307683656,0.01976644992828369,-0.12310883402824402,-0.07585907319553087,0.010148823261260986,-0.0903196930885315,-0.07210246065623949,0.012170851230621338,-0.16260957717895508,-0.02656227873630712,0.04732215404510498,-0.18036934733390808,-0.06254425236947725,0.04399740695953369,-0.11715748906135559,-0.055175065640284515,0.029632151126861572,-0.09196281433105469,-0.04135201463468263,0.04165184497833252,-0.14605805277824402,-0.024860795233323074,0.06952989101409912,-0.16484618186950684,-0.04690035769708345,0.06442195177078247,-0.12075436115264893,-0.039699263516737915,0.04855525493621826,-0.1028423011302948,-0.028526482749654747
