0.0,0.0,0.0,0.0029918551445007324,-0.07704412937164307,-0.013765342730955865,0.059270262718200684,-0.14454132318496704,-0.0177694803214834,0.11562621593475342,-0.15694862604141235,-0.025878321576790597,0.15399473905563354,-0.15671664476394653,-0.03319316563375452,0.13604497909545898,-0.14379346370697021,0.0045220794045164325,0.20494204759597778,-0.16203802824020386,-0.015677077893094804,0.24489587545394897,-0.1666213870048523,-0.027631901401953485,0.2807472348213196,-0.16089820861816406,-0.03509496730931261,0.14613622426986694,-0.10174626111984253,-0.002684829721154358,0.20629161596298218,-0.14181959629058838,-0.0405147580540941,0.15326207876205444,-0.141248881816864,-0.046660846296624925,0.11781483888626099,-0.12351834774017334,-0.03766418454416254,0.14910274744033813,-0.0587843656539917,-0.014233055721895482,0.21176189184188843,-0.09253460168838501,-0.04845338520772913,0.1599808931350708,-0.09613418579101562,-0.03996161577470758,0.12408256530761719,-0.07975393533706665,-0.021570211473779466,0.14550566673278809,-0.011561095714569092,-0.027921915251688745,0.19072723388671875,-0.03629213571548462,-0.04843305629857042,0.16457074880599976,-0.050786733627319336,-0.04285632652409532,0.14092272520065308,-0.044387221336364746,-0.03139410001404741
0.0,0.0,0.0,0.0023421645164489746,-0.0751180648803711,-0.01172021077297103,0.05345982313156128,-0.14145249128341675,-0.01482109678260457,0.10480856895446777,-0.1593455672264099,-0.022404565935055132,0.13930726051330566,-0.16812819242477417,-0.029006024350444193,0.13026827573776245,-0.14115667343139648,0.006048283080538397,0.20027881860733032,-0.1612667441368103,-0.011016577941397543,0.2386629581451416,-0.16944217681884766,-0.02015351270608079,0.2725203037261963,-0.16855907440185547,-0.025803399731437082,0.140089750289917,-0.10405874252319336,-0.0014370253710396241,0.20023280382156372,-0.14640116691589355,-0.035616995294610376,0.15235835313796997,-0.1494678258895874,-0.04057691757849824,0.11810183525085449,-0.1342499852180481,-0.03158839931062829,0.14339745044708252,-0.06364303827285767,-0.01281772599838149,0.20407354831695557,-0.10031712055206299,-0.043452044476786966,0.15650594234466553,-0.10450053215026855,-0.03453632583192956,0.12258577346801758,-0.08908510208129883,-0.016907900099674578,0.14015108346939087,-0.016144394874572754,-0.02632515644005906,0.18469762802124023,-0.039094746112823486,-0.04447040845922601,0.1622382402420044,-0.05655026435852051,-0.038950858165542,0.1398218870162964,-0.054244935512542725,-0.028170203317920084
0.0,0.0,0.0,-0.0020723938941955566,-0.07920771837234497,-0.013231699039877753,0.052973926067352295,-0.14893317222595215,-0.016000883338691096,0.11117416620254517,-0.16759037971496582,-0.02308281852090488,0.15350127220153809,-0.17546522617340088,-0.02931835657143722,0.1234821081161499,-0.14927273988723755,0.010394464561997552,0.1878795027732849,-0.1724032163619995,-0.0059562075526429226,0.22557443380355835,-0.1820528507232666,-0.014335687888504367,0.25983768701553345,-0.18158578872680664,-0.01947374796652923,0.13514435291290283,-0.11363613605499268,0.003421171417741675,0.19024240970611572,-0.15769410133361816,-0.029243163449407916,0.14165186882019043,-0.15561926364898682,-0.033289896009208064,0.10922515392303467,-0.13592571020126343,-0.023737385553957324,0.14030605554580688,-0.07618212699890137,-0.008123302517176967,0.19253206253051758,-0.1154019832611084,-0.03933609431767593,0.14193546772003174,-0.1134728193283081,-0.029157371876479488,0.10983157157897949,-0.09234607219696045,-0.010610573610009055,0.13997560739517212,-0.03299659490585327,-0.021986934972645145,0.17781859636306763,-0.06597065925598145,-0.04014904579305778,0.14835792779922485,-0.07466721534729004,-0.03240277027869354,0.12455779314041138,-0.06123560667037964,-0.0201573201098455
0.0,0.0,0.0,0.004034698009490967,-0.08127957582473755,-0.011725883542410998,0.06517118215560913,-0.14182710647583008,-0.013766496985070376,0.1243748664855957,-0.1529746651649475,-0.020507542027942804,0.16708403825759888,-0.16227024793624878,-0.026547362639419703,0.13845694065093994,-0.13030552864074707,0.012464136273749205,0.20523995161056519,-0.14171898365020752,-0.004074761721156506,0.2453877329826355,-0.14760714769363403,-0.01219395695518699,0.28147441148757935,-0.1439833641052246,-0.01690567991029468,0.14661157131195068,-0.091982901096344,0.004499327314235302,0.2061818242073059,-0.12566548585891724,-0.02793899325918403,0.15532547235488892,-0.12921404838562012,-0.03100254534076896,0.12301802635192871,-0.11321449279785156,-0.020437055810205607,0.14837652444839478,-0.05147361755371094,-0.008021189442686705,0.20484977960586548,-0.0811225175857544,-0.039978116362206606,0.15242451429367065,-0.08586537837982178,-0.028229599430076746,0.12039917707443237,-0.06944435834884644,-0.008070823347978262,0.1436581015586853,-0.005476951599121094,-0.022626822425834803,0.18847888708114624,-0.030738532543182373,-0.04098470097672191,0.15793520212173462,-0.043404340744018555,-0.031392801164500383,0.13251489400863647,-0.03391468524932861,-0.01745569480847564
0.0,0.0,0.0,0.003392457962036133,-0.07758575677871704,-0.00920342743724234,0.05567467212677002,-0.1408342719078064,-0.011245515163537334,0.10879069566726685,-0.15822607278823853,-0.01809263691633589,0.14678674936294556,-0.16453397274017334,-0.024210960570272277,0.13113301992416382,-0.14040440320968628,0.01177947785377853,0.19845783710479736,-0.15634429454803467,-0.004671784549501012,0.23834258317947388,-0.16372966766357422,-0.013924927416738342,0.27421140670776367,-0.16221582889556885,-0.019783501479324173,0.14089179039001465,-0.10391420125961304,0.0028253496032988323,0.203191876411438,-0.14441817998886108,-0.029586742598112892,0.1583607792854309,-0.14825332164764404,-0.03464067444532759,0.12597346305847168,-0.13245534896850586,-0.025791200775202583,0.14434140920639038,-0.06430232524871826,-0.009932793642875026,0.19969618320465088,-0.10198277235031128,-0.03952287972300894,0.15401983261108398,-0.10371482372283936,-0.029842526617940734,0.12501871585845947,-0.08452022075653076,-0.011981070939000915,0.14145886898040771,-0.017565131187438965,-0.024564941379722427,0.18071460723876953,-0.04770392179489136,-0.04047594681709654,0.15610313415527344,-0.05759012699127197,-0.032291852835115264,0.13654577732086182,-0.04500383138656616,-0.020129899460371803
0.0,0.0,0.0,-0.004964113235473633,-0.07623028755187988,-0.012211255661462417,0.04369223117828369,-0.14559632539749146,-0.014780661954794994,0.09521573781967163,-0.16837960481643677,-0.021668311140750518,0.133500874042511,-0.17756623029708862,-0.027611907503818145,0.11851722002029419,-0.1540389060974121,0.012476210550154576,0.1796879768371582,-0.18046826124191284,-0.0033589409918235447,0.21613860130310059,-0.19482171535491943,-0.013249168104742637,0.25010937452316284,-0.1991887092590332,-0.019685838303779235,0.13204121589660645,-0.1202467679977417,0.004909929887141118,0.18801438808441162,-0.1632319688796997,-0.028612926534627547,0.1424667239189148,-0.15917307138442993,-0.03606409759006368,0.10913741588592529,-0.1383650302886963,-0.028747944093559852,0.13938075304031372,-0.08343285322189331,-0.006808835014020076,0.19335848093032837,-0.12204599380493164,-0.03763413608751165,0.14830273389816284,-0.11964201927185059,-0.03161110908470022,0.11737895011901855,-0.09889101982116699,-0.015852425179694762,0.14148622751235962,-0.040574610233306885,-0.02058534689924585,0.18264716863632202,-0.07303100824356079,-0.03826821402392255,0.1565198302268982,-0.08085674047470093,-0.032397476888512244,0.13245922327041626,-0.06700384616851807,-0.021514682031487098
0.0,0.0,0.0,0.00792551040649414,-0.07871973514556885,-0.008522244774269438,0.06188780069351196,-0.1390141248703003,-0.010945507929193354,0.11550527811050415,-0.1544230580329895,-0.01902296361373601,0.15769660472869873,-0.16340839862823486,-0.02666391213284669,0.1337735652923584,-0.13095057010650635,0.01564294877601924,0.19938910007476807,-0.14585602283477783,-0.0013727196711101897,0.23978334665298462,-0.15595847368240356,-0.010692159317898131,0.2761274576187134,-0.15511947870254517,-0.016336798340546466,0.14268839359283447,-0.0947195291519165,0.005858163211030387,0.20296865701675415,-0.13532263040542603,-0.028277402416335917,0.15332144498825073,-0.13927990198135376,-0.033805183738934375,0.11901348829269409,-0.12116599082946777,-0.02453574691759286,0.14608508348464966,-0.055813610553741455,-0.008131655537056304,0.20363807678222656,-0.09195774793624878,-0.0409583520595902,0.15295439958572388,-0.0983051061630249,-0.032112691224085665,0.11925143003463745,-0.08210009336471558,-0.013213750578927375,0.14303135871887207,-0.010662376880645752,-0.023772284061180926,0.1854066252708435,-0.04149895906448364,-0.04191281613753972,0.15828579664230347,-0.05694085359573364,-0.03409445625590024,0.13353216648101807,-0.050001442432403564,-0.021212007523047305
0.0,0.0,0.0,0.011536836624145508,-0.0754995346069336,-0.013846844241932388,0.07576334476470947,-0.1324968934059143,-0.017905122407690044,0.1339024305343628,-0.1461564302444458,-0.026022122048750873,0.17873281240463257,-0.1546483039855957,-0.032839747884288784,0.14680951833724976,-0.11858069896697998,0.005089397269323115,0.21978360414505005,-0.1269884705543518,-0.014602056511655803,0.2621346116065979,-0.12833619117736816,-0.025218204402342792,0.29993903636932373,-0.1217348575592041,-0.03195574767233467,0.1533513069152832,-0.0779617428779602,-0.00202817753234541,0.2101351022720337,-0.11443448066711426,-0.04002703241349792,0.15869218111038208,-0.1233057975769043,-0.046235243597045894,0.1216052770614624,-0.10947036743164062,-0.03780702761651611,0.15279245376586914,-0.03677701950073242,-0.013461746082619186,0.20864200592041016,-0.07126712799072266,-0.04804598800183868,0.15745848417282104,-0.0835602879524231,-0.03862301520349121,0.12324148416519165,-0.07049715518951416,-0.019868385785237308,0.14563143253326416,0.008112847805023193,-0.027113069587365146,0.18572324514389038,-0.019169151782989502,-0.04730882383228874,0.162006676197052,-0.040186285972595215,-0.04148981235267257,0.14048010110855103,-0.03651714324951172,-0.0300944603914175
0.0,0.0,0.0,-0.0113869309425354,-0.0751192569732666,-0.014498167978395315,0.023939549922943115,-0.15172898769378662,-0.01933806047754416,0.071877121925354,-0.18209582567214966,-0.02781170823590884,0.11101043224334717,-0.18850094079971313,-0.03577989743070731,0.1034896969795227,-0.17000031471252441,0.00798715806586614,0.1633571982383728,-0.19919472932815552,-0.010221757301856371,0.20008981227874756,-0.21442347764968872,-0.0223579968603147,0.23531317710876465,-0.2205483317375183,-0.030805168980528208,0.12046033143997192,-0.1352006196975708,0.0007908424434432959,0.1724497675895691,-0.1825786828994751,-0.0344807322414411,0.12863606214523315,-0.17008769512176514,-0.04362724007086882,0.09818214178085327,-0.14478671550750732,-0.03821483285145888,0.13050293922424316,-0.09661620855331421,-0.010687701711226794,0.18269598484039307,-0.13774853944778442,-0.04393542216138968,0.1385289430618286,-0.1294766068458557,-0.039044149527121874,0.10828012228012085,-0.10637426376342773,-0.024322228813339564,0.13450992107391357,-0.049670636653900146,-0.024118800023366305,0.17077958583831787,-0.08711320161819458,-0.04383684725480208,0.1422504186630249,-0.08856433629989624,-0.038331225821544024,0.11866867542266846,-0.07052290439605713,-0.027903732219506594
0.0,0.0,0.0,-0.006087839603424072,-0.08174985647201538,-0.014064370120806302,0.03997015953063965,-0.15907257795333862,-0.01908260623638114,0.09034174680709839,-0.19202035665512085,-0.027883548687142934,0.1324201226234436,-0.20922845602035522,-0.03596250566367587,0.1098102331161499,-0.17237043380737305,0.007228432291256581,0.16833597421646118,-0.1981763243675232,-0.011116852450115289,0.20357906818389893,-0.21171212196350098,-0.021647924954933728,0.23718678951263428,-0.21511656045913696,-0.02831697876278838,0.12465208768844604,-0.1345542073249817,-0.00013438113562358467,0.17589479684829712,-0.18120801448822021,-0.034436637933296765,0.12737339735031128,-0.16996508836746216,-0.04048269468073329,0.09799259901046753,-0.14762455224990845,-0.032531327034277524,0.13217514753341675,-0.09199368953704834,-0.011754129479569997,0.18575119972229004,-0.13299989700317383,-0.04393262642149409,0.13813894987106323,-0.12466996908187866,-0.03535891550306758,0.10957235097885132,-0.10332709550857544,-0.018124418730778302,0.13241440057754517,-0.04312026500701904,-0.02533640565995654,0.169200599193573,-0.0747382640838623,-0.0438313581300207,0.14415627717971802,-0.07911908626556396,-0.036857022370142545,0.12726354598999023,-0.06622880697250366,-0.025282534236950482
0.0,0.0,0.0,-0.005758523941040039,-0.08140510320663452,-0.01452793313374201,0.0388980507850647,-0.15741264820098877,-0.01901983881553093,0.08971822261810303,-0.18493664264678955,-0.02684345694442669,0.12901318073272705,-0.20238244533538818,-0.03359269576331059,0.10950636863708496,-0.1650165319442749,0.006038210427412594,0.16718369722366333,-0.18892723321914673,-0.010296303240558302,0.20243167877197266,-0.19864052534103394,-0.019690134024223482,0.23521286249160767,-0.20155584812164307,-0.02559005694647709,0.12234479188919067,-0.12806713581085205,-0.0003786564485395161,0.1725081205368042,-0.16797149181365967,-0.03148343267103115,0.12922269105911255,-0.1558619737625122,-0.036956658979853785,0.10008662939071655,-0.13625049591064453,-0.02966567913254181,0.12893879413604736,-0.08729982376098633,-0.010900234265228903,0.1792525053024292,-0.12172353267669678,-0.04094000758787075,0.1347406506538391,-0.11101824045181274,-0.03206356095333973,0.10513842105865479,-0.0915759801864624,-0.015189340731105005,0.13018709421157837,-0.039041996002197266,-0.02348988915046135,0.17313480377197266,-0.06746959686279297,-0.0408326000179855,0.14607012271881104,-0.07122135162353516,-0.03246188761850277,0.12138217687606812,-0.061308443546295166,-0.020109896009763872
0.0,0.0,0.0,-0.0033082962036132812,-0.07520318031311035,-0.016692692016128774,0.04322481155395508,-0.14934241771697998,-0.02183874284184384,0.09337127208709717,-0.1780928373336792,-0.03016459157026219,0.13376688957214355,-0.19477736949920654,-0.03722429421997475,0.11319011449813843,-0.15969008207321167,0.007141499246593241,0.169938325881958,-0.18112421035766602,-0.012402894508902307,0.2056288719177246,-0.19091308116912842,-0.023541289915208097,0.23915350437164307,-0.19101548194885254,-0.03003401828265595,0.12588852643966675,-0.12155044078826904,0.0012060329803560421,0.17847609519958496,-0.1642698049545288,-0.03430456069565224,0.13134735822677612,-0.15801358222961426,-0.0413522809491198,0.10240614414215088,-0.1402294635772705,-0.03323031735873627,0.1319713592529297,-0.08103930950164795,-0.00944626757210898,0.1812584400177002,-0.11554467678070068,-0.04283907410955834,0.13519287109375,-0.11055260896682739,-0.03495841619825768,0.10788071155548096,-0.09390425682067871,-0.017089338575367208,0.1321812868118286,-0.034462153911590576,-0.02233625349855828,0.17032402753829956,-0.0635179877281189,-0.0408819332466166,0.14574098587036133,-0.06942278146743774,-0.033372940097812887,0.12726062536239624,-0.060331761837005615,-0.020802778725389715
0.0,0.0,0.0,-0.005856156349182129,-0.06916314363479614,-0.01014207534714373,0.03373551368713379,-0.14074945449829102,-0.011514987314480862,0.07882338762283325,-0.1703457236289978,-0.016720252560812554,0.11225754022598267,-0.1843612790107727,-0.021058543103176675,0.10056090354919434,-0.14965194463729858,0.009706981030863204,0.15580511093139648,-0.17446357011795044,-0.006251075754303059,0.1887492537498474,-0.19191479682922363,-0.015893977584678254,0.21941930055618286,-0.1988154649734497,-0.021998148860770783,0.11371064186096191,-0.11931586265563965,0.0020456453949329045,0.16408151388168335,-0.16808438301086426,-0.029186225014168343,0.12240481376647949,-0.167266845703125,-0.03569933817012938,0.09285330772399902,-0.1451815962791443,-0.02852048769815596,0.12049323320388794,-0.0865287184715271,-0.009380622284847817,0.1663762927055359,-0.12759709358215332,-0.037432868482905945,0.12623488903045654,-0.12857258319854736,-0.03148626208527716,0.09983855485916138,-0.10842227935791016,-0.016701821687060914,0.12229222059249878,-0.04687643051147461,-0.022575285734969697,0.15531420707702637,-0.0815163254737854,-0.037378933729964814,0.13220292329788208,-0.09159845113754272,-0.0311315846465412,0.1124083399772644,-0.07929670810699463,-0.020707030298549256
0.0,0.0,0.0,0.018263280391693115,-0.08467769622802734,-0.03163905370382025,0.08177769184112549,-0.1284915804862976,-0.04352007734922125,0.14242076873779297,-0.1150275468826294,-0.055091421337401414,0.19370895624160767,-0.1101943850517273,-0.06479029658583357,0.1605757474899292,-0.09326690435409546,-0.01195981002745583,0.2333936095237732,-0.08386921882629395,-0.03587397861627295,0.2835056185722351,-0.07100927829742432,-0.05028188157228186,0.3236428499221802,-0.05695962905883789,-0.05948741290119841,0.16636604070663452,-0.031012296676635742,-0.012161220641409898,0.22674435377120972,-0.03521662950515747,-0.056612867148196244,0.17927515506744385,-0.047557055950164795,-0.06690015944985106,0.13699126243591309,-0.04657554626464844,-0.0595201433017607,0.1605852246284485,0.02628326416015625,-0.017658631534850144,0.2134181261062622,0.019444823265075684,-0.05985974821594908,0.1662369966506958,0.0013580322265625,-0.05254872816947653,0.13156408071517944,-0.0003885030746459961,-0.03297140005377486,0.14457064867019653,0.08191633224487305,-0.02608454528597548,0.19055378437042236,0.08309853076934814,-0.0515773363724108,0.16769611835479736,0.06599307060241699,-0.04510501700786307,0.14466172456741333,0.06042790412902832,-0.03165849226859763
0.0,0.0,0.0,0.018544554710388184,-0.08300012350082397,-0.016221079985680453,0.0809362530708313,-0.13990294933319092,-0.021255763257923,0.13886982202529907,-0.14272582530975342,-0.02990003489989268,0.18336153030395508,-0.14624488353729248,-0.03738338687557208,0.16513347625732422,-0.12372028827667236,0.011939012435195573,0.22810512781143188,-0.1264675259590149,-0.006965786228957049,0.2686467170715332,-0.1264311671257019,-0.020237457017483584,0.3054029941558838,-0.12125939130783081,-0.02902917006153094,0.17009031772613525,-0.0778149962425232,0.004163378373650439,0.23304182291030884,-0.09379804134368896,-0.030280524875106685,0.18696057796478271,-0.1035834550857544,-0.03966629692453372,0.157331645488739,-0.10043132305145264,-0.034397685910644404,0.16749584674835205,-0.032920241355895996,-0.008536111573757998,0.22720634937286377,-0.03802502155303955,-0.03935658001440989,0.18097859621047974,-0.05354863405227661,-0.031083289544167392,0.15303939580917358,-0.053985655307769775,-0.014960196810843818,0.15581506490707397,0.014897763729095459,-0.02399100550550448,0.20369964838027954,0.009014785289764404,-0.03914242797631251,0.17500203847885132,-0.00881659984588623,-0.02907039039868342,0.15186482667922974,-0.012776017189025879,-0.016174234460177295
0.0,0.0,0.0,0.006541550159454346,-0.09525525569915771,-0.017653341071820705,0.07031059265136719,-0.1642286777496338,-0.021178870128608196,0.13448482751846313,-0.17657798528671265,-0.02910052299699828,0.18103349208831787,-0.19220930337905884,-0.036578249784327,0.14767879247665405,-0.15121841430664062,0.010067575013124497,0.2162032127380371,-0.16785591840744019,-0.010083442220604866,0.2587130665779114,-0.17408472299575806,-0.022446806209302395,0.2987785339355469,-0.1718387007713318,-0.03047272250256583,0.15778863430023193,-0.10602593421936035,0.0022619404903139184,0.22423434257507324,-0.13325053453445435,-0.03769376188716933,0.17115479707717896,-0.1375572681427002,-0.04728722259602591,0.13385897874832153,-0.12654614448547363,-0.04010818213424727,0.15928012132644653,-0.05999743938446045,-0.01079355798862025,0.22188740968704224,-0.08133715391159058,-0.04940762058100745,0.1674652099609375,-0.08853065967559814,-0.04349361047349021,0.12973147630691528,-0.07757019996643066,-0.02584596410594031,0.15340280532836914,-0.00845414400100708,-0.026351482274151294,0.20681828260421753,-0.02967160940170288,-0.049756233247137516,0.1751399040222168,-0.04466259479522705,-0.04354483694038436,0.1441224217414856,-0.04105108976364136,-0.031294409783697574
0.0,0.0,0.0,0.0036906003952026367,-0.0897708535194397,-0.013521912913446954,0.0628352165222168,-0.1602678894996643,-0.01630891341311269,0.12404567003250122,-0.18054601550102234,-0.02421476173741155,0.1679120659828186,-0.20241525769233704,-0.0315737374458962,0.1356598138809204,-0.15506184101104736,0.01260902040111489,0.20182061195373535,-0.17715564370155334,-0.006509579192524484,0.24393236637115479,-0.18479812145233154,-0.01741881150347524,0.2829130291938782,-0.18205350637435913,-0.02411613840205007,0.14639919996261597,-0.1135759949684143,0.003931870743954846,0.21277552843093872,-0.1483839750289917,-0.032603109661167196,0.15922021865844727,-0.14726299047470093,-0.038900683108394674,0.12494337558746338,-0.13183075189590454,-0.029860129985635808,0.15070778131484985,-0.07044774293899536,-0.009658441353266767,0.21458148956298828,-0.1002495288848877,-0.04398506361586385,0.1605331301689148,-0.10133016109466553,-0.03436807397348218,0.12518364191055298,-0.08522671461105347,-0.015077447924440435,0.1484493613243103,-0.020994901657104492,-0.025671916488235524,0.19821178913116455,-0.04733842611312866,-0.04500118124825292,0.16874951124191284,-0.06051856279373169,-0.0369349032972508,0.14205992221832275,-0.053954482078552246,-0.02407277788562112
0.0,0.0,0.0,-0.001771688461303711,-0.08366632461547852,-0.02523118297647642,0.05548161268234253,-0.1575019359588623,-0.03606656047593759,0.11947870254516602,-0.1715880036354065,-0.04866761940609621,0.16635608673095703,-0.18295961618423462,-0.05981532338153528,0.14689308404922485,-0.1560952067375183,-0.006605669325999486,0.21090155839920044,-0.171400249004364,-0.031125897942892777,0.25333094596862793,-0.1733599305152893,-0.04381525370370554,0.2911936044692993,-0.16643530130386353,-0.05159211757671045,0.15591931343078613,-0.10546940565109253,-0.011657281248680817,0.20943230390548706,-0.12742960453033447,-0.05081349092613863,0.14843326807022095,-0.12062609195709229,-0.0534620382178943,0.1201862096786499,-0.11171412467956543,-0.042582298098913896,0.15536761283874512,-0.054114341735839844,-0.0224681798655908,0.20545440912246704,-0.06699162721633911,-0.060744593321196305,0.14748305082321167,-0.06669420003890991,-0.04582604247223543,0.12054651975631714,-0.06171602010726929,-0.023879623441807496,0.14508318901062012,-0.0003737211227416992,-0.03651758882295297,0.18843436241149902,-0.012116670608520508,-0.059371108590475785,0.15195393562316895,-0.022507965564727783,-0.04746790456663774,0.1296810507774353,-0.023289501667022705,-0.03191244456063913
0.0,0.0,0.0,-0.007642507553100586,-0.088764488697052,-0.026534703886738953,0.047853171825408936,-0.1655886173248291,-0.035674327379695114,0.11291295289993286,-0.18529021739959717,-0.044289243734112915,0.15808528661727905,-0.19487327337265015,-0.0503116635146057,0.1319076418876648,-0.16163408756256104,-0.02046810588859671,0.19953399896621704,-0.1876872181892395,-0.049581402307978806,0.24235397577285767,-0.1996603012084961,-0.06315685189389342,0.2829623222351074,-0.20416700839996338,-0.07242229706668013,0.15216994285583496,-0.10326462984085083,-0.022200324899188217,0.13977158069610596,-0.13810521364212036,-0.06272323555373305,0.08248937129974365,-0.1258745789527893,-0.061362040555707154,0.07733088731765747,-0.10634863376617432,-0.05027163899563902,0.15101081132888794,-0.046202898025512695,-0.029704741528860268,0.11692637205123901,-0.0691724419593811,-0.06565266973399275,0.06659960746765137,-0.06746095418930054,-0.0466490624012863,0.07296377420425415,-0.057026803493499756,-0.025578304520479378,0.1393415927886963,0.007272601127624512,-0.041310512787333664,0.1046496033668518,-0.01821213960647583,-0.062029087311259445,0.06856679916381836,-0.022343993186950684,-0.05084660775088423,0.07505542039871216,-0.013700425624847412,-0.03714628643416518
0.0,0.0,0.0,-0.005792498588562012,-0.08881092071533203,-0.026517318944627277,0.04717850685119629,-0.1646968126296997,-0.033403298269206516,0.11051297187805176,-0.18622571229934692,-0.03910337240546369,0.1554242968559265,-0.20237481594085693,-0.0419012740358653,0.13031834363937378,-0.1570855975151062,-0.018233901272708408,0.19045346975326538,-0.18728142976760864,-0.04417602569907331,0.22406530380249023,-0.20381683111190796,-0.055240152786666386,0.25951236486434937,-0.21500378847122192,-0.06316878871172094,0.1515052318572998,-0.09930354356765747,-0.020124262581759922,0.1434219479560852,-0.13483482599258423,-0.059607295702392094,0.08706700801849365,-0.12339109182357788,-0.06002437175362729,0.073081374168396,-0.10486119985580444,-0.04961307198851728,0.14906489849090576,-0.04380685091018677,-0.02752744631021642,0.10484433174133301,-0.06798219680786133,-0.06351818368881368,0.05481123924255371,-0.061878979206085205,-0.04959934801905774,0.05629134178161621,-0.049601972103118896,-0.031354481737309925,0.1346275806427002,0.008111417293548584,-0.038863333325082294,0.08358794450759888,-0.014245152473449707,-0.061465932439261906,0.045079708099365234,-0.0164107084274292,-0.055587428073579304,0.047113895416259766,-0.010367929935455322,-0.04546026737540387
0.0,0.0,0.0,-0.006343483924865723,-0.09323233366012573,-0.026556924780777535,0.05164724588394165,-0.1648322343826294,-0.03588179392176016,0.1176987886428833,-0.18181192874908447,-0.04362414298014983,0.16376298666000366,-0.19985496997833252,-0.04883046341495856,0.1345396637916565,-0.15800988674163818,-0.024742440184525094,0.19358432292938232,-0.17825990915298462,-0.05426766989188536,0.2350311279296875,-0.18652504682540894,-0.07277952772932395,0.27484941482543945,-0.18692445755004883,-0.0875477258618389,0.1597532033920288,-0.09500300884246826,-0.025706241702607713,0.11754608154296875,-0.11995917558670044,-0.06196955857234343,0.06821531057357788,-0.11111640930175781,-0.06294000787096365,0.06832486391067505,-0.0935174822807312,-0.05743300808029517,0.15285956859588623,-0.035528361797332764,-0.032074912315181336,0.08994954824447632,-0.05398154258728027,-0.060894193923047624,0.05380856990814209,-0.05912083387374878,-0.043815343504718385,0.06577563285827637,-0.05260556936264038,-0.02874698941963061,0.13123059272766113,0.014264047145843506,-0.043150468593410096,0.06827056407928467,-0.007022500038146973,-0.06598671418981894,0.042980849742889404,-0.0105476975440979,-0.061273890411428056,0.056900858879089355,-0.004353582859039307,-0.05339649957971915
0.0,0.0,0.0,-0.011819541454315186,-0.09443598985671997,-0.02518689633869542,0.046203792095184326,-0.17033618688583374,-0.03267811053954972,0.11211323738098145,-0.19431430101394653,-0.039171898752087486,0.15644562244415283,-0.21698212623596191,-0.04346150347554101,0.12315118312835693,-0.16945523023605347,-0.021753558903569115,0.18714743852615356,-0.20223551988601685,-0.050390014439457786,0.2277856469154358,-0.21746546030044556,-0.06624793449007882,0.2666192650794983,-0.22605079412460327,-0.07852652856671227,0.14803296327590942,-0.10982847213745117,-0.02348374390565766,0.1201217770576477,-0.14979654550552368,-0.06338919886910332,0.06870460510253906,-0.1326882243156433,-0.06462609955632104,0.0621379017829895,-0.10653221607208252,-0.05697955378853692,0.1451627016067505,-0.0541689395904541,-0.030447920798891914,0.09062641859054565,-0.08374428749084473,-0.06337431260907067,0.04966115951538086,-0.07676833868026733,-0.04640853592717065,0.055690228939056396,-0.06124532222747803,-0.028847690686220062,0.12859183549880981,-0.007485389709472656,-0.0417159702774228,0.0715247392654419,-0.03388357162475586,-0.06499169954621209,0.0443650484085083,-0.028440237045288086,-0.058949107318753136,0.05611139535903931,-0.016191065311431885,-0.049265807509058845
0.0,0.0,0.0,-0.00681227445602417,-0.10028672218322754,-0.025270542727355405,0.05532354116439819,-0.16861146688461304,-0.03273362167323057,0.12260204553604126,-0.1843862533569336,-0.03978832684600775,0.16798299551010132,-0.21109414100646973,-0.04491094373310034,0.135087788105011,-0.15897727012634277,-0.01984489023828928,0.19978481531143188,-0.18454253673553467,-0.04741597794139807,0.2438511848449707,-0.19233161211013794,-0.06338802226031248,0.28410691022872925,-0.19336700439453125,-0.07530477889025633,0.1564328670501709,-0.0976097583770752,-0.021964662374500676,0.122547447681427,-0.1337651014328003,-0.060534017758016034,0.07304888963699341,-0.12463390827178955,-0.06355408080065672,0.0667409896850586,-0.10270655155181885,-0.05765954278552954,0.14952987432479858,-0.0412977933883667,-0.029206252323035642,0.0943726897239685,-0.07178205251693726,-0.061438473538999006,0.05475336313247681,-0.07160943746566772,-0.0462446088358206,0.06021440029144287,-0.05843108892440796,-0.030043535532001897,0.1294345259666443,0.006609141826629639,-0.0407301323875231,0.07376396656036377,-0.021931350231170654,-0.062462630347852155,0.0465506911277771,-0.022234797477722168,-0.05574753753984396,0.056353747844696045,-0.010790884494781494,-0.04554397113764708
0.0,0.0,0.0,-0.0043939948081970215,-0.09463053941726685,-0.024756113069074104,0.053083717823028564,-0.16409963369369507,-0.033080158756988,0.1157156229019165,-0.17946529388427734,-0.04084208421589608,0.15895038843154907,-0.18167543411254883,-0.0463092792797255,0.13872385025024414,-0.152382493019104,-0.019713122399465988,0.20881909132003784,-0.16939562559127808,-0.04697410203696961,0.2531287670135498,-0.17697227001190186,-0.06021186150790925,0.2938794493675232,-0.1766842007637024,-0.0699180196988749,0.15807944536209106,-0.09026825428009033,-0.02128564007760758,0.13700127601623535,-0.1330433487892151,-0.060435375200526664,0.08189469575881958,-0.12406152486801147,-0.0600693244505095,0.07296359539031982,-0.09719842672348022,-0.05040471069695229,0.15191400051116943,-0.03492772579193115,-0.027953460814373443,0.10740423202514648,-0.07113516330718994,-0.0625831391680407,0.06124967336654663,-0.07124227285385132,-0.04567808099271531,0.06440669298171997,-0.05479055643081665,-0.026677865536825607,0.1335628628730774,0.012625455856323242,-0.0384958218801188,0.08384084701538086,-0.022937357425689697,-0.060590846465842674,0.05141550302505493,-0.026652395725250244,-0.052499709652678916,0.058181166648864746,-0.015455842018127441,-0.04078575037600274
0.0,0.0,0.0,-0.0057201385498046875,-0.09353125095367432,-0.024544599866160866,0.05166393518447876,-0.16487503051757812,-0.03218156604994249,0.11440902948379517,-0.18166714906692505,-0.039426790019163604,0.15778326988220215,-0.1865563988685608,-0.04447126149166536,0.13691920042037964,-0.15512347221374512,-0.018246773099193092,0.20655149221420288,-0.17447566986083984,-0.045521830608734604,0.25091755390167236,-0.18320661783218384,-0.059321922650227066,0.2923721671104431,-0.1837315559387207,-0.06975326075185251,0.15682262182235718,-0.09319919347763062,-0.02055521442521524,0.13633155822753906,-0.13636398315429688,-0.06055541097153139,0.08238416910171509,-0.12516289949417114,-0.061559566696772094,0.07388949394226074,-0.0961301326751709,-0.052855563750156875,0.1508045196533203,-0.03772670030593872,-0.02802182867158365,0.10550403594970703,-0.07518929243087769,-0.0631358189784379,0.06007957458496094,-0.07228529453277588,-0.04684656991589975,0.06396263837814331,-0.053379714488983154,-0.028428041776308532,0.13225805759429932,0.00991123914718628,-0.039410681863913055,0.08113807439804077,-0.02749955654144287,-0.06218410043943834,0.04898959398269653,-0.0277785062789917,-0.054483966370710846,0.056967854499816895,-0.0132979154586792,-0.043199872066864486
0.0,0.0,0.0,-0.0030159950256347656,-0.0966758131980896,-0.023827986184016936,0.0582241415977478,-0.16666221618652344,-0.031346838313595526,0.12451541423797607,-0.1833520531654358,-0.038657742876068824,0.17146152257919312,-0.1910867691040039,-0.04423991902496027,0.1375589370727539,-0.1551344394683838,-0.018275312471644156,0.20500987768173218,-0.177054762840271,-0.045375916499153846,0.2488604187965393,-0.18520313501358032,-0.05907171531345057,0.2901390790939331,-0.1863546371459961,-0.06893854900027918,0.15603268146514893,-0.09430962800979614,-0.020522577080384963,0.13681918382644653,-0.1347854733467102,-0.059237874436632865,0.08303850889205933,-0.12577712535858154,-0.0602095121028583,0.07305794954299927,-0.10184448957443237,-0.05176037861730265,0.15007174015045166,-0.039224326610565186,-0.027735204759494536,0.10743856430053711,-0.07467871904373169,-0.0619402931513946,0.06203705072402954,-0.07389551401138306,-0.046245935696617835,0.06390786170959473,-0.05802571773529053,-0.028177065167085402,0.13182055950164795,0.008582055568695068,-0.03871675147439646,0.08424520492553711,-0.02600264549255371,-0.060553926366822,0.051258981227874756,-0.028751909732818604,-0.0528114096703689,0.05557805299758911,-0.017198503017425537,-0.04144002808953928
0.0,0.0,0.0,-0.00415271520614624,-0.09915626049041748,-0.02550755272126537,0.05287104845046997,-0.16868829727172852,-0.034962780945662075,0.11621087789535522,-0.18829059600830078,-0.04430655779755455,0.1638813614845276,-0.20329374074935913,-0.0514112116626535,0.13478165864944458,-0.1560579538345337,-0.017754858531716877,0.2031058669090271,-0.17993080615997314,-0.045134969227675015,0.2466316819190979,-0.1897221803665161,-0.057924762540224606,0.2862091660499573,-0.19245076179504395,-0.06681989523089271,0.15411043167114258,-0.0946047306060791,-0.019722940572265202,0.13503867387771606,-0.13703131675720215,-0.06012916582143646,0.08195310831069946,-0.12736374139785767,-0.06171515228665214,0.07395815849304199,-0.10291606187820435,-0.05298827605760437,0.1502619981765747,-0.039475858211517334,-0.026873033665779644,0.10644906759262085,-0.07567393779754639,-0.06347301247036796,0.06029975414276123,-0.07147890329360962,-0.04776053892886978,0.06434082984924316,-0.053655266761779785,-0.028635399588111454,0.1342657208442688,0.008886218070983887,-0.03783267753637176,0.08700412511825562,-0.025650620460510254,-0.060946226292017514,0.053530991077423096,-0.02735769748687744,-0.05296199040925842,0.05922043323516846,-0.015688598155975342,-0.04078852029955726
0.0,0.0,0.0,-0.019063889980316162,-0.08396297693252563,-0.022691367105664995,0.013899922370910645,-0.17588025331497192,-0.03358838325840452,0.06464701890945435,-0.22171521186828613,-0.04584961748224714,0.1049298644065857,-0.2523413896560669,-0.056219089687886026,0.09086620807647705,-0.1979941725730896,-0.017671827138485696,0.1480446457862854,-0.25558093190193176,-0.04704323774677732,0.18471431732177734,-0.2881074845790863,-0.05949981129271009,0.2205650806427002,-0.3099907338619232,-0.06705527743798712,0.11674708127975464,-0.15100514888763428,-0.022145919413389947,0.10736000537872314,-0.1858343482017517,-0.06403470030528524,0.05584573745727539,-0.1483403444290161,-0.062243793071331766,0.053864359855651855,-0.12350183725357056,-0.05002442365986326,0.1277502179145813,-0.09900134801864624,-0.03192331260544279,0.10171365737915039,-0.12005496025085449,-0.07024327656728246,0.05419057607650757,-0.09178715944290161,-0.04982336974245527,0.05969822406768799,-0.07525479793548584,-0.026289140717210557,0.1300315260887146,-0.044628798961639404,-0.04515785715085485,0.104678213596344,-0.0689307451248169,-0.06551910927993276,0.06689560413360596,-0.056640684604644775,-0.05087719103795507,0.06833046674728394,-0.04381841421127319,-0.034020073623480585
0.0,0.0,0.0,-0.00250929594039917,-0.08937698602676392,-0.03264620382329042,0.052823007106781006,-0.15517568588256836,-0.04551230225702341,0.11713886260986328,-0.16387897729873657,-0.056772979386053635,0.1649448275566101,-0.17262214422225952,-0.06476727727790887,0.1417553424835205,-0.14262020587921143,-0.026837023384771896,0.21063590049743652,-0.15734124183654785,-0.05972646404048021,0.2554907202720642,-0.15989923477172852,-0.07620297227045114,0.2991359233856201,-0.15274304151535034,-0.08701851818700845,0.1584116816520691,-0.08052116632461548,-0.02669631917019899,0.1424351930618286,-0.09193646907806396,-0.07147275511165674,0.08750534057617188,-0.09674817323684692,-0.07375725213428552,0.08219122886657715,-0.08800208568572998,-0.06481988582750375,0.1512104868888855,-0.02440434694290161,-0.032679716534815384,0.10823005437850952,-0.029724061489105225,-0.07146312151094492,0.06235015392303467,-0.04471540451049805,-0.056410616673431946,0.07157492637634277,-0.04430735111236572,-0.03822908032675798,0.13276809453964233,0.025354444980621338,-0.04335950542231615,0.08256500959396362,0.013379454612731934,-0.06822826568027551,0.049068331718444824,0.0014435052871704102,-0.06181885156770761,0.05911874771118164,0.0023446083068847656,-0.051030150093041016
0.0,0.0,0.0,0.037242591381073,-0.08048701286315918,-0.028162718655664776,0.12135863304138184,-0.09302526712417603,-0.03809106247325644,0.18819141387939453,-0.057269930839538574,-0.04823102326889739,0.23770242929458618,-0.033749401569366455,-0.05565601112147078,0.19553816318511963,-0.02232414484024048,-0.01784757608373866,0.2711799144744873,0.017286181449890137,-0.04916526274581656,0.31764137744903564,0.04875856637954712,-0.06331060724158988,0.35469913482666016,0.08365362882614136,-0.07259367303748832,0.18311834335327148,0.04440885782241821,-0.020694409402210567,0.1924648880958557,-0.0018918514251708984,-0.06779169933696494,0.13677054643630981,-0.04218590259552002,-0.06808006660838828,0.11684703826904297,-0.029403209686279297,-0.05617867307563529,0.15401315689086914,0.0895187258720398,-0.02989816749294505,0.1396999955177307,0.032966673374176025,-0.0713042085041593,0.09431272745132446,-0.007636129856109619,-0.051796643899876926,0.09091359376907349,0.007700324058532715,-0.02885669180949435,0.11726176738739014,0.1206355094909668,-0.0435281422903131,0.09549516439437866,0.0626680850982666,-0.06677049295802817,0.06809103488922119,0.03220266103744507,-0.05604135887523398,0.07225793600082397,0.04892420768737793,-0.04189142109652266
0.0,0.0,0.0,0.002525508403778076,-0.08442789316177368,-0.02013992755441052,0.06156045198440552,-0.1514683961868286,-0.022157809275668683,0.1280030608177185,-0.16247153282165527,-0.025631556797307553,0.1710575819015503,-0.17182481288909912,-0.026803982022684636,0.1347036361694336,-0.1394282579421997,0.009523411702829776,0.1884995698928833,-0.1469215750694275,-0.012322977695149007,0.22195559740066528,-0.14677894115447998,-0.019301109525841298,0.258259117603302,-0.13845837116241455,-0.021506334233563962,0.13648593425750732,-0.08904790878295898,0.006109189663547454,0.17668980360031128,-0.11056637763977051,-0.02559215812711102,0.1120455265045166,-0.10120362043380737,-0.021455539900344434,0.10498756170272827,-0.09315824508666992,-0.0057360590877948425,0.13515830039978027,-0.0389636754989624,-0.004385198045056882,0.166906476020813,-0.052571117877960205,-0.04266068390337807,0.10376542806625366,-0.048743605613708496,-0.026271135124844136,0.10032141208648682,-0.04522305727005005,-0.0024081913731066606,0.13149583339691162,0.011520922183990479,-0.01742616533068997,0.15255558490753174,-0.0027905702590942383,-0.039106663826387944,0.10881596803665161,-0.004956603050231934,-0.02616469799308163,0.10100060701370239,0.00026547908782958984,-0.009618876080494942
0.0,0.0,0.0,0.018732964992523193,-0.08561843633651733,-0.020053716777752584,0.08767688274383545,-0.14007866382598877,-0.030546790390204137,0.15351182222366333,-0.1413697600364685,-0.043911289825032895,0.20128774642944336,-0.14395606517791748,-0.055789702041934675,0.1637434959411621,-0.10960179567337036,-0.009080417855571454,0.23741668462753296,-0.11400395631790161,-0.03942379395563478,0.28461557626724243,-0.11387616395950317,-0.05140651057560319,0.3272421956062317,-0.1014324426651001,-0.057448380096744245,0.16094547510147095,-0.0540771484375,-0.016628183825801557,0.18975532054901123,-0.08489835262298584,-0.06046116019685144,0.12193965911865234,-0.09102529287338257,-0.05676836560566301,0.11037307977676392,-0.07250118255615234,-0.040868107630799955,0.15048176050186157,-0.0010290741920471191,-0.030249614669870084,0.163585364818573,-0.030927181243896484,-0.07289962510664338,0.10210233926773071,-0.0405353307723999,-0.04952520172197694,0.0984916090965271,-0.023674070835113525,-0.021524753822873777,0.1349165439605713,0.05081301927566528,-0.04690505976874704,0.14419955015182495,0.014823317527770996,-0.06766890029508943,0.10109788179397583,0.0009323954582214355,-0.04861709515650148,0.09625881910324097,0.0158843994140625,-0.028124887897561734
0.0,0.0,0.0,0.004898190498352051,-0.09057122468948364,-0.028772452508178503,0.06336468458175659,-0.15303468704223633,-0.040438711305228026,0.1271938681602478,-0.16113317012786865,-0.05091483484682158,0.176643967628479,-0.16904997825622559,-0.05874935131248549,0.14928019046783447,-0.13055509328842163,-0.02453811991688326,0.2178705334663391,-0.14464223384857178,-0.054701707919207365,0.2614849805831909,-0.1461610198020935,-0.06950522180375174,0.3023958206176758,-0.14068633317947388,-0.07973051782425955,0.16519087553024292,-0.06641167402267456,-0.025800397281614096,0.1457391381263733,-0.09448158740997314,-0.06820692088183478,0.09135931730270386,-0.09594005346298218,-0.07120984013852194,0.08209985494613647,-0.08153212070465088,-0.06359049644049719,0.1564544439315796,-0.010135054588317871,-0.03226572241362646,0.11022418737411499,-0.03560394048690796,-0.07015860046919897,0.06464296579360962,-0.04299032688140869,-0.055910300125447066,0.06951546669006348,-0.03320515155792236,-0.03829414363679007,0.13592374324798584,0.03833174705505371,-0.04277810793098524,0.084774911403656,0.008125066757202148,-0.06815761293944433,0.0496944785118103,1.3470649719238281e-05,-0.061890121211376936,0.05489516258239746,0.007523775100708008,-0.05089653622087553
0.0,0.0,0.0,0.005210757255554199,-0.08916336297988892,-0.029590962838852874,0.06241250038146973,-0.1525394320487976,-0.041631209116900436,0.1241195797920227,-0.16306579113006592,-0.05233746246668147,0.1735551357269287,-0.17049860954284668,-0.060379179578745834,0.15029186010360718,-0.13532012701034546,-0.026392845821106903,0.21629899740219116,-0.15259695053100586,-0.05843612031313228,0.26034969091415405,-0.15198051929473877,-0.07580432893010425,0.30192112922668457,-0.14571690559387207,-0.08744997383328723,0.16841280460357666,-0.07046782970428467,-0.02683177628787803,0.14374029636383057,-0.0963059663772583,-0.06749923379393863,0.08854079246520996,-0.094798743724823,-0.06880472452613162,0.07734107971191406,-0.0827779769897461,-0.060441589367115967,0.1593620777130127,-0.011206209659576416,-0.03287570775719928,0.10751032829284668,-0.0325736403465271,-0.06878134460421848,0.06266975402832031,-0.03865581750869751,-0.05348005742999362,0.06684291362762451,-0.03129374980926514,-0.035461573314393036,0.1374504566192627,0.04018080234527588,-0.04322698191973018,0.08562546968460083,0.017166078090667725,-0.06675070376368808,0.049699246883392334,0.006676971912384033,-0.05922618360492038,0.05185806751251221,0.0093497633934021,-0.047447761904919616
0.0,0.0,0.0,0.002104043960571289,-0.08320778608322144,-0.02644528098302601,0.04388612508773804,-0.15017849206924438,-0.03987035736339806,0.09233665466308594,-0.1671614646911621,-0.05138865321772812,0.1355348825454712,-0.1699405312538147,-0.06005115643041847,0.1315997838973999,-0.14124596118927002,-0.029188065080816727,0.17540115118026733,-0.16173690557479858,-0.060823800264770966,0.21035224199295044,-0.1681419014930725,-0.08466030120747803,0.2453746199607849,-0.17080509662628174,-0.10406845271485565,0.15833866596221924,-0.07842165231704712,-0.030723100750620347,0.09837347269058228,-0.09804046154022217,-0.06545993894236801,0.05655670166015625,-0.09566313028335571,-0.07008905917304276,0.054930150508880615,-0.0878610610961914,-0.06902140587466477,0.14966535568237305,-0.017457008361816406,-0.03722502499716995,0.06802749633789062,-0.03124898672103882,-0.06236284807222603,0.04104846715927124,-0.03369659185409546,-0.04640208020704506,0.05274134874343872,-0.027204573154449463,-0.03347825094955681,0.12483316659927368,0.03539997339248657,-0.048770958780224305,0.05423253774642944,0.016518831253051758,-0.07238621473210571,0.033802807331085205,0.01398545503616333,-0.0689576065530133,0.04701310396194458,0.018833935260772705,-0.06174736678498505
0.0,0.0,0.0,0.0035437345504760742,-0.08843547105789185,-0.029291703853786544,0.062462568283081055,-0.1634560227394104,-0.04442860514301117,0.13158917427062988,-0.18183249235153198,-0.06060172573107536,0.18192851543426514,-0.1974741816520691,-0.07414986893910225,0.1494399905204773,-0.15443718433380127,-0.019737803865254477,0.22412806749343872,-0.17939645051956177,-0.05411183417218979,0.27224308252334595,-0.18891304731369019,-0.06545580879229362,0.3173723816871643,-0.18751704692840576,-0.07054297581690605,0.15661567449569702,-0.09333866834640503,-0.023910270560563163,0.17773503065109253,-0.12646210193634033,-0.07077252820509727,0.10573714971542358,-0.11036044359207153,-0.0631711776592141,0.09926694631576538,-0.09301412105560303,-0.04365137920159157,0.15303152799606323,-0.033509016036987305,-0.035387295786321715,0.15165525674819946,-0.058863162994384766,-0.08210305080193336,0.0868334174156189,-0.04956817626953125,-0.05601727173107918,0.08928912878036499,-0.035574257373809814,-0.025227056372941092,0.14280563592910767,0.023674428462982178,-0.05075142860788162,0.13666951656341553,-0.008542478084564209,-0.07546178207176979,0.09196758270263672,-0.008277833461761475,-0.05745428383725937,0.09374713897705078,0.005524933338165283,-0.03683694035190399
0.0,0.0,0.0,0.00814145803451538,-0.08793938159942627,-0.024226463645021568,0.07344818115234375,-0.16079753637313843,-0.035261408671061645,0.14491164684295654,-0.17408305406570435,-0.0482627314173385,0.1956573724746704,-0.18478673696517944,-0.05907650782100404,0.1568271517753601,-0.1463850736618042,-0.012176472938875804,0.22950977087020874,-0.1631907820701599,-0.042956491246144424,0.275725781917572,-0.16886109113693237,-0.05436761049858774,0.3193795084953308,-0.16410338878631592,-0.060152394010941634,0.15711158514022827,-0.0887027382850647,-0.018018062471668372,0.19363123178482056,-0.11717814207077026,-0.060937521293084274,0.11975687742233276,-0.10651487112045288,-0.05409079535237993,0.10695677995681763,-0.08963245153427124,-0.035807264282624374,0.14970147609710693,-0.029968559741973877,-0.03051620280675138,0.17195868492126465,-0.04968839883804321,-0.0745817062102958,0.10181409120559692,-0.05019652843475342,-0.048903030588547836,0.09332287311553955,-0.03998512029647827,-0.01849866776100839,0.13630658388137817,0.02800285816192627,-0.046397929325024734,0.15374308824539185,0.003564774990081787,-0.07040048508278574,0.10560506582260132,-0.007993876934051514,-0.051839911624114166,0.09589862823486328,-0.0025836825370788574,-0.0310435493134662
0.0,0.0,0.0,-0.0005238056182861328,-0.08490920066833496,-0.022077222880767522,0.07008564472198486,-0.16160857677459717,-0.03025881905560368,0.14975613355636597,-0.16490858793258667,-0.03949986357693547,0.19954025745391846,-0.16904258728027344,-0.045938472789572415,0.16074955463409424,-0.1397566795349121,-0.007206875891284881,0.22440916299819946,-0.1474975347518921,-0.03976533893947476,0.27064692974090576,-0.15046298503875732,-0.05623339076046818,0.31468355655670166,-0.14312201738357544,-0.06637739722137326,0.16250455379486084,-0.07946056127548218,-0.01148101460640305,0.1923462152481079,-0.10930502414703369,-0.05213941965703839,0.11339014768600464,-0.09730905294418335,-0.044034927678154645,0.10482847690582275,-0.07969200611114502,-0.026088606160925565,0.15409016609191895,-0.02313065528869629,-0.022934753042505918,0.17654049396514893,-0.043533384799957275,-0.06744647358064526,0.10454481840133667,-0.046315670013427734,-0.04031540040378445,0.09646016359329224,-0.03163415193557739,-0.009759225477324662,0.14252811670303345,0.033714234828948975,-0.03735844005350941,0.15914559364318848,0.010206997394561768,-0.062160454285191236,0.10792315006256104,-0.0005693435668945312,-0.04304436181192273,0.09968602657318115,0.00895237922668457,-0.02250626828973168
0.0,0.0,0.0,0.005694448947906494,-0.08665639162063599,-0.026622873246381573,0.07722353935241699,-0.16101491451263428,-0.035948990359614186,0.1547664999961853,-0.16838306188583374,-0.04650035731465607,0.2061140537261963,-0.17741459608078003,-0.05386289440066605,0.16263139247894287,-0.1398371458053589,-0.010338957868228249,0.23432773351669312,-0.15173035860061646,-0.043627819493124775,0.27986645698547363,-0.15333157777786255,-0.05691201098234444,0.3251643776893616,-0.14695322513580322,-0.06389826767117768,0.1630987524986267,-0.08207917213439941,-0.014471243582377724,0.19390064477920532,-0.11420565843582153,-0.058320699706385426,0.12128514051437378,-0.10324335098266602,-0.05144827671320229,0.11508762836456299,-0.08668649196624756,-0.033392345979521565,0.1558433175086975,-0.0251234769821167,-0.026326200440237812,0.17541033029556274,-0.04881197214126587,-0.07212210677535325,0.1062498688697815,-0.04714113473892212,-0.045649486109326176,0.10250073671340942,-0.034533679485321045,-0.014792222976396374,0.14371198415756226,0.031297266483306885,-0.04194786630542069,0.1591368317604065,0.0048029422760009766,-0.06692096076876908,0.1107524037361145,-0.00427699089050293,-0.0481683336940506,0.10424137115478516,0.005460202693939209,-0.027254149764488034
0.0,0.0,0.0,0.010074734687805176,-0.08756887912750244,-0.026971362055775217,0.08551019430160522,-0.15215086936950684,-0.03516617369794517,0.16126728057861328,-0.15069764852523804,-0.04401137632274299,0.21247148513793945,-0.1521490216255188,-0.04976437193298011,0.17243719100952148,-0.12735486030578613,-0.0071427123523619684,0.24065274000167847,-0.12830322980880737,-0.03878189948343902,0.2855285406112671,-0.12433207035064697,-0.051010615648266366,0.33028876781463623,-0.1111862063407898,-0.056644141198631814,0.16858088970184326,-0.07080447673797607,-0.010661541008886388,0.20821183919906616,-0.09056311845779419,-0.051866955579754404,0.1325259804725647,-0.09107428789138794,-0.045422970773216775,0.12431681156158447,-0.08076345920562744,-0.027180054680940202,0.15949898958206177,-0.014940440654754639,-0.0219485978498426,0.18759334087371826,-0.02621084451675415,-0.06842506256842285,0.1161050796508789,-0.03463989496231079,-0.04533598151945739,0.11215299367904663,-0.029547691345214844,-0.01598233868324428,0.14650380611419678,0.04025578498840332,-0.03656242740296989,0.1700115203857422,0.0245477557182312,-0.06211376887702613,0.11873233318328857,0.011232554912567139,-0.043765022875305704,0.1082388162612915,0.01540464162826538,-0.022693581403729013
0.0,0.0,0.0,-0.000944674015045166,-0.08531266450881958,-0.025860550976346985,0.05334073305130005,-0.1754213571548462,-0.035385717800807015,0.12298738956451416,-0.204088032245636,-0.046557405195187584,0.17000871896743774,-0.2265998125076294,-0.05433197056407835,0.137698233127594,-0.1804026961326599,-0.01051297241355087,0.20536470413208008,-0.2169390320777893,-0.044245940796088234,0.24860799312591553,-0.23657047748565674,-0.05739576478953268,0.29254335165023804,-0.2472723126411438,-0.06370106076354887,0.14598029851913452,-0.1247248649597168,-0.014567828900169388,0.17156261205673218,-0.16491127014160156,-0.0564036529278269,0.10271906852722168,-0.1397302746772766,-0.04864028950686361,0.10036146640777588,-0.12467622756958008,-0.030276197171758668,0.14850515127182007,-0.06686824560165405,-0.02628984411711599,0.16448241472244263,-0.09819287061691284,-0.06927423661107923,0.09798800945281982,-0.07963407039642334,-0.04286018123383428,0.09925299882888794,-0.06541746854782104,-0.012639221898268715,0.14613407850265503,-0.007258892059326172,-0.0418627422070017,0.1580222249031067,-0.03845703601837158,-0.06411190067882444,0.11071425676345825,-0.035741329193115234,-0.044585750601243035,0.10724681615829468,-0.021619141101837158,-0.023380206129502312
0.0,0.0,0.0,-0.005290865898132324,-0.08604627847671509,-0.02932266144725304,0.046384453773498535,-0.16542154550552368,-0.040475539850916675,0.10698360204696655,-0.19511330127716064,-0.05114882810684662,0.15426605939865112,-0.2190037965774536,-0.05924229322644692,0.13492655754089355,-0.16933226585388184,-0.022228589269246868,0.20060127973556519,-0.20525097846984863,-0.053102672087874225,0.24225491285324097,-0.2190493941307068,-0.06608667968484383,0.28318822383880615,-0.2264443039894104,-0.07390320299836617,0.15494310855865479,-0.10992980003356934,-0.02410601823302727,0.14435029029846191,-0.14335840940475464,-0.06857673077556115,0.08236563205718994,-0.12285912036895752,-0.06800848244401436,0.07202309370040894,-0.10306394100189209,-0.055911041784014515,0.15452462434768677,-0.050340890884399414,-0.031974915402855686,0.12373703718185425,-0.07181292772293091,-0.07535750417682152,0.06561923027038574,-0.0593947172164917,-0.0575510412332676,0.06609421968460083,-0.047429561614990234,-0.03433474524589997,0.1437392234802246,0.007276952266693115,-0.04361704735728722,0.11357814073562622,-0.012523114681243896,-0.06983198224278908,0.068947434425354,-0.012145042419433594,-0.058938145625319294,0.06689399480819702,-0.0063637495040893555,-0.04348429663750153
0.0,0.0,0.0,0.0029631853103637695,-0.09004169702529907,-0.02682712702102208,0.0634506344795227,-0.16821295022964478,-0.03918349957115197,0.13437503576278687,-0.1884685754776001,-0.05281446343309426,0.18350189924240112,-0.21104782819747925,-0.06338215088493371,0.14628690481185913,-0.16193091869354248,-0.016962420474953888,0.21869170665740967,-0.1900709867477417,-0.05329212015516305,0.26396244764328003,-0.2023559808731079,-0.06716738855487847,0.31037068367004395,-0.20181769132614136,-0.07328613316661858,0.15157657861709595,-0.10119080543518066,-0.021392055135436294,0.1779695749282837,-0.13695991039276123,-0.06533339088804269,0.10441094636917114,-0.12404465675354004,-0.0570238589311316,0.10156625509262085,-0.10792362689971924,-0.03806718280560517,0.14916634559631348,-0.04244387149810791,-0.03324988326079392,0.16190403699874878,-0.07051354646682739,-0.07781015550739312,0.09386885166168213,-0.06471556425094604,-0.05001908754951501,0.0963597297668457,-0.050212204456329346,-0.018723698612518547,0.1417313814163208,0.015592336654663086,-0.048874510731764076,0.14785516262054443,-0.015743374824523926,-0.07065616017229104,0.10108637809753418,-0.01971912384033203,-0.04942211722976708,0.09978193044662476,-0.005620598793029785,-0.02704346021658921
0.0,0.0,0.0,-0.00098496675491333,-0.0902104377746582,-0.021745947923278663,0.06342560052871704,-0.16833484172821045,-0.028601940523600433,0.1333070993423462,-0.18495166301727295,-0.03651750626764283,0.180683434009552,-0.19468724727630615,-0.04369540679059014,0.1372649073600769,-0.1593611240386963,-0.014067158836638782,0.21692848205566406,-0.1754016876220703,-0.041187485482311104,0.2648997902870178,-0.17986464500427246,-0.053927143838023994,0.3101434111595154,-0.17557519674301147,-0.06190088557801232,0.14304500818252563,-0.09942084550857544,-0.019753990497207496,0.17449122667312622,-0.12975680828094482,-0.06310158016881928,0.1124759316444397,-0.12678873538970947,-0.06463624330959306,0.09083038568496704,-0.10857093334197998,-0.05340060013136849,0.13663184642791748,-0.04329633712768555,-0.030335329275345657,0.14993560314178467,-0.0743144154548645,-0.07074852081737504,0.09164106845855713,-0.07289904356002808,-0.05300644579133973,0.08150118589401245,-0.05566054582595825,-0.029916323523735855,0.12441158294677734,0.012323498725891113,-0.0436594167610167,0.127619206905365,-0.023792684078216553,-0.06600443067750916,0.08604741096496582,-0.02708733081817627,-0.051411693718051765,0.0799940824508667,-0.012354552745819092,-0.03429403695068345
0.0,0.0,0.0,-0.003842771053314209,-0.09035611152648926,-0.02589119767218051,0.058073222637176514,-0.17044860124588013,-0.032580902626804686,0.12721359729766846,-0.19078266620635986,-0.038883389731935836,0.17550212144851685,-0.20525199174880981,-0.042513867667011596,0.14110076427459717,-0.160919189453125,-0.01590722595720706,0.21466583013534546,-0.1894788146018982,-0.04307446425228534,0.2574261426925659,-0.19460320472717285,-0.054739454587988234,0.3005128502845764,-0.19391900300979614,-0.06307560001879153,0.1569409966468811,-0.10145902633666992,-0.018697054883531905,0.1565151810646057,-0.14714372158050537,-0.06272402947216449,0.10072284936904907,-0.1326877474784851,-0.06563493405847964,0.08931827545166016,-0.1113271713256836,-0.056805105706743575,0.15433728694915771,-0.04594600200653076,-0.027040460905126906,0.12668204307556152,-0.08225500583648682,-0.06731405650644717,0.074856698513031,-0.07263785600662231,-0.05224038829474864,0.07496768236160278,-0.05815565586090088,-0.032611762931637145,0.14148050546646118,0.007216751575469971,-0.039103092452577926,0.10522639751434326,-0.026130259037017822,-0.06351579522161899,0.06524169445037842,-0.02678394317626953,-0.05555012246041713,0.06591653823852539,-0.019317209720611572,-0.043587216934255935
0.0,0.0,0.0,-0.0035300850868225098,-0.09011352062225342,-0.02658583613799692,0.049868106842041016,-0.165368914604187,-0.03659706021414877,0.10930216312408447,-0.19339066743850708,-0.046027483593093166,0.15529102087020874,-0.2170218825340271,-0.052702577959166774,0.13731741905212402,-0.16602444648742676,-0.019258599902855167,0.196966290473938,-0.20188844203948975,-0.04802201519476057,0.2365131974220276,-0.2153029441833496,-0.06167118827568174,0.2748117446899414,-0.22230732440948486,-0.07119023258553625,0.1584034562110901,-0.10837829113006592,-0.021778175781832942,0.134102463722229,-0.15256625413894653,-0.06209585274325491,0.07882428169250488,-0.1304318904876709,-0.06248454208241583,0.07350808382034302,-0.1048668622970581,-0.05306077952252508,0.15520358085632324,-0.050699472427368164,-0.02993090281950117,0.10986173152923584,-0.0825989842414856,-0.0666248446212876,0.061100125312805176,-0.07062017917633057,-0.04945813695655943,0.06713521480560303,-0.0551067590713501,-0.0295697098480332,0.13912367820739746,0.0028194785118103027,-0.042189611296521434,0.09456789493560791,-0.023975253105163574,-0.06511695886717916,0.057870328426361084,-0.02412790060043335,-0.056383868853913555,0.06294047832489014,-0.016509056091308594,-0.044009210716353664
0.0,0.0,0.0,-0.008136451244354248,-0.08929544687271118,-0.025106735733075425,0.036007463932037354,-0.1703663468360901,-0.03670384010366945,0.09034788608551025,-0.20674443244934082,-0.04817810302667169,0.1340687870979309,-0.23526418209075928,-0.057611879166884705,0.12184453010559082,-0.1791861653327942,-0.019531736355943963,0.1751282811164856,-0.2233891487121582,-0.0473107548623517,0.21288549900054932,-0.24485230445861816,-0.060322229024691865,0.24744027853012085,-0.2568663954734802,-0.06925040131501703,0.14613378047943115,-0.12462306022644043,-0.02305797321788816,0.11739587783813477,-0.16925692558288574,-0.06216276830129175,0.06566822528839111,-0.14166110754013062,-0.06265474503926782,0.061055004596710205,-0.11513173580169678,-0.05345851576022653,0.14762920141220093,-0.06687259674072266,-0.03177379464797525,0.09805941581726074,-0.09880280494689941,-0.06759289300136118,0.05269932746887207,-0.07808893918991089,-0.05026567747883348,0.058934032917022705,-0.06054490804672241,-0.030312238466663644,0.13599556684494019,-0.011872172355651855,-0.044251505491061494,0.08727699518203735,-0.042330265045166016,-0.06600413864545374,0.05343681573867798,-0.03229331970214844,-0.055518061128182694,0.06039148569107056,-0.019129455089569092,-0.041895352509541794
0.0,0.0,0.0,-0.0025176405906677246,-0.08586961030960083,-0.02482361814209355,0.05078434944152832,-0.17027318477630615,-0.03629382422396077,0.11819714307785034,-0.19588208198547363,-0.04932261726089848,0.16706979274749756,-0.21228677034378052,-0.05998553058334721,0.13293766975402832,-0.17271113395690918,-0.012703687904561889,0.19831299781799316,-0.2027478814125061,-0.04478883093425168,0.24209392070770264,-0.21490764617919922,-0.058650624958957565,0.2851772904396057,-0.21783161163330078,-0.06622491127082242,0.13993102312088013,-0.1170547604560852,-0.017912461443032157,0.1698054075241089,-0.14707809686660767,-0.060901534764255416,0.10338282585144043,-0.12103080749511719,-0.05715194812246693,0.09475439786911011,-0.10625666379928589,-0.041928538141931426,0.1404813528060913,-0.05939704179763794,-0.029666748849834335,0.16001951694488525,-0.08350127935409546,-0.0734120989424838,0.09557831287384033,-0.06621909141540527,-0.049993903396810424,0.08993357419967651,-0.05500936508178711,-0.021691723747338187,0.13537031412124634,-0.0010954737663269043,-0.04475952035018338,0.15128809213638306,-0.028575599193572998,-0.0688664028627528,0.10464179515838623,-0.02623879909515381,-0.05081446936556233,0.09564214944839478,-0.017595350742340088,-0.030437289757813346
0.0,0.0,0.0,0.019783318042755127,-0.08205628395080566,-0.025343405476391467,0.09233522415161133,-0.13048458099365234,-0.037326768434226665,0.16205430030822754,-0.12396281957626343,-0.05074077883976713,0.21373707056045532,-0.11836844682693481,-0.06202017927783743,0.17070496082305908,-0.09684807062149048,-0.01689029524344221,0.248285174369812,-0.09085047245025635,-0.05017596895116583,0.296924889087677,-0.07877373695373535,-0.06474403703826681,0.34021830558776855,-0.05812644958496094,-0.07290127540248648,0.16339820623397827,-0.03746908903121948,-0.022492798438847217,0.1966901421546936,-0.05312436819076538,-0.06931937152761236,0.12802118062973022,-0.06507563591003418,-0.06646727437394873,0.11085963249206543,-0.05508512258529663,-0.051161911732137355,0.14613747596740723,0.017825007438659668,-0.03442304993289724,0.16324466466903687,0.0024344325065612793,-0.07911312991994635,0.10118210315704346,-0.017379939556121826,-0.05605762491244093,0.09325319528579712,-0.010681509971618652,-0.028112760207235965,0.12225276231765747,0.06932991743087769,-0.0498018380464913,0.1345958113670349,0.04952126741409302,-0.0741929006041886,0.09299308061599731,0.024919450283050537,-0.05735762084144369,0.08571314811706543,0.025582611560821533,-0.03794521877783552
0.0,0.0,0.0,0.009032666683197021,-0.09368479251861572,-0.02258426695199489,0.06728214025497437,-0.15603286027908325,-0.03253019600244045,0.12839728593826294,-0.17190802097320557,-0.0422237552616167,0.17559707164764404,-0.1830434799194336,-0.04992050676675319,0.1508081555366516,-0.14123636484146118,-0.022522445759491916,0.21667945384979248,-0.16749417781829834,-0.05228751524420261,0.2607082724571228,-0.17656952142715454,-0.06958138569326877,0.3008328080177307,-0.17888784408569336,-0.083075899622159,0.16831481456756592,-0.07625162601470947,-0.02606758474441051,0.13767635822296143,-0.1271902322769165,-0.06533916666241169,0.08371537923812866,-0.11516880989074707,-0.0672229789111185,0.07305288314819336,-0.08805263042449951,-0.06084116174908161,0.1573743224143982,-0.018824100494384766,-0.03426707907648563,0.09853088855743408,-0.06579345464706421,-0.06653835251064777,0.05726343393325806,-0.060998618602752686,-0.049924593410210605,0.060948073863983154,-0.0405387282371521,-0.03302913158269405,0.13200104236602783,0.027056336402893066,-0.04656231402488231,0.07375091314315796,-0.017052650451660156,-0.07031056656570911,0.04357898235321045,-0.01621723175048828,-0.06448321416111469,0.0503426194190979,-0.0005540847778320312,-0.05476490407319545
0.0,0.0,0.0,-0.006305575370788574,-0.07365453243255615,-0.027806277708322114,0.055470407009124756,-0.16676288843154907,-0.034546756507069176,0.1348767876625061,-0.18624049425125122,-0.03954743346682221,0.1828700304031372,-0.18795186281204224,-0.03945087766757638,0.14313948154449463,-0.1679612398147583,-0.014707552590579098,0.20703810453414917,-0.18913108110427856,-0.05489686629286439,0.2540680766105652,-0.19710826873779297,-0.07853792360535294,0.30015498399734497,-0.19994902610778809,-0.09320839992275864,0.15432697534561157,-0.10374295711517334,-0.013939785161227292,0.17577970027923584,-0.1223793625831604,-0.05547229325881631,0.10154062509536743,-0.09572267532348633,-0.047032059491783684,0.09807568788528442,-0.09265625476837158,-0.03062763376644284,0.15097278356552124,-0.04756122827529907,-0.021535101668149537,0.16493254899978638,-0.056403398513793945,-0.06983594349136979,0.09703975915908813,-0.045728445053100586,-0.04376956945768029,0.0948331356048584,-0.04410284757614136,-0.014374079504221982,0.14536654949188232,0.010656297206878662,-0.032051389427095955,0.15574675798416138,-0.0006609559059143066,-0.060019851983696526,0.10534894466400146,0.0010175704956054688,-0.040934377671391076,0.09833204746246338,0.002003014087677002,-0.020370371029883927
0.0,0.0,0.0,0.00439530611038208,-0.08463305234909058,-0.03931860653050023,0.059835612773895264,-0.17302244901657104,-0.04613008749969083,0.12748956680297852,-0.19941920042037964,-0.04868479100353795,0.17696571350097656,-0.20855998992919922,-0.04654913050420362,0.13389885425567627,-0.1908200979232788,-0.016403289784861386,0.20061272382736206,-0.21328872442245483,-0.04761854213960248,0.2418733835220337,-0.220645010471344,-0.06186747205741483,0.28786420822143555,-0.2261204719543457,-0.06928680864460546,0.14456671476364136,-0.12872207164764404,-0.012816891347242176,0.19200897216796875,-0.13793396949768066,-0.05171819803602773,0.12734615802764893,-0.11089366674423218,-0.04952112612612325,0.11474370956420898,-0.11089056730270386,-0.035886805777622044,0.14938509464263916,-0.07039636373519897,-0.017752746393156826,0.1851981282234192,-0.07059365510940552,-0.06168533888943273,0.12150424718856812,-0.05314439535140991,-0.04660557982809621,0.11444777250289917,-0.06332355737686157,-0.023978438501430333,0.14775234460830688,-0.01118171215057373,-0.026980195467544377,0.17425715923309326,-0.014271318912506104,-0.05248741087801534,0.1302114725112915,-0.008046746253967285,-0.0395342449594267,0.11548620462417603,-0.014153599739074707,-0.022993348811937153
0.0,0.0,0.0,-0.006024718284606934,-0.0740845799446106,-0.02578387092572143,0.05797421932220459,-0.1677573323249817,-0.032700937797841334,0.13984620571136475,-0.1876421570777893,-0.03887277152162483,0.18758022785186768,-0.1952241063117981,-0.04117252733331611,0.14554470777511597,-0.16539067029953003,-0.01485357954871347,0.21109884977340698,-0.18736755847930908,-0.053680971821364665,0.258686900138855,-0.19733738899230957,-0.07503514047485282,0.30464446544647217,-0.19874578714370728,-0.08759645428281715,0.1548473834991455,-0.10340827703475952,-0.015946878676828646,0.1833338737487793,-0.12579596042633057,-0.0572342393897145,0.10525280237197876,-0.10221594572067261,-0.04723288547020843,0.09836333990097046,-0.09456199407577515,-0.028560834562000537,0.15103578567504883,-0.04678446054458618,-0.025048731451448703,0.17106002569198608,-0.05800521373748779,-0.07367889638763359,0.10028314590454102,-0.048832595348358154,-0.047123205473241114,0.09519153833389282,-0.04340088367462158,-0.016470857521113658,0.14497798681259155,0.010967254638671875,-0.03683120440464904,0.15870630741119385,-0.003262162208557129,-0.06474573220830848,0.10737133026123047,-0.0026233792304992676,-0.04497846644144943,0.09964865446090698,0.0020265579223632812,-0.023615364541825556
0.0,0.0,0.0,-0.0053435564041137695,-0.07321596145629883,-0.025726430813563184,0.05940490961074829,-0.16735154390335083,-0.030631162921679334,0.14146804809570312,-0.18590795993804932,-0.034835274095428304,0.18816792964935303,-0.19289803504943848,-0.03502522664774688,0.1464846134185791,-0.16997051239013672,-0.013107361967456654,0.2160249948501587,-0.19336479902267456,-0.049257973904502705,0.2627714276313782,-0.20276319980621338,-0.06699729966629775,0.30933475494384766,-0.20518797636032104,-0.07684692251194747,0.15459340810775757,-0.10787463188171387,-0.01380966487039359,0.18170958757400513,-0.13585758209228516,-0.05348299327005179,0.10731524229049683,-0.11205166578292847,-0.04244113596786292,0.10312527418136597,-0.10320734977722168,-0.022969166512382344,0.15176427364349365,-0.05209463834762573,-0.022694743002546147,0.16911852359771729,-0.06657803058624268,-0.06975633161772521,0.09989875555038452,-0.05708795785903931,-0.04478067787994178,0.09706699848175049,-0.05111253261566162,-0.015378285894882993,0.14649146795272827,0.005100071430206299,-0.03445705654729636,0.15835100412368774,-0.011723935604095459,-0.06122586759437354,0.10781049728393555,-0.0108565092086792,-0.04319858061779769,0.10080194473266602,-0.00482940673828125,-0.023234612072599248
0.0,0.0,0.0,-0.0002859830856323242,-0.08613830804824829,-0.02759526682721969,0.05124086141586304,-0.15525513887405396,-0.04069873517083522,0.11086815595626831,-0.17843550443649292,-0.05353477051185962,0.15740811824798584,-0.20094692707061768,-0.06419405540155765,0.13951140642166138,-0.1606042981147766,-0.02407382627653476,0.2052413821220398,-0.1905164122581482,-0.0571281371049821,0.24959605932235718,-0.20344030857086182,-0.07346368780063983,0.29122722148895264,-0.20588058233261108,-0.08386932512449619,0.15917807817459106,-0.10036623477935791,-0.027124945201748574,0.14519160985946655,-0.13383883237838745,-0.06999548723625537,0.08520388603210449,-0.12161147594451904,-0.06994739373850223,0.0778992772102356,-0.10049086809158325,-0.05940030341672298,0.15545666217803955,-0.04168468713760376,-0.03576217790769931,0.11767637729644775,-0.06780999898910522,-0.0754629244439542,0.06285643577575684,-0.06459730863571167,-0.05625939195680019,0.06597864627838135,-0.05026525259017944,-0.03414726456331607,0.13949644565582275,0.012952089309692383,-0.04840461363720294,0.09869217872619629,-0.015480220317840576,-0.073072852694267,0.056988298892974854,-0.018302857875823975,-0.06137378712820407,0.059277474880218506,-0.007856488227844238,-0.04621311103629466
0.0,0.0,0.0,-0.004127204418182373,-0.08357423543930054,-0.02412407126820426,0.0539821982383728,-0.17409878969192505,-0.03178209279275279,0.1258387565612793,-0.20382744073867798,-0.040945669902328063,0.17325997352600098,-0.22257226705551147,-0.0477456769773994,0.13093441724777222,-0.18784630298614502,-0.009615645078781654,0.19954591989517212,-0.2216218113899231,-0.04044014428353648,0.24280774593353271,-0.23858755826950073,-0.05320497815108638,0.2866300940513611,-0.24709397554397583,-0.060175473136666824,0.1404893398284912,-0.1309354305267334,-0.013957505380574275,0.1721833348274231,-0.16637951135635376,-0.0561062863895927,0.10434818267822266,-0.13752210140228271,-0.05129985724187236,0.09565895795822144,-0.12070620059967041,-0.035128699881795455,0.14303964376449585,-0.07372289896011353,-0.02510192458129268,0.16385608911514282,-0.09810137748718262,-0.0684758334288631,0.09733468294143677,-0.07999426126480103,-0.04486307342148166,0.0911678671836853,-0.06914836168289185,-0.0165845624039207,0.14044785499572754,-0.016481757164001465,-0.03964212004638057,0.15453886985778809,-0.04160022735595703,-0.06362452943420749,0.1070355772972107,-0.03781783580780029,-0.04649531681633334,0.09956920146942139,-0.028816044330596924,-0.027097631512049247
0.0,0.0,0.0,-0.009203970432281494,-0.07830703258514404,-0.022399980331073266,0.05102139711380005,-0.1754503846168518,-0.026783758530626756,0.12812137603759766,-0.20654672384262085,-0.03263024030090378,0.1748945713043213,-0.2230568528175354,-0.03582092908979462,0.13102084398269653,-0.18347877264022827,-0.002853170026327234,0.1935005784034729,-0.21505993604660034,-0.032382303605089646,0.235315203666687,-0.23150229454040527,-0.04455461142421768,0.2784042954444885,-0.23782724142074585,-0.050977268943796616,0.14064544439315796,-0.12754106521606445,-0.006918330433080655,0.17237746715545654,-0.16465508937835693,-0.04661021170974777,0.10197150707244873,-0.13371258974075317,-0.040176013240824204,0.09602320194244385,-0.118091881275177,-0.022536558786640626,0.14290833473205566,-0.0714026689529419,-0.018271565193543893,0.16532838344573975,-0.09599989652633667,-0.06293113691569374,0.09822946786880493,-0.0773506760597229,-0.04035470424057053,0.09429657459259033,-0.06623953580856323,-0.012067865336547356,0.14237475395202637,-0.014987528324127197,-0.03247051102877663,0.1575230360031128,-0.04127234220504761,-0.057038886228809815,0.1088072657585144,-0.03561663627624512,-0.039748428145657044,0.10217773914337158,-0.024628877639770508,-0.02013115746737526
0.0,0.0,0.0,0.006809651851654053,-0.07809025049209595,-0.027507039751412776,0.04480254650115967,-0.1398864984512329,-0.043784975107314494,0.08853256702423096,-0.1540413498878479,-0.05761359169662228,0.1309417486190796,-0.14795219898223877,-0.06847846790731182,0.1345595121383667,-0.1318696141242981,-0.03548755034387341,0.17697608470916748,-0.14364296197891235,-0.06691468789756527,0.21121090650558472,-0.14202511310577393,-0.09012535497129193,0.24663656949996948,-0.13564521074295044,-0.10872281625449887,0.1577986478805542,-0.06360459327697754,-0.03550898566425076,0.09213501214981079,-0.08826011419296265,-0.06833691432655087,0.054110050201416016,-0.0917549729347229,-0.07123025789439907,0.05555754899978638,-0.08559197187423706,-0.06919468476951351,0.14494162797927856,-0.0018818974494934082,-0.04000802993357411,0.05908703804016113,-0.02722066640853882,-0.06269462689340344,0.03708738088607788,-0.03672736883163452,-0.04468521013438931,0.05052030086517334,-0.032752156257629395,-0.03043887674391499,0.11702579259872437,0.04715198278427124,-0.04969461917460194,0.04597407579421997,0.01999068260192871,-0.0723024262446188,0.03017723560333252,0.009890615940093994,-0.06815360769212475,0.04334384202957153,0.010583996772766113,-0.05983194991529217
0.0,0.0,0.0,-0.0026987195014953613,-0.0731579065322876,-0.03154689149144474,0.04925733804702759,-0.14553767442703247,-0.04761155397775951,0.11242222785949707,-0.16142159700393677,-0.06306828634026829,0.1594904065132141,-0.17422425746917725,-0.07572399155381504,0.13692700862884521,-0.1472148299217224,-0.026808389287026557,0.21005868911743164,-0.1716497540473938,-0.06301172898295704,0.2573856711387634,-0.17893534898757935,-0.07808129565003696,0.30394482612609863,-0.17636078596115112,-0.08624456898454014,0.14552319049835205,-0.08687156438827515,-0.029029608528645667,0.16350281238555908,-0.10496753454208374,-0.07528994307998005,0.09345465898513794,-0.09451955556869507,-0.06959749833825413,0.08620166778564453,-0.08516699075698853,-0.053086691360505256,0.14153343439102173,-0.02849048376083374,-0.038003911088736686,0.1411341428756714,-0.03679889440536499,-0.08345821575406376,0.07602399587631226,-0.037987351417541504,-0.058277030299933585,0.0740591287612915,-0.036611974239349365,-0.03006983623984638,0.12955373525619507,0.026871919631958008,-0.050925222049983176,0.12167835235595703,0.013166427612304688,-0.0787215985465366,0.07108741998672485,0.00661855936050415,-0.06207793281558338,0.06491965055465698,0.007320284843444824,-0.042480480681689414
0.0,0.0,0.0,0.0021879076957702637,-0.08139991760253906,-0.03324744245747979,0.05820667743682861,-0.15434670448303223,-0.04912329978088792,0.12460166215896606,-0.17397618293762207,-0.06466604909638818,0.17325681447982788,-0.18759280443191528,-0.0772220282886451,0.14360517263412476,-0.15602147579193115,-0.02406584611873086,0.21750760078430176,-0.18025147914886475,-0.059027617338699656,0.265175998210907,-0.18946921825408936,-0.07335353783111032,0.31201934814453125,-0.18816423416137695,-0.08123546234111245,0.15091270208358765,-0.0953935980796814,-0.02599136485497411,0.17239952087402344,-0.11411112546920776,-0.07385332277755197,0.10155242681503296,-0.10185110569000244,-0.07000693074206765,0.092690110206604,-0.09189808368682861,-0.05398070207576211,0.14726287126541138,-0.037416696548461914,-0.035073915037912684,0.14948111772537231,-0.04562574625015259,-0.0810103355977958,0.08553063869476318,-0.04338115453720093,-0.05783531955222543,0.0854371190071106,-0.04092317819595337,-0.0302562131617492,0.13683992624282837,0.018418550491333008,-0.04844921595196183,0.13318365812301636,0.0046844482421875,-0.07342488459090646,0.08736902475357056,-0.0009391307830810547,-0.057093800518316584,0.08509659767150879,0.00016939640045166016,-0.03818948707322534
0.0,0.0,0.0,0.0034723281860351562,-0.08740442991256714,-0.026186403245262113,0.0606309175491333,-0.14933902025222778,-0.0369570799028196,0.12154179811477661,-0.16222167015075684,-0.046838054791621175,0.16838300228118896,-0.17355579137802124,-0.054399272785119024,0.1464787721633911,-0.13756632804870605,-0.024997111768058744,0.21021658182144165,-0.15931731462478638,-0.056105228499106374,0.25396955013275146,-0.16377156972885132,-0.0738484732662954,0.29387569427490234,-0.16140419244766235,-0.08716027660720727,0.16359317302703857,-0.07324308156967163,-0.027948687211207357,0.13477224111557007,-0.11677402257919312,-0.06720284594648263,0.07767969369888306,-0.10996335744857788,-0.06830001844518563,0.06742554903030396,-0.08770519495010376,-0.06115574984305283,0.15104341506958008,-0.015499651432037354,-0.03612800164573571,0.09766989946365356,-0.05383288860321045,-0.0720607586061277,0.05102181434631348,-0.052698731422424316,-0.055023769274882284,0.052539706230163574,-0.03350937366485596,-0.03683801962488076,0.12353157997131348,0.03214365243911743,-0.04837611167185685,0.06905156373977661,-0.0069487690925598145,-0.07560216857545754,0.03352761268615723,-0.007181048393249512,-0.06856581790798089,0.03621095418930054,0.01055365800857544,-0.057156483069590536
0.0,0.0,0.0,-0.0030270814895629883,-0.09017980098724365,-0.02939142644159176,0.051390111446380615,-0.15795576572418213,-0.04158979825429299,0.11443287134170532,-0.17657536268234253,-0.05272939227275231,0.16116118431091309,-0.1972523331642151,-0.061258962226432345,0.13671976327896118,-0.1611669659614563,-0.025762701255601428,0.20415282249450684,-0.18838602304458618,-0.059032147598784945,0.24985766410827637,-0.19817155599594116,-0.07606854088358261,0.292901873588562,-0.19780218601226807,-0.08705560661606171,0.1557450294494629,-0.09842443466186523,-0.02683461069814541,0.14176619052886963,-0.12975925207138062,-0.06837497450165131,0.08343160152435303,-0.12289696931838989,-0.06775939263157227,0.07705825567245483,-0.10620874166488647,-0.057246601057570956,0.15044009685516357,-0.03880888223648071,-0.033778441918414615,0.11074483394622803,-0.06091064214706421,-0.0696889588957248,0.06213325262069702,-0.0639885663986206,-0.050925081444304965,0.06884223222732544,-0.054249107837677,-0.03026820145301201,0.1327233910560608,0.013720929622650146,-0.04517475686721184,0.08921849727630615,-0.011143803596496582,-0.06716087259106018,0.05381232500076294,-0.01866781711578369,-0.056990159524005435,0.060582101345062256,-0.012212812900543213,-0.043613167328160785
