0.0,0.0,0.0,-0.049601972103118896,-0.02414989471435547,-0.01664310598357588,-0.09296649694442749,-0.09289881587028503,-0.02774912582322031,-0.08316141366958618,-0.16243815422058105,-0.04087349677070051,-0.04318946599960327,-0.181016743183136,-0.0491600213347283,-0.08934110403060913,-0.16838794946670532,-0.005680178269585667,-0.09992796182632446,-0.22968789935112,-0.033581851959070264,-0.08387899398803711,-0.17950531840324402,-0.0468205762801972,-0.07531404495239258,-0.14806532859802246,-0.05025666111691862,-0.05562788248062134,-0.1800307035446167,-0.008205602854332028,-0.06169283390045166,-0.2398436963558197,-0.04093997085078627,-0.047883689403533936,-0.17895358800888062,-0.04854857826217085,-0.04413902759552002,-0.14526939392089844,-0.043942010938962994,-0.02124422788619995,-0.18306121230125427,-0.015128338686963616,-0.025821805000305176,-0.23544958233833313,-0.044184866338810025,-0.018905997276306152,-0.17094933986663818,-0.03877194875462919,-0.01862490177154541,-0.1258416771888733,-0.02411015050097376,0.01183617115020752,-0.18059960007667542,-0.02384605163319975,0.0054492950439453125,-0.24721279740333557,-0.036092690169653,0.0023189783096313477,-0.2900083065032959,-0.03430480787142187,-0.003089725971221924,-0.33359281718730927,-0.02836732284708887
0.0,0.0,0.0,-0.050558269023895264,-0.020876526832580566,-0.015859362076326988,-0.09574329853057861,-0.0875084400177002,-0.025806567038699768,-0.08453923463821411,-0.1547565460205078,-0.037143489684268616,-0.03933078050613403,-0.16394585371017456,-0.043347562070295,-0.08701682090759277,-0.17372626066207886,-0.007248607336833857,-0.09644961357116699,-0.22885209321975708,-0.032922955568238876,-0.08368998765945435,-0.172804057598114,-0.04391812008182683,-0.07621604204177856,-0.1450079083442688,-0.047348814423486374,-0.052905917167663574,-0.18671154975891113,-0.009655177000269077,-0.06008082628250122,-0.23882970213890076,-0.03927407261292615,-0.050353050231933594,-0.1745920479297638,-0.04262228902737775,-0.04579794406890869,-0.14776542782783508,-0.036569854582950256,-0.018617451190948486,-0.18844658136367798,-0.016497619788452766,-0.022355258464813232,-0.23305705189704895,-0.044130197133227966,-0.020011842250823975,-0.16615742444992065,-0.03668426569859662,-0.02000582218170166,-0.12525290250778198,-0.021903841163322113,0.01430809497833252,-0.18342557549476624,-0.025176558981939934,0.01203620433807373,-0.2483522891998291,-0.03862529468099751,0.008535504341125488,-0.28966841101646423,-0.037566958333655975,0.004334807395935059,-0.3346707373857498,-0.032534631307527206
0.0,0.0,0.0,-0.04879617691040039,-0.022425711154937744,-0.021712215742070384,-0.09044313430786133,-0.08806261420249939,-0.03476855916341037,-0.07948005199432373,-0.15144750475883484,-0.04854598653872699,-0.036277055740356445,-0.15956151485443115,-0.05655016762574405,-0.07641685009002686,-0.18182331323623657,-0.013166821686525054,-0.08300364017486572,-0.24242264032363892,-0.0422259309645483,-0.07507747411727905,-0.18453791737556458,-0.05347001192529888,-0.07076805830001831,-0.15443328022956848,-0.056059897070724674,-0.040466129779815674,-0.18874859809875488,-0.01397660014589519,-0.042210280895233154,-0.241013765335083,-0.04719356087406368,-0.038419365882873535,-0.17212986946105957,-0.05115817499716968,-0.03977304697036743,-0.14648741483688354,-0.04473359895308704,-0.004891574382781982,-0.1852761209011078,-0.02001605195363254,-0.003473341464996338,-0.22230812907218933,-0.0520976373310873,-0.0069792866706848145,-0.15633851289749146,-0.046525497114259906,-0.013447225093841553,-0.12073305249214172,-0.031916126733619876,0.028657734394073486,-0.17773744463920593,-0.028144618621070094,0.034496009349823,-0.24531811475753784,-0.044237163042623706,0.038552045822143555,-0.2874547243118286,-0.04415937898119182,0.04010218381881714,-0.33413921296596527,-0.03913883504827709
0.0,0.0,0.0,-0.03553551435470581,-0.05235028266906738,-0.025395425156403917,-0.04445725679397583,-0.1366819441318512,-0.03933523607318534,-0.004861354827880859,-0.17869460582733154,-0.05121918034618034,0.03870511054992676,-0.15702736377716064,-0.05676892039244308,-0.0057762861251831055,-0.21955853700637817,-0.02249896165793075,0.010775744915008545,-0.2653266191482544,-0.05033791822259559,-0.0023564696311950684,-0.20484063029289246,-0.06535167259042396,-0.009226083755493164,-0.17753472924232483,-0.07401864242618217,0.0333409309387207,-0.20586219429969788,-0.020169902712751764,0.047944843769073486,-0.24215951561927795,-0.05012291309301986,0.026209890842437744,-0.17620092630386353,-0.05428887170617713,0.016035497188568115,-0.15580901503562927,-0.05204138171737327,0.06594240665435791,-0.18199065327644348,-0.02305312094156875,0.07952094078063965,-0.20880943536758423,-0.04979649570648803,0.05335867404937744,-0.15986588597297668,-0.045529086262632745,0.03419065475463867,-0.13270100951194763,-0.036888856560636896,0.09400010108947754,-0.15346118807792664,-0.028597038359094995,0.135012686252594,-0.20231720805168152,-0.048619136334110635,0.1636297106742859,-0.23153263330459595,-0.05541612219874992,0.18887263536453247,-0.26841217279434204,-0.05756835278933181
0.0,0.0,0.0,-0.03899902105331421,-0.047885775566101074,-0.026380973362535087,-0.051923930644989014,-0.13202199339866638,-0.04119207007548198,-0.012980759143829346,-0.17558568716049194,-0.05425557909271106,0.030785799026489258,-0.1541818380355835,-0.061104219832628814,-0.018150806427001953,-0.21792364120483398,-0.021654917353004066,-0.0066037774085998535,-0.2637102007865906,-0.050663739868610946,-0.01487809419631958,-0.20181825757026672,-0.06530097542068347,-0.018864989280700684,-0.17228037118911743,-0.07218569187185153,0.021720945835113525,-0.20696982741355896,-0.019607093610972015,0.034474074840545654,-0.24586382508277893,-0.051670071163385956,0.017292261123657227,-0.17617148160934448,-0.05643964228889331,0.008391737937927246,-0.1510818898677826,-0.052624881693333236,0.05565863847732544,-0.18493545055389404,-0.022854218685239402,0.06898719072341919,-0.2107248306274414,-0.052291084506720154,0.047117412090301514,-0.15612629055976868,-0.04838550133368358,0.031134486198425293,-0.12736964225769043,-0.03756783572694644,0.08550673723220825,-0.1586829125881195,-0.028674381279557792,0.11914610862731934,-0.21416860818862915,-0.04629598227998599,0.14266377687454224,-0.24639534950256348,-0.04970550952216968,0.16384726762771606,-0.28559595346450806,-0.048566434958189575
0.0,0.0,0.0,-0.04071009159088135,-0.04958832263946533,-0.02583074784323003,-0.05775707960128784,-0.1373702585697174,-0.03951395890160825,-0.02066946029663086,-0.18361255526542664,-0.05173196485682752,0.023796260356903076,-0.15756630897521973,-0.05754927015348699,-0.02383100986480713,-0.22293788194656372,-0.01855676090761449,-0.016864001750946045,-0.2618497312068939,-0.046863397866928835,-0.0237465500831604,-0.19961276650428772,-0.06061114585443761,-0.0241202712059021,-0.17812639474868774,-0.06773687741204526,0.015293419361114502,-0.2133990228176117,-0.01702494202598359,0.023584604263305664,-0.24994391202926636,-0.04876497229977872,0.008631408214569092,-0.1786995828151703,-0.051180256814205904,0.00432133674621582,-0.15952226519584656,-0.04592453530474927,0.0487324595451355,-0.19166332483291626,-0.021155678019368906,0.06023746728897095,-0.21813178062438965,-0.05177882528349187,0.039673686027526855,-0.15839612483978271,-0.04537059581323888,0.026715099811553955,-0.12877976894378662,-0.03225248894139554,0.0790594220161438,-0.16631808876991272,-0.028010322064602633,0.1069648265838623,-0.22452285885810852,-0.046923442095959444,0.1250433325767517,-0.26020267605781555,-0.04988853102966573,0.14264869689941406,-0.3024180233478546,-0.04789620852514531
0.0,0.0,0.0,-0.0551944375038147,-0.015887200832366943,-0.01964021373632363,-0.10407179594039917,-0.07924991846084595,-0.03189767982902936,-0.09175395965576172,-0.14342224597930908,-0.04508066263142041,-0.041873931884765625,-0.15146991610527039,-0.05287030052485875,-0.09895670413970947,-0.1718301773071289,-0.010471933447746551,-0.11150401830673218,-0.2259681522846222,-0.035462983810333526,-0.09954345226287842,-0.17149388790130615,-0.04592335682454518,-0.09095722436904907,-0.14693701267242432,-0.04961077582183293,-0.06374883651733398,-0.1874963939189911,-0.011917615235773837,-0.07386696338653564,-0.24062278866767883,-0.04270537283363751,-0.06318330764770508,-0.17649033665657043,-0.04686809416952542,-0.05686241388320923,-0.14742013812065125,-0.04130912285390309,-0.027546823024749756,-0.19235390424728394,-0.017881114893583572,-0.0351443886756897,-0.2401668131351471,-0.0457297907406371,-0.03052765130996704,-0.17666947841644287,-0.03951270591559819,-0.02742856740951538,-0.13599565625190735,-0.02557227287533692,0.007211923599243164,-0.1908891201019287,-0.026118964814571655,0.0032356977462768555,-0.25800788402557373,-0.03917367469611577,-0.0014491081237792969,-0.3001481294631958,-0.039000649862913406,-0.006525754928588867,-0.3440501391887665,-0.03487017836513928
0.0,0.0,0.0,-0.0538402795791626,-0.016677439212799072,-0.020585917420561373,-0.1034921407699585,-0.07918131351470947,-0.032999054081614076,-0.09299677610397339,-0.1432800590991974,-0.04600514519947296,-0.04230797290802002,-0.15117263793945312,-0.05372095901506668,-0.1008608341217041,-0.17174294590950012,-0.010606851912910997,-0.11411625146865845,-0.22714799642562866,-0.03550764221685654,-0.10096859931945801,-0.17516079545021057,-0.04584518123405701,-0.09238654375076294,-0.14926734566688538,-0.04894241739052063,-0.06503409147262573,-0.1870518922805786,-0.011443027779336035,-0.07526934146881104,-0.24398308992385864,-0.04352836359279877,-0.062065064907073975,-0.18009158968925476,-0.04875626835959679,-0.05479395389556885,-0.1451578438282013,-0.04258288118975884,-0.028179287910461426,-0.19152367115020752,-0.01674685675638443,-0.035384297370910645,-0.23991039395332336,-0.045431409515316545,-0.029192209243774414,-0.17943471670150757,-0.041493967659647524,-0.026377439498901367,-0.13809359073638916,-0.02805946070688492,0.007345259189605713,-0.18964850902557373,-0.02416922386723286,-9.232759475708008e-05,-0.25639864802360535,-0.036776453740770876,-0.006115555763244629,-0.2991482615470886,-0.037103668339426576,-0.012886464595794678,-0.34257927536964417,-0.032974306978161394
0.0,0.0,0.0,-0.05550438165664673,-0.01314544677734375,-0.021805611417732962,-0.10771030187606812,-0.07452058792114258,-0.03518125878377987,-0.09520572423934937,-0.13932424783706665,-0.04896606223388744,-0.042669057846069336,-0.1485072672367096,-0.057367713169298895,-0.10602885484695435,-0.16754239797592163,-0.011960295007668265,-0.12027502059936523,-0.21695983409881592,-0.03788366259738041,-0.10261905193328857,-0.16384485363960266,-0.049511686877451666,-0.0908205509185791,-0.13903427124023438,-0.053746872560225256,-0.06977403163909912,-0.1849258840084076,-0.012418847509763964,-0.08167541027069092,-0.23811039328575134,-0.04490779058738781,-0.06443089246749878,-0.1750158965587616,-0.05023438201948238,-0.054838716983795166,-0.14136207103729248,-0.04453346224232746,-0.03251618146896362,-0.19088488817214966,-0.017526456133566626,-0.04170006513595581,-0.2397598922252655,-0.04568145887657238,-0.03198128938674927,-0.18078306317329407,-0.040604826972924,-0.026726603507995605,-0.1408059298992157,-0.027022262082539328,0.003424525260925293,-0.18986448645591736,-0.02506840506299568,-0.00691753625869751,-0.2537994086742401,-0.03791114406391216,-0.014493942260742188,-0.29565081000328064,-0.03820648880406452,-0.02315545082092285,-0.3398451954126358,-0.03429522083803249
0.0,0.0,0.0,-0.05433201789855957,-0.01415705680847168,-0.02458660419316061,-0.10639679431915283,-0.0724024772644043,-0.04015982638330229,-0.10066455602645874,-0.135697603225708,-0.05572936426133879,-0.052581608295440674,-0.14817002415657043,-0.06529541428417929,-0.10614657402038574,-0.1664520502090454,-0.015266812622854786,-0.12201166152954102,-0.21837323904037476,-0.04407654072375067,-0.10226064920425415,-0.16248321533203125,-0.05626663680405386,-0.09092968702316284,-0.13872545957565308,-0.06012616421313055,-0.07018166780471802,-0.18269315361976624,-0.015288588807294445,-0.0838882327079773,-0.23533868789672852,-0.050219611481139736,-0.06635445356369019,-0.17042142152786255,-0.05502858500213392,-0.058775901794433594,-0.13908043503761292,-0.048238561705062466,-0.03348982334136963,-0.1881224513053894,-0.020503900230238514,-0.045799970626831055,-0.23725762963294983,-0.050955889031598645,-0.033817172050476074,-0.1808260679244995,-0.04495878259868391,-0.027143537998199463,-0.14440074563026428,-0.02998189184100397,0.0020904541015625,-0.1879928708076477,-0.02833324226767786,-0.010135769844055176,-0.25424474477767944,-0.04192501793832548,-0.0180511474609375,-0.2973520755767822,-0.04160681109161146,-0.026670753955841064,-0.3422989845275879,-0.036790450319955426
0.0,0.0,0.0,-0.054491400718688965,-0.01370018720626831,-0.02084030769864853,-0.10926860570907593,-0.07462698221206665,-0.0328836832205468,-0.10350203514099121,-0.1383022665977478,-0.0455644670883828,-0.05436760187149048,-0.14731848239898682,-0.052847886459034044,-0.10754382610321045,-0.16814085841178894,-0.010504636914532739,-0.12218987941741943,-0.21877148747444153,-0.034624652938049394,-0.10197001695632935,-0.16460859775543213,-0.04512785188953217,-0.09172570705413818,-0.14031881093978882,-0.04881393723289307,-0.07257676124572754,-0.1850864589214325,-0.011339128018420297,-0.08547896146774292,-0.23835992813110352,-0.0420748088518792,-0.0662914514541626,-0.17541265487670898,-0.04714909382263954,-0.05869436264038086,-0.14245042204856873,-0.04137841798464592,-0.03559005260467529,-0.19157028198242188,-0.01653960719804104,-0.04595547914505005,-0.24183115363121033,-0.04331248439947899,-0.032573044300079346,-0.18284299969673157,-0.03756509907643135,-0.02651190757751465,-0.14224490523338318,-0.023542704061668474,0.000508725643157959,-0.19111356139183044,-0.024114329368870813,-0.011843740940093994,-0.2571178078651428,-0.03566383384267624,-0.019315659999847412,-0.2996595501899719,-0.034882256762188035,-0.028226137161254883,-0.3435957431793213,-0.030149079860251504
0.0,0.0,0.0,-0.05603480339050293,-0.008438527584075928,-0.023110595256525812,-0.11115503311157227,-0.06642913818359375,-0.03576621665104085,-0.10524636507034302,-0.12979888916015625,-0.04879532633765393,-0.057352662086486816,-0.14106643199920654,-0.055901000932294664,-0.1113768219947815,-0.16318023204803467,-0.011605772845882711,-0.12854701280593872,-0.2111700177192688,-0.03659655405624562,-0.10568463802337646,-0.15706411004066467,-0.04611393316133672,-0.09411686658859253,-0.13784125447273254,-0.04896731554015332,-0.07679831981658936,-0.18271678686141968,-0.011583247878093061,-0.09016871452331543,-0.23183906078338623,-0.04293169333084279,-0.06882661581039429,-0.1683443784713745,-0.04618823035104924,-0.061279892921447754,-0.1401820182800293,-0.0392252306495493,-0.0405346155166626,-0.19045943021774292,-0.016571202040154276,-0.05109357833862305,-0.2350592017173767,-0.04546344904645139,-0.035772740840911865,-0.17476484179496765,-0.03933839751823598,-0.029093027114868164,-0.13802319765090942,-0.0246271814261263,-0.00504988431930542,-0.19180139899253845,-0.024053607792097864,-0.016488611698150635,-0.256690114736557,-0.03699627397998029,-0.023839950561523438,-0.2971479892730713,-0.036504535660583315,-0.03330010175704956,-0.34044672548770905,-0.031753166303474245
0.0,0.0,0.0,-0.05459022521972656,-0.010738730430603027,-0.022953563778713715,-0.10833925008773804,-0.06458193063735962,-0.03614574432285167,-0.10527527332305908,-0.12464582920074463,-0.04949197307141162,-0.05830514430999756,-0.13967296481132507,-0.05676119536073543,-0.11003291606903076,-0.16300764679908752,-0.01319550856860019,-0.12873578071594238,-0.21046605706214905,-0.039860618709639084,-0.10885763168334961,-0.15600696206092834,-0.04993353545577861,-0.09795069694519043,-0.13463085889816284,-0.052835190146282685,-0.07563698291778564,-0.1803911030292511,-0.013020440413669121,-0.09014624357223511,-0.2273496389389038,-0.04426193371327258,-0.07208609580993652,-0.16347354650497437,-0.046224137245729935,-0.06595420837402344,-0.14055967330932617,-0.03890249267132617,-0.038752079010009766,-0.1866498589515686,-0.018005525170877945,-0.04959756135940552,-0.22815918922424316,-0.047291935830429566,-0.03826218843460083,-0.16663330793380737,-0.039264579712465775,-0.03308236598968506,-0.1325034201145172,-0.02368960663588382,-0.002682805061340332,-0.18707174062728882,-0.025519633143261444,-0.01263272762298584,-0.25112083554267883,-0.04061833158047534,-0.020525693893432617,-0.2917448878288269,-0.04030845820815898,-0.02939164638519287,-0.33636194467544556,-0.035319385527685654
0.0,0.0,0.0,-0.04785871505737305,-0.02696704864501953,-0.020565648197077735,-0.08938157558441162,-0.0942436158657074,-0.0338407592911949,-0.07273393869400024,-0.15501075983047485,-0.047879001690887435,-0.026988446712493896,-0.1580180525779724,-0.05644030366732977,-0.07984334230422974,-0.1874338984489441,-0.012779000780426486,-0.08628624677658081,-0.24097874760627747,-0.042907616688751204,-0.07160454988479614,-0.1843011975288391,-0.057484193338893874,-0.0647275447845459,-0.15291893482208252,-0.06295892839028738,-0.04342931509017944,-0.19954103231430054,-0.01407624092593096,-0.04445570707321167,-0.24726304411888123,-0.045054743631624206,-0.03409934043884277,-0.17996034026145935,-0.049579823954843505,-0.03476214408874512,-0.15393272042274475,-0.04502186049415968,-0.006479322910308838,-0.1988999843597412,-0.020700825943492873,-0.0035703182220458984,-0.23977619409561157,-0.048683187558197005,-0.0019872188568115234,-0.18381032347679138,-0.04326671977236174,-0.006770014762878418,-0.15181872248649597,-0.03089763094379805,0.028365790843963623,-0.1917300522327423,-0.029638257442854865,0.03282088041305542,-0.25933364033699036,-0.043635795458101256,0.03535580635070801,-0.29855409264564514,-0.043304874195598586,0.034160315990448,-0.3397403210401535,-0.039080085798048
0.0,0.0,0.0,-0.038383662700653076,-0.04561913013458252,-0.0298254827148412,-0.051184892654418945,-0.132080078125,-0.0457947796321605,-0.013065934181213379,-0.18180274963378906,-0.05955853891737206,0.03357338905334473,-0.1638723909854889,-0.06644901839263184,-0.029233098030090332,-0.2164195477962494,-0.021259600493976905,-0.014707326889038086,-0.26495882868766785,-0.051158106151888205,-0.017493367195129395,-0.20366108417510986,-0.06485860255725129,-0.019899308681488037,-0.1736777424812317,-0.07025809792048676,0.0120772123336792,-0.2115914523601532,-0.017430903587410285,0.029494941234588623,-0.2605736553668976,-0.05002909732229455,0.018444180488586426,-0.18789196014404297,-0.052739521685907675,0.012253165245056152,-0.16291168332099915,-0.04600905460483773,0.04784971475601196,-0.1937485933303833,-0.01942126845187886,0.0646929144859314,-0.2306392788887024,-0.04884903338916047,0.04872232675552368,-0.17334824800491333,-0.04217227381832345,0.03662538528442383,-0.1451258361339569,-0.028417760703632666,0.07849353551864624,-0.17088782787322998,-0.02442818154759152,0.10525649785995483,-0.22962185740470886,-0.04000022095806344,0.12323641777038574,-0.26375335454940796,-0.04058968854315026,0.1390482783317566,-0.3052939176559448,-0.036879657033750846
0.0,0.0,0.0,-0.053512513637542725,-0.022394239902496338,-0.019872707245070842,-0.1023300290107727,-0.09140884876251221,-0.03173262525828591,-0.0947532057762146,-0.15786200761795044,-0.04482213307650795,-0.04807162284851074,-0.16186577081680298,-0.052804752183277515,-0.08488517999649048,-0.18425282835960388,-0.007720307842959073,-0.09130591154098511,-0.2384990155696869,-0.03410093013675919,-0.08319675922393799,-0.17967966198921204,-0.0454924357357811,-0.07791155576705933,-0.1504487693309784,-0.0488115948859047,-0.050051212310791016,-0.19460883736610413,-0.008958665584344772,-0.057095229625701904,-0.25169000029563904,-0.0435625677231144,-0.04937857389450073,-0.18264690041542053,-0.04913926024468651,-0.044645071029663086,-0.14405876398086548,-0.041968419146854785,-0.015049874782562256,-0.194793701171875,-0.014932914567310718,-0.021963536739349365,-0.24137455224990845,-0.04562684048445931,-0.018729031085968018,-0.17408853769302368,-0.03947189722688904,-0.017023563385009766,-0.12761622667312622,-0.023327068355996516,0.019222021102905273,-0.18943309783935547,-0.023075277847368625,0.017218828201293945,-0.25784367322921753,-0.035927901906092075,0.014880359172821045,-0.3008735179901123,-0.03459434111150017,0.010501265525817871,-0.34614695608615875,-0.028742802259642986
0.0,0.0,0.0,-0.05562329292297363,-0.022072136402130127,-0.01873074785274298,-0.10416394472122192,-0.08809983730316162,-0.031138259325445006,-0.09852725267410278,-0.15334996581077576,-0.04521650016707213,-0.05280095338821411,-0.15742236375808716,-0.05401560232442648,-0.0928604006767273,-0.18293175101280212,-0.006820689294755766,-0.10551762580871582,-0.2398819923400879,-0.03352668077152998,-0.0925799012184143,-0.1824532151222229,-0.04457683056992323,-0.08320212364196777,-0.15231835842132568,-0.047170355323970625,-0.058210790157318115,-0.19261333346366882,-0.00871825624656708,-0.06956899166107178,-0.24824398756027222,-0.04318203345340521,-0.05708211660385132,-0.18028011918067932,-0.04853701532286436,-0.050455570220947266,-0.1418415606021881,-0.0414117904047373,-0.022313952445983887,-0.19361761212348938,-0.015341546725750277,-0.03480041027069092,-0.24294468760490417,-0.04545348078411848,-0.027443885803222656,-0.17699238657951355,-0.0394434103409651,-0.022631824016571045,-0.1311831772327423,-0.023685864512145827,0.012378811836242676,-0.1892860233783722,-0.02409062289100916,0.00594562292098999,-0.25670579075813293,-0.03656397700709135,0.0014301538467407227,-0.29966843128204346,-0.03587670565050871,-0.003990292549133301,-0.344222754240036,-0.03058469422560961
0.0,0.0,0.0,-0.03773963451385498,-0.04031729698181152,-0.02659309385387587,-0.056726813316345215,-0.1268773376941681,-0.041271963250324006,-0.02448594570159912,-0.18219229578971863,-0.05488250134555983,0.019215524196624756,-0.17148089408874512,-0.06244605137078452,-0.0407676100730896,-0.20437785983085632,-0.02023703707425284,-0.032270193099975586,-0.2635408639907837,-0.05269481344191718,-0.02575373649597168,-0.20023295283317566,-0.06873113019435095,-0.02750527858734131,-0.16440081596374512,-0.07446271283595252,-0.0028378963470458984,-0.2034147083759308,-0.018259224575444932,0.013907432556152344,-0.2557593286037445,-0.05446156216828513,0.010649383068084717,-0.1848023235797882,-0.06270334972111868,0.0010775327682495117,-0.15622133016586304,-0.05852101473180937,0.032165467739105225,-0.19043707847595215,-0.021455104556366678,0.05184262990951538,-0.22334760427474976,-0.0526114377197473,0.03831082582473755,-0.16224393248558044,-0.049335242342635865,0.02146381139755249,-0.1288105547428131,-0.036664974969312425,0.0634426474571228,-0.17230108380317688,-0.027173590939923997,0.0787767767906189,-0.23650497198104858,-0.04237702591387915,0.08869463205337524,-0.27747857570648193,-0.042508197110578294,0.09603559970855713,-0.32221969962120056,-0.037856248300954576
0.0,0.0,0.0,-0.04778259992599487,-0.03772389888763428,-0.021354180657340294,-0.07791131734848022,-0.1178862452507019,-0.03402193904764772,-0.05106306076049805,-0.1745893955230713,-0.04709313333876253,-0.004423677921295166,-0.16973763704299927,-0.05478856981642366,-0.0552101731300354,-0.20177102088928223,-0.012928449445439583,-0.054986417293548584,-0.25378286838531494,-0.040952811845613724,-0.05115950107574463,-0.19542941451072693,-0.05452749774701715,-0.04916048049926758,-0.16761445999145508,-0.059887948342634445,-0.017494618892669678,-0.20473957061767578,-0.013658323221875435,-0.012699127197265625,-0.2574918270111084,-0.045951004036737686,-0.015150845050811768,-0.18986204266548157,-0.05179195375092149,-0.0189092755317688,-0.16279944777488708,-0.047346121528221374,0.017435967922210693,-0.19498583674430847,-0.0192433641190064,0.025989949703216553,-0.23405832052230835,-0.04941802740938783,0.015364766120910645,-0.16975820064544678,-0.04500088364727617,0.0035225749015808105,-0.13352355360984802,-0.031910809584928757,0.0499190092086792,-0.1801891326904297,-0.026988613315893417,0.06271559000015259,-0.24738463759422302,-0.04248887569553972,0.07015073299407959,-0.2904108762741089,-0.04327442766077638,0.0746304988861084,-0.33830371499061584,-0.03948792711742044
0.0,0.0,0.0,-0.05303734540939331,-0.03312182426452637,-0.015586695840084985,-0.09254288673400879,-0.10224214196205139,-0.027096792330468134,-0.08358526229858398,-0.16440027952194214,-0.04100225793334289,-0.044835567474365234,-0.16428112983703613,-0.050107385238135294,-0.07098227739334106,-0.19520199298858643,-0.003858145998293594,-0.0781475305557251,-0.2481149137020111,-0.030691172202551797,-0.07359904050827026,-0.18981429934501648,-0.04270228671046539,-0.06704342365264893,-0.15736085176467896,-0.04594618382068916,-0.03672957420349121,-0.19764241576194763,-0.0073134272559229885,-0.043333232402801514,-0.24918067455291748,-0.042716942002499536,-0.03986990451812744,-0.18136605620384216,-0.04991121517630859,-0.034963786602020264,-0.14309829473495483,-0.04424327539416595,-0.0021990537643432617,-0.19246995449066162,-0.015163709615791277,-0.0083388090133667,-0.23793131113052368,-0.046780119856322244,-0.009979605674743652,-0.17036283016204834,-0.04149386214228912,-0.00901639461517334,-0.1238643229007721,-0.026050382500017122,0.03045576810836792,-0.18196353316307068,-0.02477208452435775,0.03473442792892456,-0.24934622645378113,-0.038518741001809076,0.03541719913482666,-0.2932218909263611,-0.03795149849864288,0.03555405139923096,-0.33978675305843353,-0.03253467308493896
0.0,0.0,0.0,-0.051550865173339844,-0.02938169240951538,-0.016037967796052044,-0.09421277046203613,-0.09975254535675049,-0.026753903175318783,-0.08850717544555664,-0.16210037469863892,-0.0393813632378226,-0.04845088720321655,-0.1677517294883728,-0.047104277456725185,-0.0748986005783081,-0.19299519062042236,-0.0043822133863216095,-0.08142745494842529,-0.2434435486793518,-0.02898753322156722,-0.07605493068695068,-0.186956524848938,-0.03925500511618907,-0.07036679983139038,-0.15657982230186462,-0.04149576350542361,-0.041961848735809326,-0.19643592834472656,-0.007125782123381441,-0.04895907640457153,-0.24955594539642334,-0.04019462391229922,-0.04393106698989868,-0.18331429362297058,-0.04575584157797152,-0.039008140563964844,-0.14363494515419006,-0.03893548324199969,-0.007974743843078613,-0.1915200650691986,-0.014106950531328266,-0.017423629760742188,-0.2347315549850464,-0.04393809735270793,-0.016663074493408203,-0.1672573685646057,-0.0381625860879069,-0.014244019985198975,-0.11984077095985413,-0.022499800468409603,0.02470111846923828,-0.18129652738571167,-0.02286788336428458,0.02470320463180542,-0.2486620843410492,-0.03554355054589564,0.024819552898406982,-0.2923123240470886,-0.03448553457351977,0.025012969970703125,-0.3374679982662201,-0.02884654029699618
0.0,0.0,0.0,-0.05276840925216675,-0.026449263095855713,-0.0163631743682231,-0.095431387424469,-0.09419164061546326,-0.027878942613085655,-0.08541285991668701,-0.15725770592689514,-0.04160157655604735,-0.04315584897994995,-0.1586986482143402,-0.05095082213409796,-0.07799375057220459,-0.18459847569465637,-0.0045087241498436015,-0.08570975065231323,-0.24120983481407166,-0.030046081815441994,-0.07725316286087036,-0.1884327530860901,-0.042010881651719956,-0.06888967752456665,-0.15491876006126404,-0.04514297162421599,-0.043178558349609375,-0.1891644299030304,-0.00729062891804233,-0.04849332571029663,-0.24493175745010376,-0.04173163389094725,-0.041195690631866455,-0.1819632649421692,-0.050334573437055496,-0.03550165891647339,-0.14000001549720764,-0.04547768895753279,-0.00816500186920166,-0.18663907051086426,-0.014224117335459141,-0.013378381729125977,-0.2329750657081604,-0.04392585222848311,-0.012769460678100586,-0.16808262467384338,-0.04083605920203581,-0.012102186679840088,-0.11967265605926514,-0.027084109087070374,0.025448918342590332,-0.1788293421268463,-0.022988472778877167,0.025223076343536377,-0.24478775262832642,-0.03522768308647528,0.02351480722427368,-0.2890673279762268,-0.035320945729097275,0.021519780158996582,-0.3346645087003708,-0.030689314652761368
0.0,0.0,0.0,-0.05240142345428467,-0.024161875247955322,-0.019206015761000117,-0.09680795669555664,-0.09835836291313171,-0.03024528212378641,-0.0870475172996521,-0.1646939218044281,-0.04240121542940756,-0.04214286804199219,-0.16394269466400146,-0.04919576122890135,-0.07590091228485107,-0.19190755486488342,-0.00739638357887884,-0.08416086435317993,-0.24905017018318176,-0.03381648510227819,-0.07688367366790771,-0.19273853302001953,-0.04429034739266058,-0.07002192735671997,-0.16219165921211243,-0.046365039790970286,-0.041610538959503174,-0.19593894481658936,-0.008225990827185115,-0.04670119285583496,-0.24784711003303528,-0.0414349645329537,-0.042230844497680664,-0.18062272667884827,-0.045855177934271296,-0.039509713649749756,-0.14634722471237183,-0.03873401730785986,-0.007220804691314697,-0.19089457392692566,-0.01393216978291889,-0.012210309505462646,-0.23398035764694214,-0.04415293633471151,-0.014400064945220947,-0.1668301522731781,-0.03802312388549467,-0.015764713287353516,-0.12362471222877502,-0.022591146077019175,0.025499582290649414,-0.1812325119972229,-0.02172177321742197,0.0263708233833313,-0.24763649702072144,-0.03522742390165945,0.02603292465209961,-0.29092592000961304,-0.0348986335052075,0.025961339473724365,-0.33784298598766327,-0.029865352804762324
0.0,0.0,0.0,-0.05303758382797241,-0.02752530574798584,-0.01865791689263574,-0.09604161977767944,-0.10507932305335999,-0.029749108214247144,-0.08359813690185547,-0.17021968960762024,-0.04197923812674276,-0.0389178991317749,-0.16581273078918457,-0.04914509478615514,-0.07338160276412964,-0.1959264874458313,-0.008618307035732187,-0.07920277118682861,-0.24992635846138,-0.03374727788971654,-0.07350069284439087,-0.18978255987167358,-0.04406964007424108,-0.06821656227111816,-0.159742534160614,-0.04683283690022222,-0.03852081298828125,-0.19908782839775085,-0.010026983652579702,-0.04296141862869263,-0.25353604555130005,-0.04206012908028356,-0.04022103548049927,-0.18577659130096436,-0.04623218971894971,-0.03831136226654053,-0.1505233645439148,-0.03924798566507093,-0.0035970211029052734,-0.19224488735198975,-0.015878548581468976,-0.008089661598205566,-0.23828208446502686,-0.04452049705790273,-0.01088857650756836,-0.17223387956619263,-0.03766338873313657,-0.01280367374420166,-0.1285676658153534,-0.02220386240290395,0.029824554920196533,-0.17999449372291565,-0.02382798280225984,0.030762970447540283,-0.24721759557724,-0.036143384609687246,0.031226277351379395,-0.29027843475341797,-0.03470766145395032,0.03196293115615845,-0.33655041456222534,-0.0291464922170519
0.0,0.0,0.0,-0.04295378923416138,-0.04335963726043701,-0.015756562849702505,-0.06899493932723999,-0.131523996591568,-0.025463738044919637,-0.05177730321884155,-0.19211971759796143,-0.03665643980187383,-0.009452283382415771,-0.17633137106895447,-0.04358368416708913,-0.026280701160430908,-0.21461346745491028,-0.005637055760445264,-0.022866666316986084,-0.2654258608818054,-0.031031750640096334,-0.031555771827697754,-0.21242529153823853,-0.04291469653529134,-0.035858094692230225,-0.18377795815467834,-0.04717669685763326,0.00722813606262207,-0.20664381980895996,-0.009400868354560998,0.011824727058410645,-0.2516496181488037,-0.04129402389210668,-0.0020599961280822754,-0.19355535507202148,-0.04808094402235952,-0.007356047630310059,-0.16468510031700134,-0.043929614624204305,0.03892838954925537,-0.1883450150489807,-0.017590817561568883,0.04244875907897949,-0.2196568250656128,-0.047733366986932424,0.022939980030059814,-0.16457396745681763,-0.04485501398724523,0.011490046977996826,-0.1300109624862671,-0.03279775430840459,0.0677114725112915,-0.16452711820602417,-0.027387580400528577,0.08331215381622314,-0.22815805673599243,-0.04111864840072599,0.09246927499771118,-0.2681034505367279,-0.04043671538514104,0.10311263799667358,-0.30980050563812256,-0.03576556642931905
0.0,0.0,0.0,-0.046890854835510254,-0.04432094097137451,-0.014300121408723498,-0.07548022270202637,-0.13342541456222534,-0.023043812666855956,-0.055931687355041504,-0.19252464175224304,-0.03342612222286334,-0.01574122905731201,-0.17448249459266663,-0.038815518324099685,-0.03755044937133789,-0.21503347158432007,-0.00563475484477749,-0.036105573177337646,-0.2676205039024353,-0.028600226570688392,-0.04232674837112427,-0.21132317185401917,-0.038695675735198165,-0.04088699817657471,-0.18322071433067322,-0.041800016020260955,-0.003102719783782959,-0.20837146043777466,-0.008665874083362723,-0.00013130903244018555,-0.2598268985748291,-0.03763613984438052,-0.012146294116973877,-0.1978360414505005,-0.0409364564761745,-0.014597892761230469,-0.16503864526748657,-0.03423477471324077,0.027975857257843018,-0.19226041436195374,-0.015751474951230193,0.02937108278274536,-0.22955378890037537,-0.04188910633774867,0.012033224105834961,-0.1711663007736206,-0.03637859732361903,0.0033813118934631348,-0.13113903999328613,-0.022647965182386542,0.056293487548828125,-0.17184504866600037,-0.02458879299911132,0.07006078958511353,-0.23732411861419678,-0.03598467767687907,0.07873249053955078,-0.27954399585723877,-0.03532599792333713,0.08909714221954346,-0.32126161456108093,-0.030896376301370765
0.0,0.0,0.0,-0.04716295003890991,-0.04243743419647217,-0.013237761140487692,-0.07749921083450317,-0.1291370391845703,-0.02249084393741896,-0.058498919010162354,-0.1937011480331421,-0.03359603489997198,-0.01583951711654663,-0.18212652206420898,-0.041461519703887006,-0.047585904598236084,-0.2037225365638733,-0.004854397189490101,-0.04789048433303833,-0.2537147104740143,-0.030770240158460638,-0.04615432024002075,-0.20303046703338623,-0.04674121718170454,-0.04704689979553223,-0.16574591398239136,-0.05376728232266714,-0.01315462589263916,-0.20668432116508484,-0.0088419381460767,-0.011914968490600586,-0.2542303502559662,-0.03884993474247267,-0.016043484210968018,-0.1926364004611969,-0.04873108844520857,-0.019292056560516357,-0.154353529214859,-0.04743932168247511,0.02157527208328247,-0.19707372784614563,-0.016616927266738912,0.023857533931732178,-0.23362493515014648,-0.0442805400049906,0.010921597480773926,-0.17381086945533752,-0.042920771793149015,0.0016588568687438965,-0.12909367680549622,-0.03272438030006697,0.05364030599594116,-0.1789032518863678,-0.02577416579487135,0.06632548570632935,-0.24472728371620178,-0.039326749548934004,0.07439345121383667,-0.2891412377357483,-0.03990232180120756,0.08212673664093018,-0.3324214220046997,-0.03663547317745497
0.0,0.0,0.0,-0.046342432498931885,-0.044528961181640625,-0.0184098308914713,-0.07169008255004883,-0.1363605260848999,-0.02856191750703374,-0.042910218238830566,-0.19220995903015137,-0.03920858670113603,-0.00039130449295043945,-0.1701488196849823,-0.04434115383861581,-0.03746539354324341,-0.21749383211135864,-0.011350468174498474,-0.03580588102340698,-0.2698808014392853,-0.035702630319576656,-0.0393410325050354,-0.20856526494026184,-0.04583322573540727,-0.03680253028869629,-0.1837344765663147,-0.0498086692774109,0.0002327561378479004,-0.211001455783844,-0.012952272222321426,0.0055255889892578125,-0.26343435049057007,-0.0435903551065735,-0.0057555437088012695,-0.194793701171875,-0.04595807511446992,-0.008980751037597656,-0.1663385033607483,-0.03902613688347856,0.03388845920562744,-0.19364634156227112,-0.01903151851234952,0.040880560874938965,-0.2348204255104065,-0.046800080128889476,0.023140132427215576,-0.17283174395561218,-0.03932445440528909,0.012351751327514648,-0.13568150997161865,-0.024583624117951786,0.0646560788154602,-0.17281049489974976,-0.027285843529682552,0.08291155099868774,-0.23824763298034668,-0.041227112897615825,0.09463071823120117,-0.28034508228302,-0.04126500282524148,0.1067664623260498,-0.3256809115409851,-0.037298432924728786
0.0,0.0,0.0,-0.05114370584487915,-0.03696519136428833,-0.018423716011483293,-0.08481162786483765,-0.12451580166816711,-0.028849365594822984,-0.06135404109954834,-0.19219055771827698,-0.04035358916505061,-0.017533957958221436,-0.178421288728714,-0.046762526440460306,-0.058649301528930664,-0.20663359761238098,-0.00725997000469647,-0.05855792760848999,-0.2683321535587311,-0.032880593496400934,-0.05654942989349365,-0.21113646030426025,-0.044395912843782526,-0.05396765470504761,-0.1786881387233734,-0.04816044162495814,-0.02211892604827881,-0.20644736289978027,-0.008412324297268015,-0.018835902214050293,-0.2628895044326782,-0.04001227434261523,-0.02181786298751831,-0.1977933943271637,-0.045470208334762674,-0.024024665355682373,-0.16447073221206665,-0.040285487133104425,0.012981832027435303,-0.19653552770614624,-0.014171064305145364,0.01702141761779785,-0.24430209398269653,-0.04236130456908427,0.005887925624847412,-0.18069115281105042,-0.03675007860644541,-0.0029855966567993164,-0.13791346549987793,-0.02300554740710936,0.045234620571136475,-0.18180885910987854,-0.02206827554388724,0.057022035121917725,-0.24789488315582275,-0.03525080944879733,0.0647246241569519,-0.2909297049045563,-0.03555220033510409,0.07182472944259644,-0.33656567335128784,-0.03165952901824198
0.0,0.0,0.0,-0.05042356252670288,-0.036376237869262695,-0.017718853990118077,-0.08531308174133301,-0.11988580226898193,-0.029141320476810506,-0.06449359655380249,-0.18360739946365356,-0.04177689980951982,-0.019587337970733643,-0.17399859428405762,-0.049683888072650007,-0.060235023498535156,-0.2066369354724884,-0.00934284888444381,-0.06028217077255249,-0.26035887002944946,-0.03478119578448968,-0.05783158540725708,-0.20203474164009094,-0.046375956947485975,-0.055316805839538574,-0.17099502682685852,-0.05021488350121217,-0.023581981658935547,-0.2064078152179718,-0.011330140384416154,-0.020727038383483887,-0.2608356475830078,-0.04348377567021089,-0.022792696952819824,-0.1953338384628296,-0.04942566585032182,-0.024418234825134277,-0.1597326695919037,-0.044057030791918805,0.01223975419998169,-0.19629627466201782,-0.01741280090300279,0.015679240226745605,-0.24088674783706665,-0.046030041391531995,0.006227731704711914,-0.17506682872772217,-0.040472642148415616,-0.0018322467803955078,-0.13031861186027527,-0.026093969682733587,0.04569190740585327,-0.18072471022605896,-0.025401449392120412,0.05390888452529907,-0.2486354112625122,-0.037835904026906064,0.059175729751586914,-0.29251325130462646,-0.03670674246041017,0.06358575820922852,-0.339138925075531,-0.0314871972450419
0.0,0.0,0.0,-0.049722373485565186,-0.0346187949180603,-0.01943532004094095,-0.08499652147293091,-0.11972671747207642,-0.03115283696985216,-0.06469851732254028,-0.18332767486572266,-0.04385016671454878,-0.020691752433776855,-0.17411839962005615,-0.051483636713385295,-0.058776915073394775,-0.2084955871105194,-0.010298605999707888,-0.06072646379470825,-0.26353564858436584,-0.03565476275122137,-0.056910574436187744,-0.20363953709602356,-0.04657917655146093,-0.05378478765487671,-0.17379465699195862,-0.05001795477306814,-0.021612167358398438,-0.20719531178474426,-0.011765335677921485,-0.020183801651000977,-0.26282745599746704,-0.04438352025186987,-0.021918535232543945,-0.19574403762817383,-0.049783682442068766,-0.024001240730285645,-0.16058582067489624,-0.04382920450603933,0.014359593391418457,-0.19538956880569458,-0.017546618348717402,0.01614832878112793,-0.24127745628356934,-0.046832801765560816,0.007128477096557617,-0.17440953850746155,-0.040747797108053874,-0.0009303689002990723,-0.13004601001739502,-0.025787832206844996,0.04755300283432007,-0.17875230312347412,-0.02539766020214529,0.05500519275665283,-0.24672970175743103,-0.03863945788776846,0.060213565826416016,-0.2906382977962494,-0.03775204530990095,0.06465893983840942,-0.3377344161272049,-0.03251144475376577
0.0,0.0,0.0,-0.05126643180847168,-0.03418529033660889,-0.02079794751261943,-0.08703416585922241,-0.12078827619552612,-0.03272076146458858,-0.06590688228607178,-0.18409985303878784,-0.04536212431048625,-0.020522117614746094,-0.1719026267528534,-0.052855050282232696,-0.05957436561584473,-0.20840293169021606,-0.01099846148645156,-0.06198883056640625,-0.2636569142341614,-0.03656295882319682,-0.05854332447052002,-0.20401057600975037,-0.04742429973339313,-0.05429285764694214,-0.1728459894657135,-0.050596123652212555,-0.02214181423187256,-0.2070414423942566,-0.011907807642273838,-0.021088063716888428,-0.2637150287628174,-0.04584462763523334,-0.023137152194976807,-0.19704729318618774,-0.05195462154006236,-0.023524463176727295,-0.15941467881202698,-0.045755041854135925,0.013687670230865479,-0.19544491171836853,-0.017291635365836555,0.015778541564941406,-0.2402225136756897,-0.047192586676828796,0.0055176615715026855,-0.17417848110198975,-0.04238305436228984,-0.0024695396423339844,-0.1290334165096283,-0.02782077165102237,0.046837449073791504,-0.17901521921157837,-0.024886293427698547,0.05444890260696411,-0.24644187092781067,-0.03785981060718768,0.05936819314956665,-0.2909110188484192,-0.03763314531897777,0.06429159641265869,-0.33823974430561066,-0.032835858033649856
0.0,0.0,0.0,-0.05157923698425293,-0.034330010414123535,-0.020285612945428966,-0.08700889348983765,-0.11992186307907104,-0.03185446098910916,-0.06745314598083496,-0.1843585968017578,-0.0441086171613847,-0.023115813732147217,-0.16964539885520935,-0.05177600965367901,-0.061505675315856934,-0.2080371379852295,-0.00913101532029259,-0.062282025814056396,-0.2618260383605957,-0.034079003189674495,-0.05987793207168579,-0.20780083537101746,-0.04549530432092297,-0.0568884015083313,-0.17403864860534668,-0.048603477929702876,-0.023190796375274658,-0.2072676718235016,-0.009873217944971202,-0.02097785472869873,-0.26130664348602295,-0.04315780386792767,-0.02247554063796997,-0.19510385394096375,-0.05062610194551098,-0.02295863628387451,-0.15282657742500305,-0.04488466218577969,0.01324838399887085,-0.19581031799316406,-0.01494098179506409,0.015091240406036377,-0.2354600429534912,-0.04499882743226635,0.0047983527183532715,-0.1709030568599701,-0.04270143717991459,-0.003275275230407715,-0.12407201528549194,-0.029197621201149104,0.046590447425842285,-0.1794360876083374,-0.021888465662470935,0.054638445377349854,-0.24736937880516052,-0.034486222122779964,0.059717535972595215,-0.29228270053863525,-0.03454980165230381,0.0643230676651001,-0.337771400809288,-0.02972820312248814
0.0,0.0,0.0,-0.04726982116699219,-0.03746920824050903,-0.018474570347819963,-0.08077281713485718,-0.1254977583885193,-0.02927828474238936,-0.06140494346618652,-0.19044363498687744,-0.04094459755614821,-0.016032695770263672,-0.17777398228645325,-0.04761646209553305,-0.054509103298187256,-0.2126094102859497,-0.008341123222265878,-0.05491209030151367,-0.2684401869773865,-0.031052595808063188,-0.055386364459991455,-0.21063923835754395,-0.04082441596582953,-0.054006218910217285,-0.1823502480983734,-0.04429232595757071,-0.01772075891494751,-0.2117014229297638,-0.009439820296023527,-0.01496666669845581,-0.26578840613365173,-0.03941883785918776,-0.020141899585723877,-0.20074060559272766,-0.04420136181906287,-0.023076653480529785,-0.16710811853408813,-0.03872364281014029,0.018007099628448486,-0.1998843252658844,-0.014636717609022298,0.021303176879882812,-0.24585160613059998,-0.04146215958789412,0.008299291133880615,-0.18021529912948608,-0.03547819597915236,-0.001979827880859375,-0.1349145770072937,-0.021588430612240472,0.05062919855117798,-0.1827307939529419,-0.021878194867525735,0.061889827251434326,-0.24959290027618408,-0.03397219522193495,0.0694839358329773,-0.29398810863494873,-0.03372761873797003,0.07586967945098877,-0.3412039130926132,-0.029609047680054346
0.0,0.0,0.0,-0.040799736976623535,-0.053185343742370605,-0.018657232820117997,-0.05296289920806885,-0.14713379740715027,-0.028320162742460298,-0.016815006732940674,-0.20106956362724304,-0.03881232365878873,0.023019373416900635,-0.17702588438987732,-0.04358085542830281,-0.01655900478363037,-0.21663886308670044,-0.007139662931734847,-0.0065190792083740234,-0.27216508984565735,-0.031644988059127854,-0.013506531715393066,-0.2131269872188568,-0.04243652820500188,-0.014923334121704102,-0.1861981451511383,-0.046231760828817414,0.02063930034637451,-0.2066536247730255,-0.008292223512256669,0.034881591796875,-0.2593686580657959,-0.03880234360607915,0.01947075128555298,-0.19638237357139587,-0.04302848428400807,0.011699497699737549,-0.16895270347595215,-0.037122431396568345,0.05363035202026367,-0.18684172630310059,-0.014073190464699792,0.06856459379196167,-0.228652685880661,-0.0412026971569901,0.04683274030685425,-0.1720765233039856,-0.034320726244772004,0.031065702438354492,-0.13846567273139954,-0.020021350308383035,0.08267533779144287,-0.16292044520378113,-0.022151421009624528,0.1096806526184082,-0.21997100114822388,-0.03429366573604398,0.12674909830093384,-0.25566378235816956,-0.033155634253347444,0.14263206720352173,-0.29579958319664,-0.028344950824106263
0.0,0.0,0.0,-0.04479259252548218,-0.04735475778579712,-0.01916979058484003,-0.06789827346801758,-0.1418801248073578,-0.030397171069182605,-0.038085341453552246,-0.2022237479686737,-0.04252075395385191,0.00510638952255249,-0.1785959005355835,-0.049250494603313655,-0.03590911626815796,-0.21914011240005493,-0.01121161776433155,-0.03214883804321289,-0.27701854705810547,-0.037329066459335536,-0.0340958833694458,-0.21344798803329468,-0.04876264176169798,-0.03371596336364746,-0.18361389636993408,-0.052692104045547694,0.0006374120712280273,-0.2117445468902588,-0.012750923548139781,0.008372664451599121,-0.26751846075057983,-0.04473000383774206,-0.00038498640060424805,-0.19872426986694336,-0.04955689973036215,-0.0053285956382751465,-0.16780832409858704,-0.04388215384284422,0.03485482931137085,-0.19456395506858826,-0.018596621144808978,0.04545450210571289,-0.24317869544029236,-0.04642602792779371,0.02916616201400757,-0.17895734310150146,-0.03915885082284376,0.01647895574569702,-0.13771513104438782,-0.02418927467266485,0.06523710489273071,-0.17307206988334656,-0.02672630726198122,0.08193981647491455,-0.24144449830055237,-0.03873835868040487,0.09289693832397461,-0.2855182886123657,-0.03728131196299955,0.10381573438644409,-0.330743744969368,-0.03209749973217413
0.0,0.0,0.0,-0.047637104988098145,-0.0424041748046875,-0.017569115397435553,-0.07258552312850952,-0.13213780522346497,-0.027207361546260245,-0.042961180210113525,-0.19000786542892456,-0.03814686463485373,0.00022399425506591797,-0.17110738158226013,-0.043977107864719756,-0.040682971477508545,-0.21283811330795288,-0.008336740557950861,-0.03818577527999878,-0.27249404788017273,-0.03375960142622603,-0.040126800537109375,-0.21491706371307373,-0.04436687381277693,-0.038451433181762695,-0.18265047669410706,-0.04716638104329718,-0.0038616061210632324,-0.20736989378929138,-0.010113927547735102,0.0020794272422790527,-0.2611059844493866,-0.0424516126633705,-0.0059639811515808105,-0.19481161236763,-0.04797047005305899,-0.0083656907081604,-0.16180124878883362,-0.04234947637925757,0.030491352081298828,-0.19251513481140137,-0.016355868440967924,0.03898346424102783,-0.23477685451507568,-0.04599471391449583,0.02123814821243286,-0.16969192028045654,-0.04128786550174368,0.008697271347045898,-0.12714335322380066,-0.027306929242712386,0.06175792217254639,-0.17426922917366028,-0.02455580421994341,0.07986122369766235,-0.24077117443084717,-0.03849509732137335,0.09072357416152954,-0.28493690490722656,-0.03924813122759474,0.10139429569244385,-0.33099114894866943,-0.03530324624190939
0.0,0.0,0.0,-0.038504719734191895,-0.05433422327041626,-0.02250983599196843,-0.04475003480911255,-0.15419092774391174,-0.03291424024473599,-0.006585061550140381,-0.2017202377319336,-0.04317178982864789,0.030551433563232422,-0.16554370522499084,-0.0473059270120757,0.005127310752868652,-0.2240906059741974,-0.013255848880817211,0.017065882682800293,-0.2733422815799713,-0.03786100480328969,0.0028528571128845215,-0.21307596564292908,-0.04720799658070973,-0.002137899398803711,-0.18807315826416016,-0.05042782831560544,0.04187518358230591,-0.20465892553329468,-0.012861744832207478,0.05650979280471802,-0.2472195029258728,-0.04380107704173497,0.0318644642829895,-0.18517133593559265,-0.04634939912330083,0.021069109439849854,-0.16195297241210938,-0.039710376743187226,0.07257211208343506,-0.17565420269966125,-0.017400967288722313,0.08801108598709106,-0.20782315731048584,-0.04718009415637425,0.05532371997833252,-0.14982417225837708,-0.04000752079855374,0.033569931983947754,-0.11639404296875,-0.025217820290436066,0.09818059206008911,-0.14385181665420532,-0.02439083005856446,0.13102346658706665,-0.1940823495388031,-0.04055988821755818,0.1540815830230713,-0.225552499294281,-0.04147322136532239,0.17825210094451904,-0.26328831911087036,-0.03764122012626103
0.0,0.0,0.0,-0.05535358190536499,-0.02124100923538208,-0.020065390283349416,-0.10317111015319824,-0.0870962142944336,-0.03256694670963611,-0.08631229400634766,-0.1554497480392456,-0.04592175480175342,-0.03776443004608154,-0.16157713532447815,-0.053526852989676854,-0.09709489345550537,-0.18073678016662598,-0.01047943137783136,-0.10709863901138306,-0.23638993501663208,-0.03931555967974987,-0.08968925476074219,-0.17683058977127075,-0.05301943119812336,-0.08187985420227051,-0.14665037393569946,-0.05798611115861263,-0.06004840135574341,-0.19599995017051697,-0.011779143253448865,-0.06713396310806274,-0.24808034300804138,-0.04293603148508396,-0.053376197814941406,-0.176917165517807,-0.04743957217979755,-0.05168318748474121,-0.1486031413078308,-0.04232681986141529,-0.02280515432357788,-0.19824054837226868,-0.018126501480224988,-0.025453627109527588,-0.24231985211372375,-0.046670616382840535,-0.0208357572555542,-0.17451989650726318,-0.03997441079664554,-0.023647606372833252,-0.13485386967658997,-0.025636787304762265,0.013461291790008545,-0.19375690817832947,-0.026734909752491376,0.010025441646575928,-0.264798641204834,-0.040963367337468526,0.006927669048309326,-0.30912084877491,-0.04050958972621288,0.000541985034942627,-0.3563168793916702,-0.03580252524662342
0.0,0.0,0.0,-0.053694188594818115,-0.05087763071060181,0.007205571567055813,-0.08658134937286377,-0.11774873733520508,0.004042570532647005,-0.10302037000656128,-0.16620281338691711,-0.005158033168527254,-0.09563404321670532,-0.2007148265838623,-0.008498308195385107,0.011466622352600098,-0.2181457281112671,0.009953465366152159,-0.05133479833602905,-0.25013071298599243,-0.00622675795352734,-0.06607747077941895,-0.19271034002304077,-0.012724029778155455,-0.054716527462005615,-0.1713767647743225,-0.015094283914777407,0.020164906978607178,-0.2095959186553955,-0.008889590336593756,-0.06147807836532593,-0.2318277359008789,-0.03158044437191165,-0.06654012203216553,-0.17100849747657776,-0.03127382690331615,-0.049973905086517334,-0.14924243092536926,-0.02636499511322654,0.015715479850769043,-0.19334673881530762,-0.03029089415690578,-0.06576818227767944,-0.2162577509880066,-0.05165464798233188,-0.06921970844268799,-0.15596002340316772,-0.04013914982101596,-0.047303855419158936,-0.12899193167686462,-0.02724898787460006,0.0016622543334960938,-0.17153087258338928,-0.05233383918425716,-0.029816627502441406,-0.24767839908599854,-0.06610720971843875,-0.04347187280654907,-0.2940298020839691,-0.06372570613643802,-0.04237842559814453,-0.3378313034772873,-0.05903074512502826
0.0,0.0,0.0,-0.05443781614303589,-0.05182093381881714,0.010693704963074424,-0.08428889513015747,-0.12073090672492981,0.011986869640992381,-0.09873354434967041,-0.17218974232673645,0.0051438401195866845,-0.09394127130508423,-0.21124926209449768,0.000597319353715875,0.007622241973876953,-0.21946173906326294,0.031578723594890334,-0.023392200469970703,-0.27626824378967285,0.0259147680107219,-0.033773183822631836,-0.3012247383594513,0.02204574111138413,-0.033770084381103516,-0.33268460631370544,0.01815012867783139,0.020431876182556152,-0.2167196273803711,0.010800003327773311,-0.055881619453430176,-0.24699363112449646,-0.009701334617687962,-0.06484425067901611,-0.1899854838848114,-0.01386085127259662,-0.04872864484786987,-0.1576543152332306,-0.01057874665374925,0.02077317237854004,-0.20716893672943115,-0.012445464476599,-0.05742502212524414,-0.23654159903526306,-0.035230986520303986,-0.06148451566696167,-0.17589938640594482,-0.027269365012301705,-0.03985917568206787,-0.14268887042999268,-0.015469207174731991,0.01132279634475708,-0.19116216897964478,-0.036235015585674546,-0.035871803760528564,-0.24518102407455444,-0.051289438947691224,-0.04575002193450928,-0.24387168884277344,-0.04583752874995639,-0.03644585609436035,-0.24344640970230103,-0.03749123190308978
0.0,0.0,0.0,-0.04976004362106323,-0.030828475952148438,-0.003771996806960942,-0.08448922634124756,-0.09495788812637329,-0.007960228465151431,-0.09816890954971313,-0.14663606882095337,-0.01661267618800366,-0.08534437417984009,-0.1776731014251709,-0.01986076238716805,-0.023937463760375977,-0.18987122178077698,0.015294097148228047,-0.05954867601394653,-0.2300010323524475,-0.008483744442116858,-0.06755882501602173,-0.1819419264793396,-0.02073974649573529,-0.062495648860931396,-0.15576502680778503,-0.02340676005150044,-0.007946133613586426,-0.19160574674606323,0.0059519459198895674,-0.05881911516189575,-0.23090213537216187,-0.02654665823246205,-0.059615373611450195,-0.16510272026062012,-0.03312496769393647,-0.047929465770721436,-0.13142290711402893,-0.026477757125746848,0.004654943943023682,-0.1884613335132599,-0.007581790659230592,-0.04482930898666382,-0.22473490238189697,-0.036387617915522696,-0.04632675647735596,-0.1585100293159485,-0.028509781911623122,-0.03259444236755371,-0.11728793382644653,-0.01115620809758866,0.011469900608062744,-0.17832717299461365,-0.0221850678619262,-0.0036191940307617188,-0.24656802415847778,-0.03508256676758492,-0.010444164276123047,-0.2871525287628174,-0.03154295983875954,-0.009351372718811035,-0.3269007205963135,-0.02282676029170716
0.0,0.0,0.0,-0.05521190166473389,-0.021493136882781982,-0.016605224992304102,-0.10389912128448486,-0.0831904411315918,-0.028214440281658426,-0.1000826358795166,-0.14961087703704834,-0.04155126639750506,-0.055519044399261475,-0.15861618518829346,-0.05071980931904818,-0.09750598669052124,-0.16941717267036438,-0.005947303093194023,-0.10809534788131714,-0.2297278344631195,-0.030589875365762964,-0.09915316104888916,-0.18861252069473267,-0.041743465299873606,-0.09071767330169678,-0.15780657529830933,-0.04482393019941355,-0.06396979093551636,-0.18390026688575745,-0.008685508343546644,-0.07345837354660034,-0.24657577276229858,-0.04055389070060755,-0.06240487098693848,-0.1876712143421173,-0.04720122792866732,-0.054179251194000244,-0.1484498381614685,-0.041914728070764795,-0.02854079008102417,-0.18855240941047668,-0.015482890951602712,-0.037510573863983154,-0.23922836780548096,-0.04387151875641848,-0.03196883201599121,-0.17408576607704163,-0.038818646754293695,-0.027237534523010254,-0.12491992115974426,-0.024279492507844225,0.006188809871673584,-0.1864919662475586,-0.024202254201441065,-0.0019330382347106934,-0.25485485792160034,-0.036629934395818964,-0.007284224033355713,-0.30035609006881714,-0.03603363835361506,-0.011881530284881592,-0.34453628957271576,-0.031153254742889658
0.0,0.0,0.0,-0.043771326541900635,-0.02960759401321411,-0.025979507460675677,-0.07700729370117188,-0.09739857912063599,-0.04153223124095007,-0.05781137943267822,-0.158250093460083,-0.05734675165959402,-0.0137861967086792,-0.16812673211097717,-0.06747038078256651,-0.0820203423500061,-0.18813404440879822,-0.011270739815614661,-0.07920485734939575,-0.2379191815853119,-0.04175035071321531,-0.06687861680984497,-0.1796034872531891,-0.057231714695177516,-0.06220591068267822,-0.1482575237751007,-0.06239324969001814,-0.04265868663787842,-0.19938534498214722,-0.010430157862089118,-0.035515785217285156,-0.24615967273712158,-0.04695493888803526,-0.027446985244750977,-0.17305231094360352,-0.05733262535878225,-0.02886122465133667,-0.13551414012908936,-0.05372835484095617,-0.004096627235412598,-0.19941318035125732,-0.015014515004537543,0.005503058433532715,-0.24058982729911804,-0.04774401125260397,0.005171060562133789,-0.17788007855415344,-0.04759757009097143,-0.002072751522064209,-0.13652530312538147,-0.03576033723302885,0.030802428722381592,-0.19153401255607605,-0.02190610927291914,0.03318142890930176,-0.25629106163978577,-0.03538103935071035,0.03241962194442749,-0.29693782329559326,-0.03576840248652502,0.02865612506866455,-0.33872783184051514,-0.0310476736421208
0.0,0.0,0.0,-0.041947782039642334,-0.03042227029800415,-0.0312982430839952,-0.0648120641708374,-0.09550482034683228,-0.05157975537423454,-0.03605931997299194,-0.152861088514328,-0.06954231170658431,0.003987789154052734,-0.17178398370742798,-0.08157785294298492,-0.07596564292907715,-0.18537327647209167,-0.02487512176577411,-0.0601576566696167,-0.24452969431877136,-0.05705117864255271,-0.04955965280532837,-0.1895977258682251,-0.07587439624313674,-0.050531983375549316,-0.1533261239528656,-0.08441542146448455,-0.0344620943069458,-0.19371533393859863,-0.02177637686673961,-0.02094447612762451,-0.2543625235557556,-0.054421865024607996,-0.012580573558807373,-0.19175434112548828,-0.06489794013742767,-0.01566159725189209,-0.16247496008872986,-0.06492888239864669,0.004064619541168213,-0.19031712412834167,-0.023845365845602373,0.01846158504486084,-0.24639356136322021,-0.050623104550879816,0.018110036849975586,-0.1991046667098999,-0.04956473840121589,0.009093523025512695,-0.16763374209403992,-0.041427534648221354,0.037024617195129395,-0.17862993478775024,-0.028835032709878305,0.04120725393295288,-0.249607115983963,-0.04267024306301437,0.0442734956741333,-0.29427388310432434,-0.04467981738690696,0.04330629110336304,-0.34018781781196594,-0.042967849054377893
0.0,0.0,0.0,-0.04118502140045166,-0.030519723892211914,-0.029963637815427546,-0.06373268365859985,-0.08855336904525757,-0.05020286247284389,-0.040137648582458496,-0.14271202683448792,-0.06892263993771053,-0.006999015808105469,-0.16912952065467834,-0.0816763798907516,-0.07216602563858032,-0.18369519710540771,-0.022484992744040255,-0.055129051208496094,-0.23771724104881287,-0.054834135921311145,-0.047385990619659424,-0.18292617797851562,-0.07228165224344707,-0.0489993691444397,-0.14837870001792908,-0.078955003173661,-0.033257365226745605,-0.19025754928588867,-0.020035420657706027,-0.017830491065979004,-0.24513030052185059,-0.0541776391878841,-0.011603236198425293,-0.1804799735546112,-0.06409894034416652,-0.01526033878326416,-0.15209320187568665,-0.06274622038156963,0.004291355609893799,-0.18760493397712708,-0.022744075508427386,0.020293712615966797,-0.2407754361629486,-0.05212880402953601,0.01949673891067505,-0.18412712216377258,-0.04911236941964603,0.010409057140350342,-0.14827847480773926,-0.037992839814734225,0.037431538105010986,-0.17651033401489258,-0.028222971709084277,0.04208594560623169,-0.24470815062522888,-0.04291054710895992,0.04540818929672241,-0.28723323345184326,-0.043206331433367495,0.04518657922744751,-0.3318369388580322,-0.039054923804116015
0.0,0.0,0.0,-0.04952538013458252,-0.038041889667510986,-0.00880373072391194,-0.08568841218948364,-0.10593670606613159,-0.015147339446002661,-0.09220170974731445,-0.1640833616256714,-0.025658449982756792,-0.06568342447280884,-0.18633690476417542,-0.032443544720763384,-0.05203443765640259,-0.18735003471374512,0.01149504735553819,-0.06414037942886353,-0.23235192894935608,-0.010424102549905001,-0.06450021266937256,-0.1905251145362854,-0.02103136003529471,-0.05983656644821167,-0.16590312123298645,-0.02394101851200503,-0.027304530143737793,-0.19033750891685486,0.005443266233896793,-0.04221069812774658,-0.24173691868782043,-0.026920757149810015,-0.04287213087081909,-0.18055832386016846,-0.035138702844733416,-0.037992238998413086,-0.14042609930038452,-0.030044068475717722,-0.0007826089859008789,-0.18723392486572266,-0.004750299160832583,-0.020599544048309326,-0.23800647258758545,-0.03516117752110404,-0.02474266290664673,-0.1753210425376892,-0.031051843320483385,-0.02105504274368286,-0.12775695323944092,-0.01590315148746413,0.024646639823913574,-0.17811694741249084,-0.016171933045143305,0.021130383014678955,-0.24357634782791138,-0.030244265576357066,0.018289923667907715,-0.286010205745697,-0.030319376741999804,0.01719135046005249,-0.32718414068222046,-0.02492831171070975
0.0,0.0,0.0,-0.0522727370262146,-0.030749082565307617,-0.014788476597374256,-0.09328120946884155,-0.11243641376495361,-0.02311297397673684,-0.08067291975021362,-0.17970415949821472,-0.03350377160668927,-0.03769594430923462,-0.1686282455921173,-0.03904740962744313,-0.06818580627441406,-0.19664210081100464,-0.001469414411900516,-0.0738336443901062,-0.2521735429763794,-0.026176300678258713,-0.06892985105514526,-0.19521397352218628,-0.03662083003283101,-0.06336134672164917,-0.1642380654811859,-0.03911696824789601,-0.03442603349685669,-0.20060494542121887,-0.004106941480046089,-0.038662493228912354,-0.25377121567726135,-0.03472674343348103,-0.03645807504653931,-0.18504664301872253,-0.03829995248079854,-0.03386044502258301,-0.1502915322780609,-0.030731462720638092,-0.0008487701416015625,-0.19511041045188904,-0.011273075673585709,-0.005329489707946777,-0.24145179986953735,-0.038704805854564484,-0.008599042892456055,-0.17644378542900085,-0.031401556763654526,-0.00933539867401123,-0.13362577557563782,-0.015621177699273403,0.03137105703353882,-0.18388140201568604,-0.020344800162916954,0.03576773405075073,-0.2500748336315155,-0.03129587772846776,0.03760915994644165,-0.2923162579536438,-0.029230286214357193,0.039497971534729004,-0.33776363730430603,-0.02334430146575528
0.0,0.0,0.0,-0.047858357429504395,-0.028036117553710938,-0.02435826320339629,-0.08767837285995483,-0.09526503086090088,-0.03896688107539603,-0.07110381126403809,-0.1605430543422699,-0.05355710346390197,-0.02426135540008545,-0.17199772596359253,-0.062115495988621205,-0.08245247602462769,-0.18561092019081116,-0.013763415591313333,-0.08689099550247192,-0.24206364154815674,-0.04337393302608916,-0.07419782876968384,-0.18266022205352783,-0.05752080489088485,-0.0680396556854248,-0.15457552671432495,-0.0628440621881623,-0.04325985908508301,-0.19633150100708008,-0.013081787118210286,-0.04405474662780762,-0.2499132752418518,-0.04545332674075553,-0.03839385509490967,-0.18234646320343018,-0.05152918581057975,-0.038149237632751465,-0.15610867738723755,-0.04755544472624251,-0.005872666835784912,-0.1956559121608734,-0.017730131709470243,-0.0014806389808654785,-0.24058353900909424,-0.04695176143337676,-0.007309973239898682,-0.1796109676361084,-0.042645061352743596,-0.015555143356323242,-0.14359623193740845,-0.030210191348089666,0.028217971324920654,-0.18843090534210205,-0.02485681880403945,0.02989870309829712,-0.25567466020584106,-0.03847322050620505,0.028775155544281006,-0.2978217601776123,-0.03854957405616233,0.026256799697875977,-0.34129583835601807,-0.034473856875195
0.0,0.0,0.0,-0.05049121379852295,-0.03659290075302124,-0.001007997507088021,-0.08202672004699707,-0.10910221934318542,-0.0010894401528389608,-0.08961057662963867,-0.16318869590759277,-0.006172689336210624,-0.0760919451713562,-0.19379034638404846,-0.0063326095294655715,-0.03128385543823242,-0.19346284866333008,0.01644803936886774,-0.05689483880996704,-0.2382270097732544,-0.006838056451499597,-0.06224924325942993,-0.18851390480995178,-0.01759526152801527,-0.05557405948638916,-0.15771588683128357,-0.019664272858619825,-0.009395778179168701,-0.19276246428489685,0.006524797802001103,-0.04851949214935303,-0.24095439910888672,-0.02564657871317877,-0.049923598766326904,-0.1735277771949768,-0.030980825616836682,-0.04080057144165039,-0.1366942822933197,-0.023776401026964322,0.010956764221191406,-0.18434271216392517,-0.007570701378256217,-0.0309293270111084,-0.2284635305404663,-0.03737522494685663,-0.03198367357254028,-0.16231948137283325,-0.02968274262440218,-0.020747125148773193,-0.11883321404457092,-0.012809633469998971,0.02637350559234619,-0.17194247245788574,-0.022528659744978086,0.012053608894348145,-0.23860687017440796,-0.04142657872927202,0.007059037685394287,-0.28167152404785156,-0.0427086113084556,0.0078015923500061035,-0.32419830560684204,-0.03739078920972361
0.0,0.0,0.0,-0.05481982231140137,-0.03864490985870361,0.0003323542402426938,-0.08921349048614502,-0.11648964881896973,-0.0005288774921723416,-0.09609299898147583,-0.1717931032180786,-0.006140082558260929,-0.07522636651992798,-0.1909179985523224,-0.005812545256333124,-0.023168444633483887,-0.20714426040649414,0.01501344242541336,-0.06019115447998047,-0.24583986401557922,-0.009415050917880308,-0.0635673999786377,-0.19110530614852905,-0.02225742484034754,-0.05313354730606079,-0.16417467594146729,-0.027302762442843687,0.0002557039260864258,-0.202528178691864,0.0032230781432076583,-0.0510520339012146,-0.24731510877609253,-0.02886968473495699,-0.05160874128341675,-0.17592018842697144,-0.032055612602846395,-0.03897428512573242,-0.14403146505355835,-0.02475737402738787,0.01635986566543579,-0.19040897488594055,-0.012962731482105028,-0.03624403476715088,-0.23110610246658325,-0.040853224644081365,-0.040189266204833984,-0.16411280632019043,-0.02953361714781977,-0.026996254920959473,-0.12230229377746582,-0.011929323846118223,0.023828744888305664,-0.1749173402786255,-0.03046546685101248,0.008343994617462158,-0.24280208349227905,-0.04998773703874804,0.0031739473342895508,-0.2870069146156311,-0.051896758326904546,0.005756199359893799,-0.33031684160232544,-0.0478656440466807
0.0,0.0,0.0,-0.051500678062438965,-0.03481525182723999,-0.004598393194157779,-0.08492386341094971,-0.10501739382743835,-0.008343033116091192,-0.09400421380996704,-0.15980425477027893,-0.016598729040254057,-0.08010274171829224,-0.19221007823944092,-0.019306026022661626,-0.025327444076538086,-0.1944308876991272,0.011963361319374144,-0.05784189701080322,-0.23704802989959717,-0.014042513999868333,-0.06251353025436401,-0.18824344873428345,-0.026745859157074392,-0.05579185485839844,-0.1576070785522461,-0.029645558070171774,-0.004850149154663086,-0.19348624348640442,0.003149855327080786,-0.049695730209350586,-0.23863235116004944,-0.030224300544489324,-0.049503207206726074,-0.17065665125846863,-0.035165313254822195,-0.038495659828186035,-0.13541129231452942,-0.02780981137954086,0.01204150915145874,-0.1852886974811554,-0.010287076789666116,-0.031907856464385986,-0.22606462240219116,-0.04072309247754902,-0.03324240446090698,-0.1594024896621704,-0.03191309012078136,-0.02126026153564453,-0.11586028337478638,-0.0142491344323048,0.023237943649291992,-0.17278972268104553,-0.024970333646763265,0.009792864322662354,-0.24002936482429504,-0.042680143933523595,0.00487905740737915,-0.2820073366165161,-0.04239057711862415,0.005499303340911865,-0.3233596086502075,-0.035950149964321554
0.0,0.0,0.0,-0.04530739784240723,-0.029182255268096924,-0.025100346894049608,-0.08175337314605713,-0.10976821184158325,-0.03901112848618027,-0.0596163272857666,-0.17638835310935974,-0.05257057422497269,-0.01396089792251587,-0.17459672689437866,-0.05959000834920403,-0.07598036527633667,-0.19299370050430298,-0.015904050559782945,-0.07726866006851196,-0.2509727478027344,-0.042991597444796525,-0.0681004524230957,-0.18907609581947327,-0.05404592701890465,-0.06570827960968018,-0.16644692420959473,-0.05876888731219765,-0.038121044635772705,-0.20098835229873657,-0.014782314428174459,-0.03626817464828491,-0.25433042645454407,-0.04362860345938202,-0.03383427858352661,-0.18368685245513916,-0.044566694886469804,-0.03746354579925537,-0.17147532105445862,-0.038498517365241014,-0.0011901259422302246,-0.19648444652557373,-0.019060883910441362,0.00621950626373291,-0.2467443346977234,-0.04520754540064331,-0.000569760799407959,-0.18164265155792236,-0.035132449359679185,-0.010338425636291504,-0.1498517394065857,-0.020616358385467493,0.03300434350967407,-0.18708765506744385,-0.026394583524250947,0.036030590534210205,-0.2546016573905945,-0.040192291379952394,0.03558450937271118,-0.2970850467681885,-0.03928772756555077,0.03429281711578369,-0.3442612886428833,-0.035218868644022905
0.0,0.0,0.0,-0.043751657009124756,-0.038973331451416016,-0.027329622307291856,-0.07000565528869629,-0.11119657754898071,-0.04430963891135775,-0.044792771339416504,-0.17058664560317993,-0.060765456879011026,-0.0010036230087280273,-0.18519383668899536,-0.07072866010057055,-0.06941103935241699,-0.1987610161304474,-0.015213358686736456,-0.06365233659744263,-0.25772780179977417,-0.04801415699111544,-0.05634021759033203,-0.1980673372745514,-0.06493230211125933,-0.05404621362686157,-0.16388863325119019,-0.07101539569484316,-0.028561413288116455,-0.2033374011516571,-0.014035695703199735,-0.020952284336090088,-0.26098716259002686,-0.049123824113479486,-0.018918395042419434,-0.19458681344985962,-0.05830582650887095,-0.019806385040283203,-0.1666557788848877,-0.05564467656003558,0.010231375694274902,-0.19655203819274902,-0.018584263050428262,0.02083033323287964,-0.24451476335525513,-0.049257040494552484,0.012600541114807129,-0.18631121516227722,-0.046666093641391626,0.0028066039085388184,-0.15178555250167847,-0.03497766005384051,0.04449915885925293,-0.18339574337005615,-0.02588569419967257,0.04989027976989746,-0.25228041410446167,-0.04045701073991381,0.05064517259597778,-0.29764366149902344,-0.041480359160772196,0.04992103576660156,-0.3450882136821747,-0.03785793902861201
0.0,0.0,0.0,-0.040139198303222656,-0.037866950035095215,-0.028956161416942905,-0.05999869108200073,-0.10641837120056152,-0.048682314880068134,-0.030918598175048828,-0.16115108132362366,-0.06745182124512894,0.012710750102996826,-0.1772802174091339,-0.08044962731736405,-0.06038385629653931,-0.19728967547416687,-0.02001909685867531,-0.051651597023010254,-0.2553059160709381,-0.05379607675212128,-0.04155433177947998,-0.19862860441207886,-0.07338217792647583,-0.03894495964050293,-0.1585082709789276,-0.08107493964570267,-0.020421206951141357,-0.20280125737190247,-0.01853102778630955,-0.004991114139556885,-0.2623203992843628,-0.05316377950447304,0.0017854571342468262,-0.19843998551368713,-0.0659679338111232,-0.0005391836166381836,-0.16546890139579773,-0.06624054310458405,0.016833245754241943,-0.19647571444511414,-0.02215061110990746,0.034910380840301514,-0.24829107522964478,-0.05100932119029267,0.03261566162109375,-0.1969936192035675,-0.05111028400796158,0.022255897521972656,-0.16501468420028687,-0.042414145149166416,0.04875749349594116,-0.18205922842025757,-0.02843901848035557,0.056227147579193115,-0.24973252415657043,-0.04128069204824669,0.06041300296783447,-0.29181915521621704,-0.041286205477888416,0.06004375219345093,-0.33598700165748596,-0.037645825721199344
0.0,0.0,0.0,-0.04029357433319092,-0.039763569831848145,-0.027448726053734163,-0.05948680639266968,-0.11117255687713623,-0.045238024722237924,-0.02509140968322754,-0.16117453575134277,-0.06190003005733047,0.017467379570007324,-0.16966044902801514,-0.07235259486307655,-0.061183273792266846,-0.20005589723587036,-0.0187365907983974,-0.04204350709915161,-0.2536073923110962,-0.04945611877312217,-0.03769177198410034,-0.1917596459388733,-0.06675194872488532,-0.04004567861557007,-0.15617460012435913,-0.07400225026478324,-0.019356846809387207,-0.2017521858215332,-0.016884458418388704,-0.0008575916290283203,-0.2560262680053711,-0.04877262486090217,-0.0020931363105773926,-0.18700677156448364,-0.05722655652036224,-0.007364988327026367,-0.15764224529266357,-0.05498948244323287,0.018783092498779297,-0.19299238920211792,-0.020099024455447534,0.039934635162353516,-0.24596619606018066,-0.045419308524031976,0.03275114297866821,-0.18951132893562317,-0.04036164207329307,0.021203994750976562,-0.15433579683303833,-0.02868195360471759,0.05163168907165527,-0.17596358060836792,-0.026262364517350534,0.058654963970184326,-0.24409547448158264,-0.03747470973004852,0.06237137317657471,-0.28425419330596924,-0.03583457244505439,0.06482213735580444,-0.32657891511917114,-0.03084337448646579
0.0,0.0,0.0,-0.047350943088531494,-0.045224785804748535,-0.019901084748482845,-0.07518565654754639,-0.13482269644737244,-0.03104529067633166,-0.04775893688201904,-0.19427800178527832,-0.043123631772971294,-0.0025326013565063477,-0.1796162724494934,-0.04969455212113871,-0.045032799243927,-0.21490246057510376,-0.008981153403794906,-0.0455966591835022,-0.270184189081192,-0.03554074376580729,-0.04376786947250366,-0.2074575424194336,-0.047508205322003505,-0.04169762134552002,-0.1788686215877533,-0.051651860622143886,-0.007724761962890625,-0.21126961708068848,-0.00991962015388026,-0.0049283504486083984,-0.26682206988334656,-0.042366064188456676,-0.009108424186706543,-0.19575148820877075,-0.04707402646300807,-0.011300444602966309,-0.16325995326042175,-0.040891001967167995,0.027639389038085938,-0.19645124673843384,-0.015663982403850696,0.03257805109024048,-0.2440304160118103,-0.04455980196354403,0.019557416439056396,-0.17725595831871033,-0.037302619812464854,0.009263336658477783,-0.13434165716171265,-0.02177666783092036,0.060479164123535156,-0.1769925355911255,-0.02373485736308112,0.07321429252624512,-0.2441333830356598,-0.03687715440747752,0.08146286010742188,-0.2864103317260742,-0.035727738437628886,0.08847194910049438,-0.3312571048736572,-0.030358436552262447
0.0,0.0,0.0,-0.04101157188415527,-0.04145079851150513,-0.010957086404857819,-0.07137936353683472,-0.11905631422996521,-0.01886138966500539,-0.07565146684646606,-0.17865166068077087,-0.030101916698811237,-0.051047444343566895,-0.19940003752708435,-0.036529242007134144,-0.030277729034423828,-0.19830161333084106,0.0024513868223152713,-0.03684425354003906,-0.25178971886634827,-0.025231421871183102,-0.04363846778869629,-0.19854536652565002,-0.037648945061562245,-0.04319697618484497,-0.16030281782150269,-0.03940045362531919,-0.005819380283355713,-0.19494017958641052,-0.002844432547760789,-0.017268359661102295,-0.2512281537055969,-0.03787998756587285,-0.023450791835784912,-0.18466413021087646,-0.044202494381067936,-0.021251022815704346,-0.14074474573135376,-0.03675828403055448,0.019595861434936523,-0.18395176529884338,-0.012646301595566456,0.002847433090209961,-0.23883682489395142,-0.04439769959270734,-0.007079660892486572,-0.17658460140228271,-0.038235898075697605,-0.006520569324493408,-0.12778589129447937,-0.02096613211750764,0.04323381185531616,-0.16927999258041382,-0.023742671070692722,0.044314563274383545,-0.24475619196891785,-0.038479073850510304,0.0446929931640625,-0.29297345876693726,-0.037525060532686894,0.047308146953582764,-0.3359355330467224,-0.030830637497899716
0.0,0.0,0.0,-0.041535258293151855,-0.058662354946136475,-0.005449644435486789,-0.061728477478027344,-0.13710787892341614,-0.012078670930407043,-0.06831371784210205,-0.1901729702949524,-0.02194095138116836,-0.05286121368408203,-0.20682233572006226,-0.023739270080170627,0.042956411838531494,-0.2048521339893341,0.006933913420596127,-0.012135446071624756,-0.25347164273262024,-0.017730632011137004,-0.0282401442527771,-0.20198595523834229,-0.029932721663556094,-0.015851080417633057,-0.18363630771636963,-0.0350620887766695,0.0517691969871521,-0.19459268450737,-0.004409183427981134,-0.02004373073577881,-0.2534809112548828,-0.03734928663476467,-0.03343081474304199,-0.1853606104850769,-0.039092498977026935,-0.017363667488098145,-0.15793827176094055,-0.03146603997453212,0.04823940992355347,-0.18408739566802979,-0.02033112305804252,-0.02155846357345581,-0.23219066858291626,-0.04849041919811725,-0.035613954067230225,-0.16699323058128357,-0.03638013373716831,-0.01860576868057251,-0.13024339079856873,-0.019053426716766353,0.03536069393157959,-0.17111968994140625,-0.038179612864098544,0.026695311069488525,-0.24236184358596802,-0.05457144524558544,0.027689218521118164,-0.2861730456352234,-0.05349080931051731,0.04145610332489014,-0.32903987169265747,-0.04782398339017391
0.0,0.0,0.0,-0.042034149169921875,-0.05796581506729126,0.006150822980089288,-0.06382513046264648,-0.13758668303489685,0.00781630341498385,-0.06698930263519287,-0.191375732421875,0.0037418595848066616,-0.04805952310562134,-0.20195186138153076,0.006369727557284932,0.028905749320983887,-0.20583876967430115,0.019393347097320657,-0.012550950050354004,-0.25462955236434937,-0.002313676396624942,-0.03048694133758545,-0.20101633667945862,-0.011046245800571342,-0.02339249849319458,-0.17591208219528198,-0.014467342863099475,0.04553484916687012,-0.19337978959083557,0.003352889451889496,-0.014736413955688477,-0.25859907269477844,-0.02993023219914903,-0.030719220638275146,-0.18415573239326477,-0.02993132557185163,-0.01906728744506836,-0.15144246816635132,-0.020106811182813544,0.050316452980041504,-0.17869001626968384,-0.016944285588579078,-0.01257413625717163,-0.22897443175315857,-0.047541871773319144,-0.024829447269439697,-0.15927881002426147,-0.03519498194964399,-0.009210288524627686,-0.11916926503181458,-0.016690824287252326,0.04477351903915405,-0.16422733664512634,-0.038003333019332786,0.033103108406066895,-0.23799210786819458,-0.06168842326314916,0.029830574989318848,-0.2848919630050659,-0.06592660407932271,0.037561118602752686,-0.33184677362442017,-0.06343755136640539
0.0,0.0,0.0,-0.04605722427368164,-0.03713434934616089,-0.012074671387722447,-0.08009648323059082,-0.11604756116867065,-0.019366610497286274,-0.08168655633926392,-0.17912673950195312,-0.030154468193700268,-0.05397850275039673,-0.19455772638320923,-0.03620651707058187,-0.04500401020050049,-0.19715484976768494,0.007521269209632919,-0.0529327392578125,-0.24754828214645386,-0.018147844523241474,-0.054817795753479004,-0.19603624939918518,-0.030023498162677242,-0.0512046217918396,-0.1627960205078125,-0.03162332594399686,-0.01785939931869507,-0.19768863916397095,0.003148570256257699,-0.029158949851989746,-0.25050172209739685,-0.03137556061153646,-0.031018733978271484,-0.18349987268447876,-0.03881905943160291,-0.02794027328491211,-0.13981661200523376,-0.03125328913336034,0.010531365871429443,-0.19153648614883423,-0.00582928227265711,-0.006592094898223877,-0.24080199003219604,-0.037632737010767414,-0.012844562530517578,-0.1750257909297943,-0.03258783340459104,-0.011622130870819092,-0.12513339519500732,-0.015157269947280838,0.03787332773208618,-0.18074938654899597,-0.016144364774277165,0.03450727462768555,-0.2497849464416504,-0.028809698000600292,0.03477632999420166,-0.293371319770813,-0.0261565835029387,0.036940693855285645,-0.3352510929107666,-0.01797894172375436
0.0,0.0,0.0,-0.047357261180877686,-0.039649367332458496,-0.011694917242607517,-0.08310383558273315,-0.11539018154144287,-0.01989384346791212,-0.08218860626220703,-0.17845317721366882,-0.03185764865168039,-0.04944366216659546,-0.1869927942752838,-0.039399241815885944,-0.05442523956298828,-0.19975179433822632,0.004710843999305325,-0.058716654777526855,-0.2581057548522949,-0.02177491576560442,-0.05953788757324219,-0.20569461584091187,-0.03351879657395784,-0.05576437711715698,-0.16865381598472595,-0.03504226521738474,-0.024260997772216797,-0.19813323020935059,3.126409978904121e-06,-0.028095662593841553,-0.25567635893821716,-0.03580912367590372,-0.030439317226409912,-0.18713995814323425,-0.043834728907427234,-0.02904188632965088,-0.14040666818618774,-0.036722099195799274,0.006759047508239746,-0.19093096256256104,-0.00917013527043764,-0.0019341111183166504,-0.24469375610351562,-0.04102698133476679,-0.007401943206787109,-0.17949366569519043,-0.03740047083385889,-0.0071350932121276855,-0.12944307923316956,-0.02128024191745226,0.03676885366439819,-0.17966973781585693,-0.019703531425079746,0.03636002540588379,-0.25090742111206055,-0.03272137583383028,0.035456836223602295,-0.2958189845085144,-0.03238795117624704,0.0371326208114624,-0.3387383818626404,-0.026203289415320796
0.0,0.0,0.0,-0.05156034231185913,-0.03784656524658203,-0.015443225484517598,-0.09100252389907837,-0.11451888084411621,-0.026237853896049046,-0.08141213655471802,-0.18207639455795288,-0.039347891789105915,-0.03896993398666382,-0.18393662571907043,-0.04825867442431786,-0.06576818227767944,-0.1963346004486084,-0.0018044954400409097,-0.07025748491287231,-0.25381237268447876,-0.027623470034626507,-0.06491321325302124,-0.20026803016662598,-0.039865628909495854,-0.05925112962722778,-0.16495034098625183,-0.042788946163085484,-0.032052695751190186,-0.19873154163360596,-0.004869891423908257,-0.03641939163208008,-0.25976863503456116,-0.038489357661632084,-0.03240776062011719,-0.1936034858226776,-0.04600937766971924,-0.029431641101837158,-0.14735791087150574,-0.03964915601554253,0.0018557310104370117,-0.1928732991218567,-0.01213307781162598,-0.0059105753898620605,-0.24237486720085144,-0.04148025540652611,-0.00637364387512207,-0.17699915170669556,-0.03689076108875611,-0.005987942218780518,-0.12693345546722412,-0.021282595675614857,0.034557223320007324,-0.18174338340759277,-0.021090873610404515,0.03127908706665039,-0.2508797347545624,-0.03215155107918122,0.031526148319244385,-0.29577288031578064,-0.030233430769470715,0.031887054443359375,-0.3396567702293396,-0.023767947312620663
0.0,0.0,0.0,-0.048277318477630615,-0.029417455196380615,-0.01993802391982058,-0.08770567178726196,-0.10478073358535767,-0.032391097555517945,-0.07083672285079956,-0.17360618710517883,-0.04601662994420508,-0.02445906400680542,-0.17628923058509827,-0.0540257470408676,-0.07554656267166138,-0.1891331672668457,-0.01030936294293383,-0.0809859037399292,-0.2500774562358856,-0.03719806314504126,-0.07176476716995239,-0.19186633825302124,-0.0479866528609989,-0.06676828861236572,-0.16466793417930603,-0.05142501757538298,-0.03916817903518677,-0.1959523856639862,-0.011810702430665287,-0.04169195890426636,-0.2529033422470093,-0.04326358080899695,-0.036706745624542236,-0.18563172221183777,-0.04658327640092352,-0.03559255599975586,-0.15991118550300598,-0.04053854958212355,-0.0027409791946411133,-0.1918947398662567,-0.01825064064061621,-0.002513289451599121,-0.24256733059883118,-0.047690503458142075,-0.0071274638175964355,-0.17554834485054016,-0.04013785363233069,-0.013208150863647461,-0.13549810647964478,-0.025130389417171273,0.031169116497039795,-0.18261685967445374,-0.026941972012281212,0.03186023235321045,-0.2499670386314392,-0.041552350083946976,0.030689537525177002,-0.29388898611068726,-0.04133339614665488,0.028703510761260986,-0.34056684374809265,-0.036939036260008606
0.0,0.0,0.0,-0.04640042781829834,-0.029491424560546875,-0.022438467551495478,-0.08602064847946167,-0.11122995615005493,-0.03446696612658684,-0.0662350058555603,-0.1782209575176239,-0.04665115017118637,-0.018818557262420654,-0.17508113384246826,-0.05272969890060608,-0.07896989583969116,-0.18934094905853271,-0.014300519671763823,-0.08173251152038574,-0.25308918952941895,-0.04033460382046883,-0.06946456432342529,-0.19135451316833496,-0.050940196101095125,-0.0648266077041626,-0.16566991806030273,-0.055061425153638766,-0.04048514366149902,-0.1972445845603943,-0.014159798693384573,-0.03930854797363281,-0.2571635842323303,-0.04437350395741646,-0.033700406551361084,-0.18895050883293152,-0.04756462115469162,-0.0354885458946228,-0.16541028022766113,-0.04210789415660088,-0.002645432949066162,-0.19393303990364075,-0.018751706067945406,0.002216041088104248,-0.24705448746681213,-0.04512170988741104,-0.0015841126441955566,-0.18131950497627258,-0.03684852558794205,-0.009213745594024658,-0.1423054039478302,-0.02259618330421631,0.03215867280960083,-0.1855069398880005,-0.02601025540056412,0.032549262046813965,-0.2534838616847992,-0.038413240645553515,0.031694114208221436,-0.29682156443595886,-0.03748544964614098,0.03026670217514038,-0.34265920519828796,-0.033252741281415865
0.0,0.0,0.0,-0.04162096977233887,-0.03270888328552246,-0.026576305082045337,-0.06992936134338379,-0.09941548109054565,-0.043146338587604305,-0.04656493663787842,-0.15269720554351807,-0.059190690791211864,-0.005917251110076904,-0.1631963849067688,-0.06885848221739366,-0.06426477432250977,-0.19717377424240112,-0.016597302904330036,-0.06381523609161377,-0.2458929419517517,-0.04889729646404817,-0.05518639087677002,-0.18584448099136353,-0.06395371285637452,-0.05117231607437134,-0.15486031770706177,-0.06868501779993608,-0.025366485118865967,-0.2016185224056244,-0.015441498992942115,-0.019652187824249268,-0.2504170536994934,-0.047681514447532436,-0.01621943712234497,-0.18114179372787476,-0.051993090933166286,-0.018296658992767334,-0.1608562469482422,-0.046500124311052105,0.011508464813232422,-0.19335216283798218,-0.020176993956766864,0.018982112407684326,-0.23188066482543945,-0.05027344477733209,0.0161171555519104,-0.17406851053237915,-0.044251509284578106,0.009752035140991211,-0.1494913101196289,-0.030429905554257175,0.04571080207824707,-0.17969679832458496,-0.027583988657198688,0.05143338441848755,-0.24643492698669434,-0.042480767047010204,0.05372130870819092,-0.28565001487731934,-0.040941126918397686,0.05366373062133789,-0.3304476737976074,-0.03505395752748086
0.0,0.0,0.0,-0.04222285747528076,-0.020325124263763428,-0.03573179280144245,-0.07034742832183838,-0.06211310625076294,-0.05853368377071888,-0.052463650703430176,-0.09428215026855469,-0.07689289038759739,-0.016084909439086914,-0.10720610618591309,-0.08843921160084278,-0.0558924674987793,-0.1892642080783844,-0.038714517259421655,-0.05582231283187866,-0.20440572500228882,-0.06383033131939442,-0.049702584743499756,-0.15159273147583008,-0.0714638832746175,-0.04670357704162598,-0.13033169507980347,-0.07400304114204914,-0.013736367225646973,-0.19385337829589844,-0.03402965178472073,-0.011634290218353271,-0.20650014281272888,-0.06085846980792553,-0.013447701930999756,-0.14031225442886353,-0.062031153940978356,-0.015745699405670166,-0.1222153902053833,-0.05749892106038601,0.024080216884613037,-0.17938250303268433,-0.03381960129124195,0.02743363380432129,-0.18203985691070557,-0.06349454855305225,0.019070446491241455,-0.12256431579589844,-0.057446133696856805,0.012567102909088135,-0.09769314527511597,-0.04544314404708416,0.05851149559020996,-0.15657877922058105,-0.03638448601347477,0.06725317239761353,-0.20758545398712158,-0.05683731695395977,0.0719495415687561,-0.2420547604560852,-0.05731877347213299,0.07527989149093628,-0.28140074014663696,-0.052642036580863305
0.0,0.0,0.0,-0.046079039573669434,-0.021383464336395264,-0.03336038297371147,-0.07557815313339233,-0.06945860385894775,-0.054233661353151774,-0.05703592300415039,-0.0976000428199768,-0.06989235287861106,-0.021658897399902344,-0.11116760969161987,-0.07848809516386268,-0.050130605697631836,-0.21160238981246948,-0.03299927568392036,-0.06173497438430786,-0.18810153007507324,-0.052187914460461116,-0.05480235815048218,-0.13927626609802246,-0.06044380968765495,-0.04883468151092529,-0.13141345977783203,-0.06678122883991477,-0.0088270902633667,-0.2127249836921692,-0.028795369401137805,-0.01842176914215088,-0.18728211522102356,-0.04673131039695022,-0.021447062492370605,-0.12947535514831543,-0.046797229408781504,-0.01993536949157715,-0.12833744287490845,-0.045963203966181254,0.027103841304779053,-0.18968644738197327,-0.028468396946351504,0.01976698637008667,-0.1706283688545227,-0.04865845149711845,0.010471642017364502,-0.12085491418838501,-0.03784914916710136,0.008578062057495117,-0.1087694764137268,-0.027701780631701922,0.059376537799835205,-0.15570861101150513,-0.031586492865841365,0.06535714864730835,-0.19383719563484192,-0.050184725284140086,0.06859052181243896,-0.22235390543937683,-0.04863040751175163,0.07362443208694458,-0.2612070143222809,-0.043899195700447535
0.0,0.0,0.0,-0.048117876052856445,-0.034030914306640625,-0.021355744820624523,-0.08114057779312134,-0.11191725730895996,-0.03446204997280233,-0.059693336486816406,-0.1770647168159485,-0.049020313095837764,-0.0177764892578125,-0.18682372570037842,-0.058037698638230495,-0.07151591777801514,-0.2002650499343872,-0.007650073521375589,-0.07360094785690308,-0.2634941041469574,-0.03757840804436796,-0.06505757570266724,-0.2062413990497589,-0.05171487517336004,-0.059958457946777344,-0.1725788116455078,-0.05576480216959112,-0.03297305107116699,-0.20610862970352173,-0.00862142108061903,-0.02957451343536377,-0.2635944187641144,-0.04285603426077955,-0.028037726879119873,-0.19522571563720703,-0.050433393937140636,-0.028499484062194824,-0.16389167308807373,-0.045956202220708064,0.005557596683502197,-0.2012736201286316,-0.014835805070191554,0.01358872652053833,-0.2545551657676697,-0.04578506983497732,0.003727853298187256,-0.1890982985496521,-0.041116863858491115,-0.007353305816650391,-0.14861148595809937,-0.027119612690597705,0.041107773780822754,-0.1897667646408081,-0.02330904490926855,0.043511807918548584,-0.2585223317146301,-0.03717265687564009,0.041517019271850586,-0.303207129240036,-0.03607862107136839,0.038978517055511475,-0.3499053418636322,-0.030435543876677684
0.0,0.0,0.0,-0.05560576915740967,-0.040499985218048096,-0.01948919917631997,-0.0899471640586853,-0.1207309365272522,-0.03215915176261319,-0.06479555368423462,-0.18945908546447754,-0.047241462647804155,-0.016394376754760742,-0.2038082480430603,-0.05665632176388158,-0.080752432346344,-0.19704580307006836,-0.002656954826676383,-0.0861402153968811,-0.27002209424972534,-0.03348333600152387,-0.0702592134475708,-0.20984286069869995,-0.04991894054401769,-0.06351935863494873,-0.1719161868095398,-0.05517428207386388,-0.04027813673019409,-0.20542007684707642,-0.004408640108891859,-0.040053486824035645,-0.2744068503379822,-0.03879273521889104,-0.030794262886047363,-0.20491111278533936,-0.049522945910581484,-0.029557883739471436,-0.16948997974395752,-0.04717319670308484,-0.0012304186820983887,-0.2049761414527893,-0.011410242199787035,0.004217028617858887,-0.26771509647369385,-0.040937016039976015,0.000630497932434082,-0.19833922386169434,-0.03749081331480397,-0.006971478462219238,-0.15003401041030884,-0.02425568762410535,0.03497987985610962,-0.19730055332183838,-0.020679906263836756,0.03675878047943115,-0.26841646432876587,-0.03244388315070523,0.036107778549194336,-0.3124585747718811,-0.03146471667278661,0.03352004289627075,-0.3567700982093811,-0.026138631880172625
0.0,0.0,0.0,-0.050570905208587646,-0.04705655574798584,-0.02034953358617031,-0.08119827508926392,-0.13365566730499268,-0.033510736478831404,-0.05333423614501953,-0.20188254117965698,-0.04857628355767929,-0.0019559264183044434,-0.2078535556793213,-0.05817025463130676,-0.0664682388305664,-0.208581805229187,-0.006056475742127532,-0.0667232871055603,-0.2762346863746643,-0.03675544570234024,-0.05538266897201538,-0.21493351459503174,-0.05296688462641441,-0.049894869327545166,-0.1769995093345642,-0.05796009237911903,-0.025187671184539795,-0.2123345136642456,-0.007614376312460536,-0.02013254165649414,-0.2809504270553589,-0.043817493422295684,-0.016420841217041016,-0.21110045909881592,-0.05459899391081535,-0.016106903553009033,-0.1702938675880432,-0.05094017769243919,0.013665735721588135,-0.20772910118103027,-0.014081717757846945,0.02291691303253174,-0.2692430019378662,-0.04441308538463318,0.015139520168304443,-0.19953101873397827,-0.04101731563952171,0.006096959114074707,-0.1484055519104004,-0.026734940065409774,0.04888099431991577,-0.19540554285049438,-0.022831830485131377,0.05444091558456421,-0.26680922508239746,-0.03349067206528389,0.05607295036315918,-0.3100842237472534,-0.03156774799373352,0.0570032000541687,-0.35298603773117065,-0.025303692845966452
0.0,0.0,0.0,-0.04748493432998657,-0.0421905517578125,-0.020872372576207,-0.07383835315704346,-0.12536942958831787,-0.03291164841613181,-0.04717206954956055,-0.18054437637329102,-0.04601717870792754,-0.0030093789100646973,-0.1698741912841797,-0.053280768358320074,-0.049595534801483154,-0.21387791633605957,-0.0068379099491835404,-0.05306035280227661,-0.265910804271698,-0.03340175133308776,-0.05121958255767822,-0.2083321213722229,-0.045291309618562536,-0.046341657638549805,-0.18292593955993652,-0.04932391401490577,-0.011153757572174072,-0.21246731281280518,-0.008456225880593138,-0.01018458604812622,-0.2629566192626953,-0.040139631741851645,-0.015593767166137695,-0.19732201099395752,-0.044792735391467886,-0.015766680240631104,-0.17201215028762817,-0.03885530810913451,0.02453070878982544,-0.1981474757194519,-0.015376841091722326,0.0311734676361084,-0.2435210943222046,-0.04485437404474624,0.01911795139312744,-0.17958003282546997,-0.03813952710589774,0.011782705783843994,-0.1425076723098755,-0.022844954767435866,0.057108402252197266,-0.17879951000213623,-0.02482873145601161,0.06939256191253662,-0.24473172426223755,-0.03913208600243934,0.07295268774032593,-0.286906361579895,-0.03834413867554076,0.07707756757736206,-0.33287379145622253,-0.032783755474895315
0.0,0.0,0.0,-0.044839560985565186,-0.03834843635559082,-0.023379887070205996,-0.07461297512054443,-0.12428998947143555,-0.036676157813218424,-0.051265835762023926,-0.187965989112854,-0.0503476081301244,-0.004882872104644775,-0.1805117130279541,-0.05769689808383305,-0.056627094745635986,-0.20739907026290894,-0.01198583802923281,-0.057054877281188965,-0.26491689682006836,-0.039528213988688776,-0.05123913288116455,-0.20242458581924438,-0.050788429181721995,-0.04825735092163086,-0.17959672212600708,-0.054603245656636545,-0.01852595806121826,-0.20794802904129028,-0.011944142717567274,-0.01601874828338623,-0.26358258724212646,-0.04407755712762196,-0.016694486141204834,-0.194588303565979,-0.04697691703930218,-0.018041133880615234,-0.17163759469985962,-0.040248774539378473,0.017902016639709473,-0.19656312465667725,-0.017205160658505747,0.024287641048431396,-0.24673008918762207,-0.0468470459689172,0.014856278896331787,-0.17944574356079102,-0.03802540580525715,0.00557476282119751,-0.14177685976028442,-0.02186147923364956,0.05137026309967041,-0.18070054054260254,-0.025093084748533556,0.05850625038146973,-0.24736431241035461,-0.038846634875682184,0.062184929847717285,-0.2897968888282776,-0.03703916127577145,0.06462198495864868,-0.33712899684906006,-0.031361155759242365
0.0,0.0,0.0,-0.045099735260009766,-0.03706640005111694,-0.021353823488539092,-0.07642728090286255,-0.12458592653274536,-0.03326623829264008,-0.053826987743377686,-0.19241833686828613,-0.04618065374154412,-0.007470309734344482,-0.1840304732322693,-0.05319511087793671,-0.05974400043487549,-0.20417481660842896,-0.007675679290628068,-0.05984199047088623,-0.26390212774276733,-0.0340112106706556,-0.05568605661392212,-0.205297589302063,-0.04556318687457406,-0.05324941873550415,-0.18035376071929932,-0.05010047124881112,-0.022151410579681396,-0.20682787895202637,-0.008418957127219073,-0.01946568489074707,-0.2640683650970459,-0.040238916298335425,-0.02178823947906494,-0.19702041149139404,-0.04500212090272271,-0.023853659629821777,-0.17220807075500488,-0.03985130356807076,0.01384645700454712,-0.19762706756591797,-0.014283269999509685,0.021388888359069824,-0.24931782484054565,-0.042752790620511405,0.00902104377746582,-0.18276798725128174,-0.035161371698563926,-0.0024666786193847656,-0.1434522271156311,-0.02045828418988549,0.04708981513977051,-0.1829434037208557,-0.02274305315870606,0.05332285165786743,-0.24816718697547913,-0.0358754539694246,0.05431091785430908,-0.29086190462112427,-0.03501753824014031,0.054739177227020264,-0.336683988571167,-0.030506308546250693
0.0,0.0,0.0,-0.046033263206481934,-0.03866386413574219,-0.01891057332500168,-0.07938522100448608,-0.12983202934265137,-0.028664247593724212,-0.05908280611038208,-0.19797629117965698,-0.040200275829874954,-0.010793089866638184,-0.19026166200637817,-0.0465432233129377,-0.05433779954910278,-0.21272915601730347,-0.004503773520582399,-0.05365389585494995,-0.2803462743759155,-0.02976545085653015,-0.05159515142440796,-0.22279644012451172,-0.04053991054638573,-0.04959738254547119,-0.1896781325340271,-0.04288103943213173,-0.01715952157974243,-0.212394118309021,-0.00590135529159852,-0.01314234733581543,-0.27922433614730835,-0.03906748210533806,-0.01506185531616211,-0.21253633499145508,-0.045506553253972015,-0.01576828956604004,-0.17308926582336426,-0.03875242685421654,0.018943607807159424,-0.20242899656295776,-0.011998756318234882,0.025090813636779785,-0.2578608989715576,-0.04090948542102524,0.014829695224761963,-0.18950212001800537,-0.035875154188715896,0.005883157253265381,-0.14003974199295044,-0.020483862138235054,0.05288553237915039,-0.18673008680343628,-0.02032065344496914,0.06033700704574585,-0.25700461864471436,-0.031482563814961395,0.06347960233688354,-0.3021489381790161,-0.030293376645886383,0.06613266468048096,-0.347733736038208,-0.024633179879629097
0.0,0.0,0.0,-0.045930564403533936,-0.04112565517425537,-0.017690796566057543,-0.07664328813552856,-0.142630934715271,-0.026758747336316446,-0.05225008726119995,-0.21159589290618896,-0.03754167274837528,-0.007681548595428467,-0.1893010139465332,-0.04273769275550876,-0.047567009925842285,-0.2210978865623474,-0.005728564851779083,-0.04793888330459595,-0.2839651107788086,-0.030919442114281992,-0.045486509799957275,-0.21947532892227173,-0.040588688266325335,-0.041539549827575684,-0.18908101320266724,-0.04257782192235027,-0.010077238082885742,-0.21851497888565063,-0.007522167798924784,-0.006488502025604248,-0.2830021381378174,-0.0404921287417892,-0.009790778160095215,-0.21064436435699463,-0.04400863514547382,-0.011803746223449707,-0.17241919040679932,-0.03532261790041957,0.025432705879211426,-0.206346333026886,-0.013771746468592028,0.029869556427001953,-0.26274698972702026,-0.04138661192064319,0.019486606121063232,-0.1918731927871704,-0.03225430862312351,0.010744690895080566,-0.1431105136871338,-0.014566558574188093,0.057907164096832275,-0.18965822458267212,-0.02231688254778419,0.06602925062179565,-0.26047855615615845,-0.03179159031515155,0.07031369209289551,-0.3048631548881531,-0.02833678403203521,0.07403343915939331,-0.3506653308868408,-0.021466957566190104
