0.0,0.0,0.0,0.018596112728118896,-0.0727081298828125,-0.023315469826798108,0.07785779237747192,-0.12736499309539795,-0.034886431972722676,0.13053679466247559,-0.10810816287994385,-0.046588906179408696,0.1495569944381714,-0.051504671573638916,-0.051579670141677525,0.15021467208862305,-0.11766988039016724,-0.01156668094847646,0.1990656852722168,-0.12193608283996582,-0.03976927427504506,0.15557348728179932,-0.11317670345306396,-0.05263083530519452,0.1294819712638855,-0.10546332597732544,-0.05802584914420095,0.15869897603988647,-0.06370705366134644,-0.011363990697304871,0.20413905382156372,-0.06256753206253052,-0.04577162964199033,0.15570157766342163,-0.06645470857620239,-0.05157642913911786,0.13375675678253174,-0.06569713354110718,-0.047739808540086415,0.1564885377883911,-0.01087188720703125,-0.017094637359718945,0.19446533918380737,-0.005338072776794434,-0.05029309643362012,0.14510607719421387,-0.02119123935699463,-0.047052678744535115,0.11187499761581421,-0.029579222202301025,-0.03592923013422933,0.14807921648025513,0.0375363826751709,-0.025348435248474743,0.1993836760520935,0.06797456741333008,-0.050206837336759236,0.23468834161758423,0.09085232019424438,-0.059152362029294636,0.2741784453392029,0.11188077926635742,-0.060826980601291325
0.0,0.0,0.0,0.01660698652267456,-0.07137036323547363,-0.018760108417296806,0.07471281290054321,-0.12706613540649414,-0.028690456441069045,0.13021963834762573,-0.11426597833633423,-0.03969377188983003,0.15409624576568604,-0.06439733505249023,-0.045052266708040634,0.1451370120048523,-0.11421328783035278,-0.00707835613789598,0.19465678930282593,-0.12529516220092773,-0.032837531557703414,0.15762680768966675,-0.11620527505874634,-0.046413614442968765,0.1296302080154419,-0.10634589195251465,-0.05242364763321916,0.1548449993133545,-0.06378430128097534,-0.008703557802760997,0.20201557874679565,-0.06851613521575928,-0.03981061562004129,0.16116851568222046,-0.07065194845199585,-0.048266663244390884,0.13604861497879028,-0.06798917055130005,-0.046892083278322616,0.154280424118042,-0.01248854398727417,-0.015370646519983211,0.19392848014831543,-0.014352738857269287,-0.044324173620367446,0.1505281925201416,-0.025608718395233154,-0.042509588441276946,0.11724448204040527,-0.029562830924987793,-0.03337740435304681,0.14725011587142944,0.03523564338684082,-0.024248578614020744,0.1995440125465393,0.06259703636169434,-0.0453134356349949,0.23562496900558472,0.08287930488586426,-0.053094639471197524,0.2737120985984802,0.10009562969207764,-0.0547285927742962
0.0,0.0,0.0,0.00620114803314209,-0.07708042860031128,-0.016523865128192483,0.05436795949935913,-0.15219685435295105,-0.026086430141958772,0.10588383674621582,-0.15905654430389404,-0.03709936242762524,0.12042498588562012,-0.10536479949951172,-0.042398938054475366,0.1257554292678833,-0.15412133932113647,-0.006364681834611474,0.16566723585128784,-0.1741882860660553,-0.030444049353036462,0.1263863444328308,-0.15117359161376953,-0.04135876249733883,0.10413777828216553,-0.1348450779914856,-0.046037604177627145,0.13812506198883057,-0.10560458898544312,-0.009389402421447812,0.17674487829208374,-0.12041574716567993,-0.042590306217107354,0.13340044021606445,-0.10940378904342651,-0.05046017196241337,0.10891115665435791,-0.10050314664840698,-0.04784665730062443,0.14240998029708862,-0.055538833141326904,-0.01704974200788456,0.17285335063934326,-0.06556200981140137,-0.048664704973134576,0.12475132942199707,-0.06599515676498413,-0.048895214760932504,0.09080958366394043,-0.06438416242599487,-0.0400073463863464,0.13982045650482178,-0.007391750812530518,-0.02646814387503582,0.18907159566879272,0.005461931228637695,-0.0471734042114349,0.22215843200683594,0.015934109687805176,-0.05552544173065144,0.2583804726600647,0.023922443389892578,-0.0575268464929195
0.0,0.0,0.0,0.005150496959686279,-0.07388728857040405,-0.017182331753673452,0.05106693506240845,-0.14429712295532227,-0.02619701459795465,0.09936684370040894,-0.15391725301742554,-0.036384182272257704,0.11945700645446777,-0.11170434951782227,-0.04054920583755006,0.12319618463516235,-0.14574813842773438,-0.006524239422532219,0.16471505165100098,-0.16487878561019897,-0.03166508510500421,0.12658601999282837,-0.14365631341934204,-0.04274309262424936,0.0987234115600586,-0.12578976154327393,-0.04628076985270013,0.13459020853042603,-0.09779340028762817,-0.008708437194826502,0.17402708530426025,-0.11437243223190308,-0.04216428681999673,0.13078629970550537,-0.10319805145263672,-0.05010048508435716,0.10190927982330322,-0.0911482572555542,-0.04685986622959604,0.13760972023010254,-0.0479813814163208,-0.01570717826277246,0.1686038374900818,-0.05913341045379639,-0.048161952046456236,0.12265890836715698,-0.05789589881896973,-0.04833702206403245,0.08854800462722778,-0.05276846885681152,-0.03897120639473428,0.13402891159057617,-0.00017571449279785156,-0.024385629443230528,0.1816311478614807,0.015293598175048828,-0.047200748918356794,0.2137460708618164,0.027221620082855225,-0.05634761065036287,0.2481774091720581,0.037273108959198,-0.058277612773480314
0.0,0.0,0.0,0.004105567932128906,-0.0749768614768982,-0.018339670546311027,0.05272430181503296,-0.14828693866729736,-0.02716634171451915,0.10232341289520264,-0.14652979373931885,-0.036462708659428245,0.11215144395828247,-0.08940994739532471,-0.0394654081239878,0.12647110223770142,-0.1407516598701477,-0.008754814326721316,0.16290980577468872,-0.1620517373085022,-0.032221130378502494,0.12164634466171265,-0.14179807901382446,-0.04247882897402633,0.09843564033508301,-0.1251436471939087,-0.04727323660995353,0.1378353238105774,-0.09167993068695068,-0.00991147039826501,0.1710681915283203,-0.10980027914047241,-0.040978241063612586,0.1258644461631775,-0.10071831941604614,-0.045844308383721,0.10325664281845093,-0.09117966890335083,-0.041905082113999015,0.13941258192062378,-0.04257476329803467,-0.016108398608821517,0.168060302734375,-0.053565800189971924,-0.044880102671641,0.12225949764251709,-0.0569835901260376,-0.042393747068899756,0.09095144271850586,-0.05526077747344971,-0.032943113990086204,0.13447558879852295,0.0040590763092041016,-0.024535908646839744,0.17915785312652588,0.02142465114593506,-0.04611585969473708,0.20879000425338745,0.03510218858718872,-0.055499620087402946,0.2423834204673767,0.047914981842041016,-0.05830464074756492
0.0,0.0,0.0,0.0026871562004089355,-0.07239532470703125,-0.018753287780867822,0.048916757106781006,-0.14792323112487793,-0.027704541969882257,0.09835857152938843,-0.1517581343650818,-0.036835187513219125,0.10808676481246948,-0.09547644853591919,-0.039651957738982446,0.12252283096313477,-0.1433626413345337,-0.010211096543656595,0.16009658575057983,-0.1679711937904358,-0.03173789514957548,0.11955201625823975,-0.1479719877243042,-0.03945350407420278,0.10105174779891968,-0.13319474458694458,-0.04312279580889822,0.13411688804626465,-0.09439504146575928,-0.011135465863929994,0.16848158836364746,-0.11575502157211304,-0.04170627279935957,0.12270492315292358,-0.10634934902191162,-0.045177963960753686,0.10195660591125488,-0.09664154052734375,-0.040194207269536264,0.13622528314590454,-0.04597270488739014,-0.016825507793413408,0.16518402099609375,-0.059958815574645996,-0.04543924837170721,0.1192120909690857,-0.06392109394073486,-0.042421550888406045,0.08903485536575317,-0.0628085732460022,-0.032552869457589395,0.13236641883850098,-0.00020134449005126953,-0.02460896356760145,0.17807334661483765,0.01317375898361206,-0.04555653541146398,0.2088719606399536,0.022631943225860596,-0.054375117111788995,0.24373435974121094,0.031400322914123535,-0.056927447605716
0.0,0.0,0.0,0.0011960864067077637,-0.06912332773208618,-0.020342354921865535,0.04868447780609131,-0.1445615291595459,-0.02969675816433437,0.10071855783462524,-0.14803338050842285,-0.0388877981139899,0.11131232976913452,-0.09419947862625122,-0.04202920503752239,0.12222415208816528,-0.1428266167640686,-0.010462329982090068,0.1585911512374878,-0.16496652364730835,-0.03256841681735523,0.11948037147521973,-0.1448129415512085,-0.041990797294545246,0.10215848684310913,-0.13091933727264404,-0.04697716168897159,0.134895920753479,-0.0934327244758606,-0.010686001068222595,0.16916370391845703,-0.11109668016433716,-0.04079088501470096,0.12303334474563599,-0.10168600082397461,-0.04462933845655925,0.10272389650344849,-0.09427279233932495,-0.04018225453631885,0.1369227170944214,-0.044010281562805176,-0.015864870770144535,0.16602569818496704,-0.05528604984283447,-0.04477523200051792,0.11885964870452881,-0.058256566524505615,-0.041541076524424625,0.08839350938796997,-0.05774563550949097,-0.03149763054983623,0.1329144835472107,0.002585291862487793,-0.02320593714551933,0.1788998246192932,0.015237689018249512,-0.044370348824429584,0.20971286296844482,0.025767803192138672,-0.052462953401970935,0.24532759189605713,0.03500771522521973,-0.05446286059753902
0.0,0.0,0.0,0.0025537610054016113,-0.06984221935272217,-0.02017572470185769,0.04851192235946655,-0.14395320415496826,-0.0297153437900306,0.10003942251205444,-0.14979219436645508,-0.03951108403680337,0.11346787214279175,-0.09531980752944946,-0.04332420177934182,0.12360966205596924,-0.14276999235153198,-0.008442380877113465,0.16122448444366455,-0.16614866256713867,-0.03094775177714837,0.12487560510635376,-0.14760327339172363,-0.040472197757935646,0.10268044471740723,-0.13025063276290894,-0.04466360755441201,0.1364065408706665,-0.09438318014144897,-0.008733854109323147,0.17042028903961182,-0.11324059963226318,-0.040187373237586144,0.12743616104125977,-0.10283398628234863,-0.04643934540627015,0.10383069515228271,-0.09192448854446411,-0.04328038491485131,0.1390930414199829,-0.04502665996551514,-0.014059159384942177,0.1671341061592102,-0.056964218616485596,-0.04494172655222428,0.11956900358200073,-0.0603022575378418,-0.044326088802790764,0.08654528856277466,-0.059921205043792725,-0.03535812668678773,0.13561224937438965,0.001981019973754883,-0.02140645258305085,0.18070489168167114,0.014355301856994629,-0.043416395263648155,0.21217769384384155,0.025228261947631836,-0.0529215405153991,0.2476171851158142,0.034459054470062256,-0.05577835016129029
0.0,0.0,0.0,0.002595663070678711,-0.07120543718338013,-0.018625981224573707,0.04739338159561157,-0.14735037088394165,-0.02778085978130207,0.09878259897232056,-0.15477436780929565,-0.03746784204045639,0.11554461717605591,-0.10344761610031128,-0.04147842624584541,0.11924219131469727,-0.14989936351776123,-0.006826001735277032,0.15969032049179077,-0.17286717891693115,-0.028116515887774085,0.12471377849578857,-0.15341871976852417,-0.03810801082650528,0.10226541757583618,-0.13519179821014404,-0.04258011007109985,0.1330133080482483,-0.10307854413986206,-0.007563734477258777,0.17272484302520752,-0.12231874465942383,-0.0370105403045784,0.13246077299118042,-0.11111629009246826,-0.043395967272914504,0.10663646459579468,-0.0978730320930481,-0.0401972020546566,0.13764339685440063,-0.05419069528579712,-0.01294204877117977,0.16909730434417725,-0.0676276683807373,-0.040510890124238585,0.1247408390045166,-0.06441479921340942,-0.038960673896468734,0.09159547090530396,-0.05626785755157471,-0.029720573736227607,0.1361822485923767,-0.0065323710441589355,-0.02044748426774845,0.18364733457565308,0.0039670467376708984,-0.03900078782240257,0.2162621021270752,0.012353301048278809,-0.04645662852922783,0.2517496943473816,0.019524991512298584,-0.04828440123597488
0.0,0.0,0.0,-0.002507448196411133,-0.07292860746383667,-0.017572475403966337,0.038241565227508545,-0.15457230806350708,-0.025862209305586248,0.09013885259628296,-0.16915816068649292,-0.03475970010501328,0.10802698135375977,-0.11911392211914062,-0.03821343536716881,0.10489821434020996,-0.16467070579528809,-0.0045317078870255045,0.1413852572441101,-0.19367864727973938,-0.024839248314918905,0.10887014865875244,-0.1680724024772644,-0.03439598883730355,0.09256869554519653,-0.14906638860702515,-0.03901763613563958,0.12329733371734619,-0.12140864133834839,-0.00536287510064426,0.1596817970275879,-0.14617013931274414,-0.03406280632358971,0.11991935968399048,-0.1270936131477356,-0.0394835730944294,0.0976988673210144,-0.11023426055908203,-0.03552483747941437,0.1328037977218628,-0.0755622386932373,-0.010791828662576108,0.1611228585243225,-0.09368288516998291,-0.0373270025406498,0.11749213933944702,-0.08422940969467163,-0.035046174928965,0.08621066808700562,-0.07244759798049927,-0.025337820679368406,0.13631463050842285,-0.0295332670211792,-0.018320234299125104,0.18288522958755493,-0.028536498546600342,-0.035304546162905126,0.21573936939239502,-0.024310588836669922,-0.04167729224306527,0.2512570023536682,-0.021935641765594482,-0.042912553802551656
0.0,0.0,0.0,-0.00800466537475586,-0.06874716281890869,-0.01651240325978165,0.023818135261535645,-0.16114330291748047,-0.024254120881465724,0.07285481691360474,-0.1916378140449524,-0.03274605981519585,0.09565013647079468,-0.14616447687149048,-0.03551376796772843,0.08892834186553955,-0.187103271484375,-0.00500436173265939,0.11845886707305908,-0.2204243540763855,-0.02556476555278664,0.08674335479736328,-0.1846446990966797,-0.0334490593474186,0.07668697834014893,-0.1683899164199829,-0.03683497942498093,0.11071634292602539,-0.14737868309020996,-0.006550276181457093,0.14033061265945435,-0.17641890048980713,-0.035619834433106234,0.09966671466827393,-0.14460128545761108,-0.03843104280045395,0.08289098739624023,-0.12964195013046265,-0.0323000345330513,0.12455153465270996,-0.10281848907470703,-0.012457043858972838,0.14797401428222656,-0.12664836645126343,-0.040586424986628344,0.10195386409759521,-0.10047578811645508,-0.03410219959428673,0.07313060760498047,-0.08279824256896973,-0.020429605613259127,0.1336403489112854,-0.05819469690322876,-0.020180411631969264,0.17872560024261475,-0.07564705610275269,-0.036388246337679675,0.20985841751098633,-0.08328127861022949,-0.038625521580485156,0.24425852298736572,-0.09483957290649414,-0.036262108008173755
0.0,0.0,0.0,-0.01492452621459961,-0.0678713321685791,-0.016413098719056052,0.0064601898193359375,-0.16823464632034302,-0.023310846235688132,0.054055750370025635,-0.20734968781471252,-0.030765891593034667,0.08203434944152832,-0.16195589303970337,-0.03240533224874298,0.0663306713104248,-0.2018105387687683,-0.005265192180957001,0.09319645166397095,-0.24051567912101746,-0.025094112899239462,0.06531399488449097,-0.19836384057998657,-0.031658296059902113,0.058634161949157715,-0.18429970741271973,-0.034385059546764296,0.0921674370765686,-0.1668720841407776,-0.006320968322540921,0.11901384592056274,-0.20057225227355957,-0.03376060030990402,0.08067446947097778,-0.15978878736495972,-0.034456246119077605,0.06763625144958496,-0.14731067419052124,-0.027249744679863852,0.11049997806549072,-0.12588584423065186,-0.011653423827226561,0.13353312015533447,-0.15292590856552124,-0.038102221261794966,0.09032660722732544,-0.11681652069091797,-0.02919497578972141,0.06504124402999878,-0.09687685966491699,-0.01434205989920656,0.12467527389526367,-0.08357512950897217,-0.018894602131183547,0.16667169332504272,-0.11169946193695068,-0.033489566814239424,0.19470202922821045,-0.12770116329193115,-0.033935342501933974,0.2263261079788208,-0.14911460876464844,-0.03041432290905277
0.0,0.0,0.0,-0.012756526470184326,-0.06748813390731812,-0.01711954649400127,0.013018369674682617,-0.1649094820022583,-0.02467463265966785,0.06260186433792114,-0.1978747844696045,-0.032336614167803646,0.08865290880203247,-0.14519870281219482,-0.03438714060794723,0.08164030313491821,-0.19058042764663696,-0.00931241184335363,0.10950636863708496,-0.22869497537612915,-0.028245692214483142,0.07984530925750732,-0.19360816478729248,-0.03566706839811218,0.07086926698684692,-0.1805768609046936,-0.040665636843556285,0.10581248998641968,-0.15222269296646118,-0.010189425273352981,0.1323208212852478,-0.18274152278900146,-0.036531961596125484,0.0927991271018982,-0.15286803245544434,-0.03791543755542648,0.07859212160110474,-0.14312142133712769,-0.03317836213719261,0.1204255223274231,-0.10836225748062134,-0.015231135374421001,0.143912672996521,-0.1319648027420044,-0.04049666512619865,0.09861034154891968,-0.10756152868270874,-0.03321104783427131,0.07089751958847046,-0.09264302253723145,-0.02153911728274238,0.12930262088775635,-0.06340909004211426,-0.02232557821881187,0.1745525598526001,-0.07757091522216797,-0.04009943369638336,0.2054576277732849,-0.08284604549407959,-0.04451883498441589,0.24008333683013916,-0.09371519088745117,-0.04454113457214248
0.0,0.0,0.0,-0.0036250948905944824,-0.07185143232345581,-0.01771961817090073,0.034466564655303955,-0.15334314107894897,-0.0257987390602068,0.08564192056655884,-0.16818547248840332,-0.034352437719149975,0.10651922225952148,-0.11918401718139648,-0.03788691864852467,0.10215550661087036,-0.1681775450706482,-0.005194455045653967,0.13692426681518555,-0.1943081021308899,-0.024591471194668202,0.11007809638977051,-0.1749991774559021,-0.034542736723466305,0.09425628185272217,-0.15988528728485107,-0.04030424462203541,0.12217479944229126,-0.12430381774902344,-0.006306637204630761,0.15788781642913818,-0.14733445644378662,-0.03434551612977543,0.12025374174118042,-0.13191598653793335,-0.0412578295314745,0.09920752048492432,-0.11813211441040039,-0.03941785649899998,0.13223975896835327,-0.07558256387710571,-0.011807186655147461,0.16461855173110962,-0.09271752834320068,-0.038890333040995984,0.12085360288619995,-0.08508431911468506,-0.03781522916202107,0.08906668424606323,-0.07550221681594849,-0.029484716370149044,0.13500988483428955,-0.02624368667602539,-0.019274936183734326,0.18329095840454102,-0.021741628646850586,-0.03956200288180867,0.21662789583206177,-0.017076075077056885,-0.048181695058389096,0.25247079133987427,-0.01529473066329956,-0.050701552196784405
0.0,0.0,0.0,-0.003348231315612793,-0.07057815790176392,-0.019673782991844746,0.03134709596633911,-0.15792077779769897,-0.028591654854494664,0.08312642574310303,-0.18037402629852295,-0.037467201831418606,0.10910481214523315,-0.13369178771972656,-0.04000926169999275,0.0972900390625,-0.18254083395004272,-0.005531659009534451,0.12971562147140503,-0.2120683789253235,-0.028097055512148472,0.09794145822525024,-0.18074065446853638,-0.03785477358348999,0.08639669418334961,-0.16387015581130981,-0.04228490370758209,0.11877179145812988,-0.14009982347488403,-0.005389008796441885,0.15005707740783691,-0.16577965021133423,-0.03456786054618988,0.10859489440917969,-0.13923394680023193,-0.037465193899947735,0.09277236461639404,-0.1262955665588379,-0.03191345337279472,0.1313914656639099,-0.09296399354934692,-0.010524527760821911,0.1578109860420227,-0.11271804571151733,-0.03950334865101013,0.11347287893295288,-0.09577411413192749,-0.034978208723146054,0.08560961484909058,-0.0833398699760437,-0.023154467004019352,0.13914263248443604,-0.04548376798629761,-0.01775124076254997,0.18715322017669678,-0.05294877290725708,-0.036305771800357434,0.21943652629852295,-0.05397462844848633,-0.041381062599498364,0.2547284960746765,-0.05947542190551758,-0.04101362231619987
0.0,0.0,0.0,-0.023099958896636963,-0.06434953212738037,-0.01678885623653059,-0.017469286918640137,-0.1605473756790161,-0.024509460775448133,0.01992398500442505,-0.20882731676101685,-0.032915304525090505,0.05870711803436279,-0.17928028106689453,-0.03508487261672144,0.03793984651565552,-0.21188873052597046,-0.0027974607593250767,0.058165788650512695,-0.257503867149353,-0.02484661817391043,0.03648024797439575,-0.2136055827140808,-0.0333667910828126,0.03252542018890381,-0.19550961256027222,-0.036399490310145666,0.06742197275161743,-0.1858745813369751,-0.003546349348766853,0.08937263488769531,-0.2260816991329193,-0.030712294502450277,0.05820667743682861,-0.18200141191482544,-0.031134464888168623,0.050142884254455566,-0.165635883808136,-0.02402157813151007,0.09077775478363037,-0.1517728567123413,-0.00936494033624058,0.10961145162582397,-0.18279731273651123,-0.03664902515549784,0.07084715366363525,-0.1413635015487671,-0.02831634051938181,0.04895669221878052,-0.11353743076324463,-0.013590018375111867,0.10975199937820435,-0.11470675468444824,-0.017243987990809728,0.1494981050491333,-0.15112441778182983,-0.032715487404061605,0.1754576563835144,-0.17444568872451782,-0.034054673387004186,0.2032948136329651,-0.20058703422546387,-0.03095967240471964
0.0,0.0,0.0,-0.02668851613998413,-0.060669779777526855,-0.017433868708877753,-0.025774478912353516,-0.15869194269180298,-0.024989854532151412,0.010013818740844727,-0.21154683828353882,-0.033529559138088416,0.05089932680130005,-0.19089919328689575,-0.0360528658953001,0.026677846908569336,-0.2169037163257599,-0.0034864069771458617,0.04251682758331299,-0.2638770341873169,-0.02662017567720909,0.02587413787841797,-0.21194100379943848,-0.035687902930050086,0.022052764892578125,-0.18885797262191772,-0.03845889678862591,0.05736804008483887,-0.19344556331634521,-0.004122138476787995,0.07674145698547363,-0.23232781887054443,-0.033489478739767264,0.05028343200683594,-0.17924511432647705,-0.035870453330545615,0.041411519050598145,-0.1592077612876892,-0.029275894152789306,0.08362674713134766,-0.16058611869812012,-0.009720643970041465,0.10314750671386719,-0.1956741213798523,-0.03934592938688297,0.06745052337646484,-0.1437041163444519,-0.031223474058180045,0.04556560516357422,-0.11130237579345703,-0.01567100359764595,0.1057133674621582,-0.12430202960968018,-0.01728618330028553,0.14017874002456665,-0.16850709915161133,-0.03446196204689045,0.1639387011528015,-0.1950049102306366,-0.03542365691330929,0.18996167182922363,-0.22616368532180786,-0.031212700518636893
0.0,0.0,0.0,-0.0030913352966308594,-0.07421988248825073,-0.012550053564353902,0.0332755446434021,-0.15466737747192383,-0.020205883686884363,0.08408594131469727,-0.1754252314567566,-0.029489016538008173,0.10761183500289917,-0.12870442867279053,-0.03436151184652658,0.0921357274055481,-0.17639237642288208,-0.0012437950638002349,0.1284204125404358,-0.20988819003105164,-0.02037269846115919,0.10499751567840576,-0.18306726217269897,-0.031649291892989595,0.08564382791519165,-0.16167354583740234,-0.03741930090401979,0.11465984582901001,-0.13742220401763916,-0.004383223508938272,0.15167707204818726,-0.1655360460281372,-0.028820777689560373,0.12081277370452881,-0.14425915479660034,-0.036509313066943605,0.09822601079940796,-0.12743312120437622,-0.03601506762717577,0.12913596630096436,-0.09169673919677734,-0.011210307856543977,0.16102588176727295,-0.11263525485992432,-0.03464358710263582,0.12032359838485718,-0.09679770469665527,-0.03373884447429987,0.08753848075866699,-0.08139348030090332,-0.02628458329056116,0.13642781972885132,-0.04421275854110718,-0.019569488619907816,0.18588542938232422,-0.05016046762466431,-0.03501403369520517,0.2196366786956787,-0.05210912227630615,-0.04049542584036203,0.25310349464416504,-0.05787855386734009,-0.04156971388076158
0.0,0.0,0.0,-0.0029038190841674805,-0.07011383771896362,-0.017390876289795187,0.0383375883102417,-0.15181124210357666,-0.024932281326840666,0.09468597173690796,-0.16551285982131958,-0.03268386351723507,0.11593741178512573,-0.11722755432128906,-0.0348955758180125,0.10160857439041138,-0.1718319058418274,-0.0056770622994406494,0.14086902141571045,-0.20012420415878296,-0.027236390140245703,0.10866963863372803,-0.1711234450340271,-0.037945467260072974,0.09200799465179443,-0.15344184637069702,-0.043603155043314246,0.1221005916595459,-0.12808692455291748,-0.006385990631173399,0.15961730480194092,-0.15081721544265747,-0.03374327647347286,0.1183481216430664,-0.1281677484512329,-0.038510526743124274,0.09949630498886108,-0.11603313684463501,-0.03532624172825649,0.1327407956123352,-0.08126598596572876,-0.011777017478237894,0.1666879653930664,-0.09722387790679932,-0.037066313650797156,0.12485390901565552,-0.08843392133712769,-0.03429010811109379,0.09657114744186401,-0.08233457803726196,-0.025600225877354887,0.1376902461051941,-0.035020649433135986,-0.019217384260485915,0.18710392713546753,-0.035317420959472656,-0.0373725995685561,0.2208552360534668,-0.03317821025848389,-0.04449794369597271,0.2574582099914551,-0.035051584243774414,-0.046458489474247244
0.0,0.0,0.0,-0.003980755805969238,-0.07023179531097412,-0.017884513929260493,0.03371763229370117,-0.156751811504364,-0.025401212841046572,0.0881837010383606,-0.1789151430130005,-0.033410428657902,0.11570250988006592,-0.13513273000717163,-0.03539475668944192,0.09481149911880493,-0.17975538969039917,-0.0037067002689070705,0.131156325340271,-0.21098238229751587,-0.02558742147661519,0.09959530830383301,-0.17817550897598267,-0.03548989687837434,0.0877377986907959,-0.16203826665878296,-0.0403897488561995,0.11765122413635254,-0.13919216394424438,-0.004502615991754055,0.15252840518951416,-0.16336780786514282,-0.03237515558279824,0.11193668842315674,-0.13727790117263794,-0.035919597938431025,0.09734106063842773,-0.12722688913345337,-0.031502953365219355,0.1314437985420227,-0.09390509128570557,-0.010300926498842955,0.16478627920150757,-0.1133955717086792,-0.03720016275323701,0.1210254430770874,-0.09510445594787598,-0.03196246792353463,0.09306365251541138,-0.0829121470451355,-0.02065503095067811,0.13977015018463135,-0.04813241958618164,-0.018234616711509943,0.18926554918289185,-0.05358743667602539,-0.036240803643835307,0.2222902774810791,-0.05484384298324585,-0.04122499991930795,0.25857967138290405,-0.061657488346099854,-0.04114748780406785
0.0,0.0,0.0,-0.02065587043762207,-0.062093377113342285,-0.019701321958280005,-0.00996243953704834,-0.16028666496276855,-0.028367000980949797,0.03379404544830322,-0.20723414421081543,-0.03749130980548898,0.07199090719223022,-0.17740458250045776,-0.040461748256063856,0.039063453674316406,-0.21174359321594238,-0.006213711923635401,0.06415104866027832,-0.25812602043151855,-0.029722572653270163,0.04314887523651123,-0.20788663625717163,-0.0393366025525097,0.036034345626831055,-0.19017350673675537,-0.04294359625754396,0.07018041610717773,-0.18495488166809082,-0.006091537768668331,0.0964779257774353,-0.22144591808319092,-0.03443617315468828,0.06592589616775513,-0.17049425840377808,-0.036480493261194624,0.05561095476150513,-0.15721255540847778,-0.030288086621737875,0.09482204914093018,-0.14947181940078735,-0.011057048453665175,0.12096339464187622,-0.17877763509750366,-0.0388696374135975,0.08384054899215698,-0.13428282737731934,-0.030833694501495756,0.06001371145248413,-0.11130303144454956,-0.01634551712749044,0.11569321155548096,-0.11186796426773071,-0.018263942911005415,0.15493923425674438,-0.1511583924293518,-0.03382913710055391,0.18175441026687622,-0.17357730865478516,-0.03434853570041696,0.20994514226913452,-0.2005736231803894,-0.030496989725804724
0.0,0.0,0.0,-0.010463953018188477,-0.07314646244049072,-0.012244818009065739,0.01960510015487671,-0.16552996635437012,-0.0186663151007167,0.07255709171295166,-0.19517379999160767,-0.027053433678673855,0.10067099332809448,-0.14899402856826782,-0.031025759152697674,0.07965701818466187,-0.19289511442184448,0.000288809557815739,0.11353886127471924,-0.2328796684741974,-0.020452753848957173,0.09079134464263916,-0.1997966170310974,-0.03125588896088516,0.07499021291732788,-0.17507129907608032,-0.035773563406991116,0.10387301445007324,-0.15629827976226807,-0.00266571340486621,0.1393696665763855,-0.18781530857086182,-0.029587584755944363,0.10570389032363892,-0.15762615203857422,-0.036098285786437145,0.0849866271018982,-0.13805115222930908,-0.0333094254355899,0.12109887599945068,-0.11357325315475464,-0.009526504411923042,0.15211188793182373,-0.13653230667114258,-0.03489665242247497,0.10939216613769531,-0.11037760972976685,-0.031529101751374355,0.0780785083770752,-0.09012728929519653,-0.020916058890151135,0.13221848011016846,-0.0688849687576294,-0.017930840350317112,0.17903029918670654,-0.08767330646514893,-0.03248523848466789,0.2108668088912964,-0.09698218107223511,-0.03532810064368164,0.24451637268066406,-0.11033397912979126,-0.03374544831328308
0.0,0.0,0.0,-0.005058646202087402,-0.06990855932235718,-0.018734233113121945,0.035303711891174316,-0.1587541699409485,-0.02566176432569023,0.09099102020263672,-0.17982834577560425,-0.03306358459789749,0.11682116985321045,-0.1329297423362732,-0.03450555879075523,0.09797632694244385,-0.1816939115524292,-0.0028782879320203847,0.13533705472946167,-0.21140241622924805,-0.02425400319893356,0.10234898328781128,-0.17749464511871338,-0.033058093519997556,0.08916109800338745,-0.1607237458229065,-0.036604458125424344,0.11928176879882812,-0.13931918144226074,-0.0031927264147668666,0.15769773721694946,-0.16559666395187378,-0.03244625556666847,0.11531960964202881,-0.13563692569732666,-0.03612762096722122,0.09634476900100708,-0.12119275331497192,-0.030103005128097493,0.13205820322036743,-0.09281522035598755,-0.008496330710244138,0.16505861282348633,-0.11465764045715332,-0.03563224303920265,0.12296402454376221,-0.09598541259765625,-0.031121566550922353,0.09583890438079834,-0.084103524684906,-0.01913756284315582,0.1403670310974121,-0.046633243560791016,-0.01592398959596153,0.18862605094909668,-0.05779159069061279,-0.03158167901833053,0.2202051281929016,-0.06135338544845581,-0.035014008762431104,0.2545130252838135,-0.06921106576919556,-0.03360822203953262
0.0,0.0,0.0,-0.011539459228515625,-0.06945514678955078,-0.01677899805247307,0.019237518310546875,-0.16464167833328247,-0.02329183553695202,0.07316344976425171,-0.19278395175933838,-0.030785324027533534,0.1050226092338562,-0.1481844186782837,-0.03272841309546948,0.07992202043533325,-0.19620734453201294,-0.0032063377776694324,0.11433196067810059,-0.23064649105072021,-0.024360697692031863,0.08613443374633789,-0.19570785760879517,-0.03298909028410435,0.07229220867156982,-0.1776546835899353,-0.03632277434110165,0.10481733083724976,-0.15717202425003052,-0.00430824512034178,0.13883954286575317,-0.1843826174736023,-0.03260012899875164,0.099892258644104,-0.1530137062072754,-0.03656769355177403,0.0824432373046875,-0.14104771614074707,-0.03156822358607769,0.12150269746780396,-0.11305415630340576,-0.010032975090439322,0.15179044008255005,-0.13405078649520874,-0.03784831424593449,0.10521411895751953,-0.1070604920387268,-0.032398221989865306,0.07418227195739746,-0.09118914604187012,-0.019642943491930964,0.13331067562103271,-0.06837725639343262,-0.017630081599349978,0.18025517463684082,-0.08748626708984375,-0.03477456231951237,0.21217739582061768,-0.09785503149032593,-0.0380098391079855,0.24689900875091553,-0.11287778615951538,-0.03607747515081883
0.0,0.0,0.0,-0.02388632297515869,-0.06595134735107422,-0.016950336598654303,-0.015074849128723145,-0.1644921898841858,-0.02498515819837621,0.026040732860565186,-0.21199142932891846,-0.03390717630912832,0.06591707468032837,-0.18362337350845337,-0.03713373219301275,0.03994131088256836,-0.21572571992874146,-0.002612035802428636,0.06617981195449829,-0.25566333532333374,-0.02504467529882959,0.04248476028442383,-0.21406593918800354,-0.034008329116602454,0.0332564115524292,-0.19314450025558472,-0.036317137383719,0.06851118803024292,-0.18951934576034546,-0.0032758841634290548,0.09603089094161987,-0.2246309518814087,-0.03102422816385797,0.06385886669158936,-0.17739200592041016,-0.03324531888296178,0.05148369073867798,-0.155653715133667,-0.02628571664621404,0.09284460544586182,-0.1549493670463562,-0.008524325989981207,0.11915957927703857,-0.1869126558303833,-0.03616586079527906,0.0806458592414856,-0.14131617546081543,-0.028000527375240836,0.05622243881225586,-0.11088669300079346,-0.012357917928000006,0.11243581771850586,-0.11671024560928345,-0.015594545134206328,0.1502506136894226,-0.15704232454299927,-0.029415353515048537,0.1752760410308838,-0.1805882453918457,-0.028147478901644263,0.2023540735244751,-0.20748227834701538,-0.02257047159304193
0.0,0.0,0.0,-0.022362053394317627,-0.06194424629211426,-0.01609267898413691,-0.015322089195251465,-0.16446256637573242,-0.022683538948626847,0.026735007762908936,-0.21581080555915833,-0.03045284793290648,0.06593835353851318,-0.18197089433670044,-0.032366622691483826,0.040173351764678955,-0.21990260481834412,-0.0011617484134376355,0.0596768856048584,-0.2663540244102478,-0.02511747971686873,0.04145616292953491,-0.21694138646125793,-0.03446127519521269,0.03615540266036987,-0.1925082802772522,-0.03672740653667006,0.06945699453353882,-0.19265878200531006,-0.0018621521168142863,0.09206920862197876,-0.23017561435699463,-0.03139241830024275,0.06372517347335815,-0.1791476607322693,-0.03350448653611693,0.05271261930465698,-0.15961992740631104,-0.026268585105867714,0.09399598836898804,-0.15742164850234985,-0.007510197801025242,0.11632299423217773,-0.1900656819343567,-0.03678929478439841,0.08056020736694336,-0.14150691032409668,-0.029038265799613328,0.05816906690597534,-0.111824631690979,-0.013546565068395466,0.11330294609069824,-0.11941683292388916,-0.014994220328958363,0.14869993925094604,-0.1609465479850769,-0.030352337738008828,0.1717308759689331,-0.1859447956085205,-0.030678464551897378,0.1979210376739502,-0.21571305394172668,-0.026129058083029122
0.0,0.0,0.0,-0.008539378643035889,-0.07176542282104492,-0.01854585757561722,0.027322113513946533,-0.16087549924850464,-0.02549906907685795,0.07883411645889282,-0.1843351125717163,-0.03301634540864029,0.09855818748474121,-0.13250911235809326,-0.034478588906011964,0.10134375095367432,-0.17768943309783936,-0.004831880741647865,0.13826173543930054,-0.20974618196487427,-0.027265098822198297,0.10228204727172852,-0.17991900444030762,-0.03459590574809113,0.08751815557479858,-0.16428416967391968,-0.03657303279348412,0.12057846784591675,-0.1350109577178955,-0.005704205893806602,0.15468597412109375,-0.16170823574066162,-0.03523468872614899,0.1099122166633606,-0.13704407215118408,-0.03656771307893791,0.09269320964813232,-0.12731504440307617,-0.028972797972045328,0.13063645362854004,-0.08814805746078491,-0.011649855357489969,0.15753716230392456,-0.1084938645362854,-0.040576024857244875,0.11061418056488037,-0.09139388799667358,-0.03401944687672653,0.08456915616989136,-0.08212703466415405,-0.020224911105714227,0.13535058498382568,-0.042572200298309326,-0.019673229140124704,0.18064600229263306,-0.0544743537902832,-0.03671435913153687,0.2093813419342041,-0.06345832347869873,-0.03922747349449196,0.24351465702056885,-0.07564651966094971,-0.03664715861984291
0.0,0.0,0.0,-0.01901078224182129,-0.06855261325836182,-0.017441319155466317,0.002088010311126709,-0.16879630088806152,-0.024489404487383126,0.05054539442062378,-0.21137666702270508,-0.03215867266334271,0.08497124910354614,-0.17180246114730835,-0.03389556318796849,0.05671745538711548,-0.2088964581489563,-0.0037978199245003452,0.08903282880783081,-0.25052082538604736,-0.024964844661724328,0.06408905982971191,-0.20908421277999878,-0.033091056945693254,0.055502116680145264,-0.18959981203079224,-0.0354315897849915,0.08380216360092163,-0.1767774224281311,-0.0038598045641151657,0.11904871463775635,-0.21213221549987793,-0.031112303811084985,0.08473408222198486,-0.1717538833618164,-0.03311245501316762,0.07029861211776733,-0.15375256538391113,-0.02615131609417176,0.10486948490142822,-0.1393168568611145,-0.008402627746534108,0.1340664029121399,-0.16732418537139893,-0.03371318042553639,0.093447744846344,-0.1328684687614441,-0.026161404180299996,0.06720614433288574,-0.11043328046798706,-0.011798839869868516,0.12142318487167358,-0.09967893362045288,-0.01504165012664771,0.16236579418182373,-0.1339871883392334,-0.026943623873364686,0.19004523754119873,-0.15453171730041504,-0.026559233519208192,0.22012680768966675,-0.1774599552154541,-0.0225396117595551
0.0,0.0,0.0,-0.01594078540802002,-0.06666851043701172,-0.017092716330239455,0.004799306392669678,-0.16330039501190186,-0.024716038638302962,0.05189990997314453,-0.20357155799865723,-0.033689849460074583,0.08734089136123657,-0.1688019037246704,-0.0367054868578407,0.06139981746673584,-0.20939117670059204,-0.0038560283459219136,0.09254640340805054,-0.2500736713409424,-0.026459338524887244,0.06539160013198853,-0.2037348747253418,-0.034470755988309065,0.053598225116729736,-0.1839437484741211,-0.03637038954491345,0.08810257911682129,-0.1758151650428772,-0.0051172267734500565,0.12059873342514038,-0.20951440930366516,-0.036368027710864226,0.08431077003479004,-0.16300857067108154,-0.0398780968129131,0.06757575273513794,-0.14384454488754272,-0.032843806230971495,0.1093529462814331,-0.13558125495910645,-0.010823527732441107,0.13870352506637573,-0.16486912965774536,-0.04052989222998349,0.09522676467895508,-0.12197357416152954,-0.03247604929799763,0.06679320335388184,-0.09688007831573486,-0.016302606472322623,0.1253734827041626,-0.09451693296432495,-0.018418802329847495,0.1667078137397766,-0.12913435697555542,-0.03374337815637318,0.19344794750213623,-0.15139096975326538,-0.03334682100410191,0.2229396104812622,-0.17843234539031982,-0.028069816911170165
0.0,0.0,0.0,-0.014741718769073486,-0.06702744960784912,-0.0166932664490389,0.009784400463104248,-0.16495096683502197,-0.023184175012175956,0.05724990367889404,-0.20031574368476868,-0.030964831230704704,0.091297447681427,-0.16126328706741333,-0.032777525824968734,0.06901264190673828,-0.1984933614730835,-0.003466567132164755,0.10246145725250244,-0.236222505569458,-0.025878154081766525,0.07237058877944946,-0.1938178539276123,-0.03357886184519998,0.05971294641494751,-0.17478826642036438,-0.03531867299741975,0.09392416477203369,-0.1628657579421997,-0.004718715665404716,0.12885844707489014,-0.19557780027389526,-0.03574810956186525,0.08917683362960815,-0.15474426746368408,-0.038519937885467925,0.07079648971557617,-0.13712835311889648,-0.03081692975527517,0.11242127418518066,-0.12189275026321411,-0.010530388323132911,0.14421623945236206,-0.15184879302978516,-0.03916559774941675,0.09883034229278564,-0.11438101530075073,-0.030248269779150405,0.069358229637146,-0.0914953351020813,-0.013732961719398418,0.125898540019989,-0.08051156997680664,-0.01837355491286985,0.16897469758987427,-0.11080092191696167,-0.03373980183667413,0.1971743106842041,-0.12887954711914062,-0.033746745777790466,0.2288130521774292,-0.15156525373458862,-0.028833393347923675
0.0,0.0,0.0,-0.01422494649887085,-0.06747370958328247,-0.016926818795127474,0.011516451835632324,-0.16206741333007812,-0.024088495678824984,0.05943876504898071,-0.19511330127716064,-0.03238880381695708,0.09231418371200562,-0.15765631198883057,-0.03475254148952445,0.07127994298934937,-0.19691184163093567,-0.004289280891043745,0.10432285070419312,-0.23312413692474365,-0.025502640090508066,0.0739174485206604,-0.193567156791687,-0.032641214586419665,0.062138140201568604,-0.17868730425834656,-0.03463457272164305,0.09520089626312256,-0.1613527536392212,-0.0056476358208783495,0.12893438339233398,-0.19331443309783936,-0.03506926939598998,0.08970552682876587,-0.1564520001411438,-0.03785093621127089,0.07284533977508545,-0.14299172163009644,-0.031145974330229365,0.112815260887146,-0.1195448637008667,-0.011390053003651701,0.14321064949035645,-0.1485961675643921,-0.039049444056672655,0.09784877300262451,-0.11539775133132935,-0.030638098053259455,0.06896322965621948,-0.09609085321426392,-0.015265154920143686,0.12559986114501953,-0.07732605934143066,-0.019158200628680788,0.16888898611068726,-0.10688191652297974,-0.034046695835513674,0.19649219512939453,-0.1261073350906372,-0.03414845586530646,0.22705364227294922,-0.14978528022766113,-0.029767013422770106
0.0,0.0,0.0,-0.013117611408233643,-0.06748735904693604,-0.018494387031836368,0.012685954570770264,-0.16314244270324707,-0.026500440077228404,0.06085538864135742,-0.19794631004333496,-0.03537674887601838,0.09326106309890747,-0.15776479244232178,-0.03826046629373536,0.07228630781173706,-0.19763243198394775,-0.0053864269194434655,0.10407418012619019,-0.23418140411376953,-0.026805397928995944,0.07442665100097656,-0.19316577911376953,-0.03428430377070413,0.06406164169311523,-0.1775924265384674,-0.03665052248661027,0.09653991460800171,-0.16181188821792603,-0.006060459525627948,0.12978166341781616,-0.1940222978591919,-0.035475465343637325,0.09162795543670654,-0.15679103136062622,-0.038182037757081844,0.07614845037460327,-0.14345991611480713,-0.03160005329672799,0.11410605907440186,-0.11966580152511597,-0.011230143592996455,0.14542967081069946,-0.14866459369659424,-0.03900969667856202,0.09985142946243286,-0.11480081081390381,-0.030257324562711574,0.07073009014129639,-0.09497785568237305,-0.0146816110846828,0.1266087293624878,-0.0766860842704773,-0.018589577512187816,0.16932415962219238,-0.10643362998962402,-0.03308397053305612,0.1970399022102356,-0.12570470571517944,-0.0327781018478106,0.22805893421173096,-0.14938884973526,-0.02820463559154973
0.0,0.0,0.0,-0.014099359512329102,-0.0664902925491333,-0.0177974735953228,0.011304020881652832,-0.1642988920211792,-0.025127464682640266,0.06021159887313843,-0.19971239566802979,-0.03340370558279915,0.09267932176589966,-0.15754473209381104,-0.035671774075211715,0.07050621509552002,-0.19816043972969055,-0.004549790882350635,0.10276049375534058,-0.239871084690094,-0.025544678569616508,0.07499945163726807,-0.19688332080841064,-0.0328971257068531,0.06483596563339233,-0.17948192358016968,-0.035217787847699356,0.09528011083602905,-0.16245079040527344,-0.00537329936477704,0.12991511821746826,-0.19751077890396118,-0.03544723220247192,0.09222382307052612,-0.1580359935760498,-0.03868491552847786,0.0748702883720398,-0.143443763256073,-0.03184345342296524,0.11298495531082153,-0.12064772844314575,-0.010533577539803218,0.14301633834838867,-0.15054947137832642,-0.03806015826839371,0.09780538082122803,-0.11516726016998291,-0.029479702711881828,0.06857991218566895,-0.09518313407897949,-0.01375596296119852,0.12549859285354614,-0.07811164855957031,-0.017831917629422378,0.16714978218078613,-0.1079404354095459,-0.03205472953695221,0.19460076093673706,-0.12764835357666016,-0.031804639623345565,0.2253848910331726,-0.15250283479690552,-0.02716840222555561
0.0,0.0,0.0,-0.014473259449005127,-0.06756627559661865,-0.017135141070042437,0.011056780815124512,-0.16398471593856812,-0.024574046607170885,0.05991220474243164,-0.19804608821868896,-0.033154114733491724,0.09135651588439941,-0.1585293412208557,-0.03587388957575399,0.0699692964553833,-0.20096972584724426,-0.004362254987512415,0.10125559568405151,-0.23815655708312988,-0.02604749950305063,0.07180625200271606,-0.19518625736236572,-0.034229471932206934,0.06106758117675781,-0.178574800491333,-0.03696943039730627,0.09475010633468628,-0.16482579708099365,-0.005555702957366293,0.1272447109222412,-0.19744873046875,-0.0352005396290167,0.08853727579116821,-0.1568126082420349,-0.03840672562554914,0.07249349355697632,-0.14199364185333252,-0.03187807614639837,0.11290621757507324,-0.12284672260284424,-0.011083398598287886,0.14325988292694092,-0.15188175439834595,-0.038474272589240854,0.09753745794296265,-0.11553210020065308,-0.029542989681516474,0.06846928596496582,-0.0943956971168518,-0.013723265963648146,0.12598752975463867,-0.07992017269134521,-0.018708658988629168,0.1671491265296936,-0.11202883720397949,-0.03253769467309553,0.19355618953704834,-0.13283544778823853,-0.03162695805266935,0.22335588932037354,-0.15792012214660645,-0.026571834112559145
0.0,0.0,0.0,-0.03235602378845215,-0.06020575761795044,-0.01861744540565269,-0.040846288204193115,-0.1525564193725586,-0.029985179927280114,-0.010811030864715576,-0.21374526619911194,-0.042250679608514474,0.033035218715667725,-0.19721364974975586,-0.04926011505358474,0.009472012519836426,-0.22185859084129333,-0.002453338855957554,0.021210670471191406,-0.26666250824928284,-0.028434598621061014,0.00777512788772583,-0.2164638638496399,-0.04195841568343894,0.004024207592010498,-0.1878870129585266,-0.04567045139901893,0.0414201021194458,-0.20343613624572754,-0.0025023133848662837,0.06006002426147461,-0.24306178092956543,-0.033900582965543435,0.036478281021118164,-0.18813887238502502,-0.04191703888409393,0.02450186014175415,-0.15615427494049072,-0.0369102785252835,0.06957602500915527,-0.17957189679145813,-0.007002319477578567,0.08896678686141968,-0.21171802282333374,-0.03475547003381507,0.05750715732574463,-0.1610233187675476,-0.0308566631638314,0.03517448902130127,-0.12430548667907715,-0.01674870195620315,0.09253561496734619,-0.15026098489761353,-0.013296425145199464,0.1157645583152771,-0.20556640625,-0.022723207052877115,0.1319289207458496,-0.23828166723251343,-0.01966472509138839,0.14902889728546143,-0.26927345991134644,-0.01236992402755277
0.0,0.0,0.0,-0.026685595512390137,-0.05964541435241699,-0.016131104202344204,-0.03048306703567505,-0.1545177698135376,-0.024934188695027615,0.0014300346374511719,-0.21162229776382446,-0.035717840538694645,0.045468270778656006,-0.19323769211769104,-0.041522479848339344,0.024849236011505127,-0.21951472759246826,0.0016956919577353347,0.036933183670043945,-0.2649011015892029,-0.02378414501376369,0.0221097469329834,-0.21636345982551575,-0.03573091258235195,0.015947699546813965,-0.1855229139328003,-0.038190129445268894,0.0558394193649292,-0.19770210981369019,0.000205966513618705,0.07341957092285156,-0.2350500524044037,-0.03230342199034908,0.04887712001800537,-0.18407168984413147,-0.04016097192592838,0.03484666347503662,-0.1543150544166565,-0.035104970679952885,0.08295303583145142,-0.16953229904174805,-0.006104696308597113,0.09622776508331299,-0.198009192943573,-0.03825595159955242,0.06178569793701172,-0.14543896913528442,-0.036548472241833,0.03808164596557617,-0.10850006341934204,-0.023036380530669476,0.10463094711303711,-0.13792169094085693,-0.013768065953030373,0.13132935762405396,-0.18613141775131226,-0.0275963984889529,0.15024763345718384,-0.21612703800201416,-0.02766475011534908,0.17067337036132812,-0.2484838366508484,-0.02232420002050617
0.0,0.0,0.0,-0.02534627914428711,-0.06060194969177246,-0.0197516111636844,-0.020791828632354736,-0.1585371494293213,-0.028946555217572723,0.01934349536895752,-0.21124038100242615,-0.03927179705149797,0.055445075035095215,-0.17976966500282288,-0.04329237248546747,0.03520309925079346,-0.215581476688385,-0.0030753232984181977,0.05664008855819702,-0.26802846789360046,-0.029050380920836005,0.036456942558288574,-0.2160038948059082,-0.03892301674730447,0.029432296752929688,-0.189901202917099,-0.040996461173364196,0.06391680240631104,-0.1870850920677185,-0.0032079252394225932,0.08576339483261108,-0.23009416460990906,-0.03716526832229761,0.05522584915161133,-0.1759878695011139,-0.04140169825203088,0.04304182529449463,-0.15350407361984253,-0.034115473737784896,0.08822822570800781,-0.15307855606079102,-0.008661147205003772,0.1107475757598877,-0.191694438457489,-0.04046890791303781,0.07306212186813354,-0.1431286334991455,-0.033358498474427734,0.04977762699127197,-0.11396545171737671,-0.017110305836268935,0.10794293880462646,-0.117928147315979,-0.01625688839502004,0.14157265424728394,-0.161110520362854,-0.03164926450497774,0.16223019361495972,-0.19060173630714417,-0.03186558838731912,0.18613773584365845,-0.2254219949245453,-0.026736865749427352
