0.0,0.0,0.0,-0.04440802335739136,-0.044908761978149414,-0.024201560294955016,-0.06105250120162964,-0.12513816356658936,-0.03839255822333598,-0.037065982818603516,-0.18911060690879822,-0.053230173415272475,-0.015269935131072998,-0.2368989884853363,-0.06605249223741794,-0.039490342140197754,-0.21306836605072021,-0.024536171457498313,-0.03072434663772583,-0.30264854431152344,-0.052382800257532836,-0.02163463830947876,-0.35879141092300415,-0.06871937540802264,-0.011953651905059814,-0.40601086616516113,-0.07741663930448794,-0.0020543932914733887,-0.20253664255142212,-0.031277283555596114,0.004300594329833984,-0.3061741590499878,-0.06580645171436572,0.011145234107971191,-0.3703460395336151,-0.08476624963316226,0.021515488624572754,-0.4247741252183914,-0.09158364263805652,0.03431260585784912,-0.1722436249256134,-0.040307599580614806,0.03255265951156616,-0.20762324333190918,-0.08208242384228015,0.012391805648803711,-0.14341777563095093,-0.07870661047729755,0.0019603967666625977,-0.10129529237747192,-0.06282834289106631,0.06595957279205322,-0.1314636468887329,-0.051119714504807234,0.05654984712600708,-0.16462844610214233,-0.0785744669798305,0.039387285709381104,-0.11907225847244263,-0.06757245538267398,0.030697286128997803,-0.08856207132339478,-0.05100700212153697
0.0,0.0,0.0,-0.04531359672546387,-0.04190641641616821,-0.027138708216455143,-0.06341302394866943,-0.11844116449356079,-0.04320796771099822,-0.04106086492538452,-0.18505296111106873,-0.05930945469191329,-0.01973813772201538,-0.23708787560462952,-0.07313307194164054,-0.0429537296295166,-0.21296387910842896,-0.027376379874851864,-0.03542375564575195,-0.3016742467880249,-0.056282987875249546,-0.02743077278137207,-0.3572763204574585,-0.07336264668157355,-0.018723666667938232,-0.40618449449539185,-0.08250872610261695,-0.00507122278213501,-0.2043798267841339,-0.033119736296441715,0.001553356647491455,-0.309639036655426,-0.06776580779006736,0.007346391677856445,-0.3739907443523407,-0.08637815533330695,0.016160547733306885,-0.4299788326025009,-0.09309956995895163,0.031659483909606934,-0.1751934289932251,-0.041526896936204594,0.030670464038848877,-0.21163785457611084,-0.08533516345670478,0.011316299438476562,-0.1460481882095337,-0.08340131310870902,0.0013025403022766113,-0.1022140383720398,-0.06806368945291297,0.06300270557403564,-0.13443267345428467,-0.051775084865596455,0.05433619022369385,-0.16602566838264465,-0.08120646892240302,0.03565937280654907,-0.1197238564491272,-0.07162017194679038,0.024438679218292236,-0.08710002899169922,-0.05581117240836875
0.0,0.0,0.0,-0.04540717601776123,-0.04153650999069214,-0.025687953129079233,-0.06358665227890015,-0.11947280168533325,-0.04026533816721667,-0.042162299156188965,-0.1863020360469818,-0.05499571342733134,-0.024468719959259033,-0.23948481678962708,-0.06723564271595706,-0.050301969051361084,-0.20375171303749084,-0.025637015372183214,-0.06761831045150757,-0.2921505570411682,-0.05110363070633639,-0.07831132411956787,-0.34855902194976807,-0.06375695918467272,-0.08621335029602051,-0.39752668142318726,-0.07051450167563189,-0.00990450382232666,-0.20010969042778015,-0.03147816066410769,-0.002142786979675293,-0.30598413944244385,-0.06635113213923205,0.004916548728942871,-0.3715699315071106,-0.08446443979408969,0.01438814401626587,-0.4271780997514725,-0.0904022470560335,0.027529537677764893,-0.17277860641479492,-0.0396103464510702,0.022766530513763428,-0.20902296900749207,-0.08384845559265841,0.006478250026702881,-0.14138203859329224,-0.08169972304966677,0.0015174150466918945,-0.09955120086669922,-0.06597937051918734,0.06039261817932129,-0.13440823554992676,-0.04920831103589762,0.04618328809738159,-0.16751784086227417,-0.07886220668223132,0.03039306402206421,-0.11754709482192993,-0.06886256639626254,0.024631083011627197,-0.08548599481582642,-0.052835875793959985
0.0,0.0,0.0,-0.043934404850006104,-0.043197691440582275,-0.025505495255458754,-0.06125235557556152,-0.1235116720199585,-0.040166887452471656,-0.041720569133758545,-0.19312700629234314,-0.05504756327496807,-0.024503588676452637,-0.2488764524459839,-0.06709585245477001,-0.04923868179321289,-0.20638221502304077,-0.024942758490908545,-0.06605499982833862,-0.2962915301322937,-0.049909892489779395,-0.07550352811813354,-0.3527809977531433,-0.062127328475583,-0.08186995983123779,-0.4018670916557312,-0.06890632118808071,-0.008147954940795898,-0.20162543654441833,-0.03127778973208706,0.0005642175674438477,-0.3081434667110443,-0.06586380954610149,0.006851315498352051,-0.37338727712631226,-0.0842501586280946,0.016721129417419434,-0.42879176139831543,-0.09078223164902965,0.029425501823425293,-0.17294353246688843,-0.039892735888827247,0.02587956190109253,-0.2117880880832672,-0.08421421702729504,0.008070290088653564,-0.14205896854400635,-0.0813136910997514,0.0018409490585327148,-0.09893840551376343,-0.06523295398579876,0.06238967180252075,-0.13411933183670044,-0.05000150110350887,0.04824894666671753,-0.1672828495502472,-0.08068761136161129,0.03092825412750244,-0.11706483364105225,-0.07100156601296703,0.02259385585784912,-0.08429324626922607,-0.055107473393547934
0.0,0.0,0.0,-0.04582226276397705,-0.047362327575683594,-0.02359100212214571,-0.06362223625183105,-0.12270325422286987,-0.03721595522819143,-0.04260826110839844,-0.1854839324951172,-0.05162312430201155,-0.024026870727539062,-0.23471114039421082,-0.06352443215308767,-0.05421477556228638,-0.20666447281837463,-0.021428525120597897,-0.07335728406906128,-0.2943267226219177,-0.04437875714955908,-0.08485788106918335,-0.34977561235427856,-0.05575754088221174,-0.09396421909332275,-0.39751696586608887,-0.061604823589902935,-0.012571275234222412,-0.20485597848892212,-0.027522498414498386,-0.0031865835189819336,-0.30986887216567993,-0.05720435050187689,0.004857838153839111,-0.37646645307540894,-0.0732764225905953,0.014700591564178467,-0.43091392517089844,-0.07847016272006613,0.0249444842338562,-0.17806503176689148,-0.036214686602932034,0.02283918857574463,-0.21253255009651184,-0.07523111966310125,0.008444666862487793,-0.15348058938980103,-0.07497373935638052,0.0034033656120300293,-0.11391150951385498,-0.06160045009909254,0.05741983652114868,-0.139748215675354,-0.04635323923884016,0.04921114444732666,-0.17364847660064697,-0.07103200969157797,0.03582650423049927,-0.13335692882537842,-0.061753146023136196,0.03084045648574829,-0.10345250368118286,-0.04714384642301184
0.0,0.0,0.0,-0.04694944620132446,-0.04237329959869385,-0.025052705495511418,-0.06775909662246704,-0.12014049291610718,-0.039726143418704396,-0.04813659191131592,-0.18775850534439087,-0.054385406612311726,-0.03090614080429077,-0.24038144946098328,-0.0665292904664625,-0.059735119342803955,-0.20591574907302856,-0.026794813289200192,-0.08371222019195557,-0.2917672395706177,-0.051718996553574925,-0.09830701351165771,-0.3456898331642151,-0.0639641300727476,-0.11052751541137695,-0.39232802391052246,-0.07042643585697306,-0.017490267753601074,-0.2043040692806244,-0.03318997257844103,-0.0101698637008667,-0.3124416172504425,-0.06484352955118311,-0.004550814628601074,-0.3768717050552368,-0.08121161320701731,0.003884255886077881,-0.43250708281993866,-0.08634872892395151,0.021575927734375,-0.1771797239780426,-0.04184926086560381,0.018864870071411133,-0.2066708207130432,-0.08207956114307535,0.004450976848602295,-0.13870537281036377,-0.07898251125112665,0.0009965896606445312,-0.10026085376739502,-0.06348307588592661,0.05618375539779663,-0.13892728090286255,-0.05209802994028223,0.043512821197509766,-0.16655248403549194,-0.07817385503545893,0.03009796142578125,-0.11925017833709717,-0.06691793510213984,0.025644779205322266,-0.09116148948669434,-0.05055927270547045
0.0,0.0,0.0,-0.03937870264053345,-0.049446940422058105,-0.029234114882456197,-0.04591870307922363,-0.12898296117782593,-0.04519688509117259,-0.0168381929397583,-0.1912919580936432,-0.06066944248686923,0.010339975357055664,-0.2362648844718933,-0.07338906995664729,-0.020020902156829834,-0.2216799259185791,-0.027549017068849935,-0.002915799617767334,-0.3095371723175049,-0.055183557641612424,0.009307801723480225,-0.36382049322128296,-0.0707940774382223,0.021939337253570557,-0.4105954170227051,-0.0794603394688238,0.021201610565185547,-0.206376314163208,-0.03229197658311023,0.04517078399658203,-0.30339527130126953,-0.06844598225961818,0.06288975477218628,-0.3678828477859497,-0.08888962290893687,0.08130455017089844,-0.42284899950027466,-0.09692185543190135,0.05590707063674927,-0.16922980546951294,-0.03952381558428897,0.0661575198173523,-0.19422629475593567,-0.0858518498362173,0.03690379858016968,-0.12892138957977295,-0.08566925100694789,0.018335938453674316,-0.08457320928573608,-0.07127251647125377,0.08099609613418579,-0.12175518274307251,-0.04870367593775882,0.07611966133117676,-0.13023316860198975,-0.08352390847812785,0.05084198713302612,-0.08267533779144287,-0.0780284421862234,0.03443998098373413,-0.05144762992858887,-0.06424036048065318
0.0,0.0,0.0,-0.04192304611206055,-0.04889899492263794,-0.029875389113158235,-0.049089908599853516,-0.1325111985206604,-0.04538863040420438,-0.01721292734146118,-0.1999436318874359,-0.06002681963059331,0.008301794528961182,-0.2507692873477936,-0.07182337231847669,-0.022051572799682617,-0.22291862964630127,-0.028703470527261743,-0.009744048118591309,-0.31104278564453125,-0.056786658986538896,-0.0010523796081542969,-0.3658970892429352,-0.07239775247785474,0.008602917194366455,-0.4140230417251587,-0.08127847947093869,0.019777357578277588,-0.2090141475200653,-0.032813022657364854,0.04174661636352539,-0.30530014634132385,-0.07012806720945264,0.05637669563293457,-0.368588387966156,-0.0905620891592207,0.07292360067367554,-0.4239882230758667,-0.09861348457548047,0.05443108081817627,-0.17272651195526123,-0.03951323293063069,0.06143832206726074,-0.1982298493385315,-0.08754590041849042,0.031752049922943115,-0.12957066297531128,-0.08677271641704465,0.014309704303741455,-0.08393305540084839,-0.0716562185427847,0.0805240273475647,-0.12567800283432007,-0.04813368506643201,0.07238858938217163,-0.13779157400131226,-0.08433557934972669,0.046861469745635986,-0.08845674991607666,-0.07892118282529736,0.03116220235824585,-0.056835174560546875,-0.0650656212112608
0.0,0.0,0.0,-0.04066342115402222,-0.049050748348236084,-0.02879478204181396,-0.049585938453674316,-0.1317346692085266,-0.04424131083419525,-0.01939249038696289,-0.1979447901248932,-0.05889849159052574,0.0047283172607421875,-0.24765589833259583,-0.07073290067842208,-0.026456058025360107,-0.22158867120742798,-0.028931755378152957,-0.018616080284118652,-0.31227999925613403,-0.056166278003956904,-0.013201594352722168,-0.36694568395614624,-0.07089623975684844,-0.0062909722328186035,-0.41491520404815674,-0.0791867019527217,0.016363978385925293,-0.20720264315605164,-0.03362429308822357,0.03831291198730469,-0.30466002225875854,-0.07058410513332092,0.05228227376937866,-0.36840879917144775,-0.09114005583455764,0.06867694854736328,-0.42507757246494293,-0.09931011664798461,0.052215576171875,-0.17011618614196777,-0.04048526081373893,0.058067142963409424,-0.19600874185562134,-0.08646316993167602,0.02939605712890625,-0.12754040956497192,-0.0844379233114978,0.014630317687988281,-0.08407694101333618,-0.06903790104320251,0.07933872938156128,-0.12276899814605713,-0.049245321928765406,0.0699772834777832,-0.13509082794189453,-0.08290117400815689,0.046536803245544434,-0.08610820770263672,-0.07556325364043914,0.03466904163360596,-0.05688959360122681,-0.06080055031111442
0.0,0.0,0.0,-0.043463051319122314,-0.048218607902526855,-0.029575500097962504,-0.05346071720123291,-0.12993919849395752,-0.045412497055622225,-0.02410060167312622,-0.19610759615898132,-0.06052103770980466,0.0010228753089904785,-0.24742794036865234,-0.07271542904982198,-0.030933499336242676,-0.22364988923072815,-0.026572765243145113,-0.027662694454193115,-0.31429076194763184,-0.052237754148336535,-0.02403479814529419,-0.3688718378543854,-0.06578724591145146,-0.01895272731781006,-0.4160138964653015,-0.07330589501270879,0.01270592212677002,-0.20994770526885986,-0.030967609417530184,0.03306722640991211,-0.30785271525382996,-0.06588942317375768,0.04600942134857178,-0.3704236149787903,-0.08532266078600514,0.060602784156799316,-0.42489853501319885,-0.09281795231709111,0.04877042770385742,-0.17338469624519348,-0.0379970273197614,0.052881836891174316,-0.20280733704566956,-0.08271164206871617,0.02599579095840454,-0.1329408884048462,-0.08092648295769322,0.012189388275146484,-0.0907212495803833,-0.06589199362406362,0.07633739709854126,-0.1267554759979248,-0.04692984132179845,0.06556391716003418,-0.14201855659484863,-0.07891595868477452,0.04286593198776245,-0.09189063310623169,-0.07129108665594686,0.030838310718536377,-0.06304764747619629,-0.056756438148113375
0.0,0.0,0.0,-0.0438234806060791,-0.046236515045166016,-0.027091387298241898,-0.053272128105163574,-0.12957322597503662,-0.04074983448936109,-0.021270751953125,-0.19431713223457336,-0.05416970477654104,0.006937146186828613,-0.23687440156936646,-0.06518953071190481,-0.03178071975708008,-0.21680215001106262,-0.026794736843839928,-0.034714460372924805,-0.30501484870910645,-0.05194260330154066,-0.03695935010910034,-0.3615700602531433,-0.06463954375340109,-0.03735554218292236,-0.4115541875362396,-0.0719821207339919,0.011983036994934082,-0.2081986665725708,-0.032034394901529595,0.031317710876464844,-0.3070901930332184,-0.06558445618702535,0.04396611452102661,-0.37079739570617676,-0.0836430020744956,0.057731688022613525,-0.4273568242788315,-0.0902461685354865,0.04850071668624878,-0.17429381608963013,-0.0396569907779849,0.05259495973587036,-0.19984009861946106,-0.08409949914766912,0.027645230293273926,-0.13106834888458252,-0.08346417323900823,0.01525944471359253,-0.08672434091567993,-0.06897482053591375,0.07601720094680786,-0.1289912462234497,-0.04894685895396833,0.06601810455322266,-0.13915812969207764,-0.08106650189711218,0.04477643966674805,-0.09160655736923218,-0.07495187745644216,0.034758150577545166,-0.061956703662872314,-0.0614269316311038
0.0,0.0,0.0,-0.04302322864532471,-0.04882466793060303,-0.029403192378765652,-0.05263054370880127,-0.13086938858032227,-0.04580309932697446,-0.023943424224853516,-0.19749227166175842,-0.06159723123181493,0.0015058517456054688,-0.24608728289604187,-0.07441211437452466,-0.034850239753723145,-0.2179567515850067,-0.02931246852148206,-0.04384368658065796,-0.3090159296989441,-0.05694152732957036,-0.04887950420379639,-0.36739975214004517,-0.07141320353019864,-0.051489949226379395,-0.4189298152923584,-0.07991692369449765,0.009754776954650879,-0.20982229709625244,-0.03424522971380384,0.02886146306991577,-0.3091685473918915,-0.07133811657894285,0.04350203275680542,-0.372832715511322,-0.09116145169008405,0.059045255184173584,-0.4290904104709625,-0.0985594311879936,0.04661339521408081,-0.17593830823898315,-0.04161524718273313,0.049802541732788086,-0.20351874828338623,-0.08741287832725675,0.02437049150466919,-0.13245218992233276,-0.08422140722740323,0.011789977550506592,-0.0878366231918335,-0.06781837289798887,0.0750686526298523,-0.13071006536483765,-0.05100363438594968,0.06508910655975342,-0.142653226852417,-0.08337382172811658,0.04361695051193237,-0.09247064590454102,-0.07489701306093366,0.03285181522369385,-0.06226128339767456,-0.059427495502120564
0.0,0.0,0.0,-0.04164409637451172,-0.04775345325469971,-0.025679779658730695,-0.04953122138977051,-0.1327216625213623,-0.0391047144780714,-0.0203058123588562,-0.19841060042381287,-0.05237824791174717,0.00122147798538208,-0.24428167939186096,-0.06325056352716274,-0.036319851875305176,-0.21295207738876343,-0.027863561595495412,-0.05053877830505371,-0.3017401695251465,-0.05362802692752666,-0.0603066086769104,-0.3599361777305603,-0.06608504005771465,-0.06732052564620972,-0.4114686846733093,-0.07307819970947094,0.006811916828155518,-0.20593437552452087,-0.03373663076263256,0.026032447814941406,-0.3087930679321289,-0.06839527138572521,0.041043639183044434,-0.37315428256988525,-0.08612742223840542,0.056546568870544434,-0.4295005351305008,-0.09218365647893734,0.04331868886947632,-0.17283862829208374,-0.04161434941988773,0.048504531383514404,-0.20296397805213928,-0.08556064167123623,0.025335371494293213,-0.13473540544509888,-0.08269457467895336,0.014228403568267822,-0.09250468015670776,-0.06671884604793377,0.07233154773712158,-0.12824952602386475,-0.051051973784979054,0.06385797262191772,-0.14738982915878296,-0.08141387947898693,0.04383659362792969,-0.09952694177627563,-0.07228997298579998,0.03387671709060669,-0.07053506374359131,-0.05682053365808315
0.0,0.0,0.0,-0.041010260581970215,-0.04706215858459473,-0.026850718249590955,-0.048883914947509766,-0.13071823120117188,-0.04075678548684891,-0.021680712699890137,-0.19783034920692444,-0.054135804240615926,-0.0035401582717895508,-0.24915295839309692,-0.06474116182795342,-0.03874319791793823,-0.21124520897865295,-0.02810792921951588,-0.05741482973098755,-0.29849809408187866,-0.05428108311167534,-0.06883656978607178,-0.3557663559913635,-0.06684645748606499,-0.0762251615524292,-0.40587687492370605,-0.07374685740938958,0.004987120628356934,-0.20548278093338013,-0.03328525758257683,0.024765968322753906,-0.3056361675262451,-0.06891029066315468,0.04061555862426758,-0.3698675036430359,-0.08747036493292626,0.05829966068267822,-0.4252845048904419,-0.09383713192215737,0.04125279188156128,-0.17313700914382935,-0.04060841089955147,0.047304391860961914,-0.1969291865825653,-0.08415083325377282,0.02270430326461792,-0.1300308108329773,-0.0811659518527108,0.011864304542541504,-0.09021371603012085,-0.06522793061009224,0.06988823413848877,-0.1297008991241455,-0.049704239879758916,0.061679184436798096,-0.14389634132385254,-0.07981183863154229,0.04120945930480957,-0.09598010778427124,-0.07087902462950524,0.03156954050064087,-0.06867539882659912,-0.0554793637143689
0.0,0.0,0.0,-0.041089773178100586,-0.04452025890350342,-0.027724374730212276,-0.05212247371673584,-0.12546616792678833,-0.043369550902468745,-0.027277112007141113,-0.19095894694328308,-0.05845445458970744,-0.008505702018737793,-0.2420421540737152,-0.0708587362357207,-0.041885972023010254,-0.21235862374305725,-0.030533761430604045,-0.06418830156326294,-0.29626625776290894,-0.05854348902784068,-0.07811510562896729,-0.3514593243598938,-0.07277413894615847,-0.08789515495300293,-0.40095603466033936,-0.08099860389910418,0.002790212631225586,-0.2064802646636963,-0.036585376311165874,0.02216315269470215,-0.3070192337036133,-0.07342964102707583,0.04041874408721924,-0.36877310276031494,-0.09299378534041125,0.05979996919631958,-0.4250890910625458,-0.09997035999975878,0.04014390707015991,-0.17350077629089355,-0.04469397355995852,0.0435938835144043,-0.19504937529563904,-0.08891483833275515,0.020232737064361572,-0.12632286548614502,-0.08524508466206271,0.009349465370178223,-0.08897769451141357,-0.06913444836817462,0.07013130187988281,-0.12901878356933594,-0.05469753657661158,0.061100125312805176,-0.14080840349197388,-0.08462711115561206,0.04086273908615112,-0.09062254428863525,-0.07407123287401873,0.030377447605133057,-0.0642845630645752,-0.05768536095700938
0.0,0.0,0.0,-0.041560232639312744,-0.045115113258361816,-0.0296476148529905,-0.053776443004608154,-0.1228262186050415,-0.046478048013057105,-0.02927011251449585,-0.18862977623939514,-0.06247811769088685,-0.007678866386413574,-0.2408478856086731,-0.07546716560563027,-0.042664408683776855,-0.21310079097747803,-0.031475171492900245,-0.05418795347213745,-0.30228689312934875,-0.05967173357447564,-0.06059497594833374,-0.3590661883354187,-0.07377741117915093,-0.0646323561668396,-0.4094735085964203,-0.08158014346798836,0.0014063715934753418,-0.20592603087425232,-0.03649386395653664,0.016338348388671875,-0.3075760304927826,-0.07471253354987084,0.02882528305053711,-0.3715909719467163,-0.09492221851786553,0.042259395122528076,-0.4272269010543823,-0.10217640181025445,0.039328575134277344,-0.17423933744430542,-0.04380443696817338,0.04217100143432617,-0.19492530822753906,-0.0905064605637449,0.020239293575286865,-0.1263117790222168,-0.08905706186732232,0.00856029987335205,-0.08591419458389282,-0.0738084875508207,0.06969356536865234,-0.1317838430404663,-0.0530097894831556,0.06120860576629639,-0.1419515609741211,-0.08537038047751366,0.04103940725326538,-0.08960705995559692,-0.07713679601391732,0.02853494882583618,-0.05961114168167114,-0.062044993089045875
0.0,0.0,0.0,-0.044138550758361816,-0.044333696365356445,-0.031242853450123675,-0.058249056339263916,-0.12202489376068115,-0.048959713848773845,-0.033326148986816406,-0.18990841507911682,-0.0654807430231017,-0.013622462749481201,-0.24377715587615967,-0.07897033956879795,-0.042962610721588135,-0.21435430645942688,-0.033935349854175456,-0.054600656032562256,-0.30401042103767395,-0.06294273254508198,-0.06183964014053345,-0.361585795879364,-0.07784998831385792,-0.06672769784927368,-0.4130638837814331,-0.08615424898499668,0.0009261965751647949,-0.20727267861366272,-0.03834343371028126,0.013273000717163086,-0.30908480286598206,-0.07723796037072361,0.024137675762176514,-0.37472376227378845,-0.09741855082148732,0.03600513935089111,-0.4317397475242615,-0.10467266705865086,0.03944039344787598,-0.17551004886627197,-0.04515950423711956,0.04252588748931885,-0.19650974869728088,-0.09358854261273564,0.01972377300262451,-0.12701839208602905,-0.09269358632201374,0.006674587726593018,-0.08238792419433594,-0.0774055909835738,0.0707014799118042,-0.13199514150619507,-0.05388111663097561,0.062384605407714844,-0.14247184991836548,-0.0882366639100951,0.040995895862579346,-0.08956915140151978,-0.08061918285721958,0.02768653631210327,-0.05609184503555298,-0.06554572698706806
0.0,0.0,0.0,-0.04304349422454834,-0.041790008544921875,-0.023788539570375633,-0.060883402824401855,-0.12930291891098022,-0.03693667600731487,-0.029714345932006836,-0.1924227774143219,-0.050600526732011986,0.011538207530975342,-0.2128802239894867,-0.06253594706635113,-0.039392948150634766,-0.21200379729270935,-0.029446283232971382,-0.04821270704269409,-0.30391860008239746,-0.05491088504771824,-0.05249500274658203,-0.36188286542892456,-0.06843969027380581,-0.05485564470291138,-0.4117887616157532,-0.0770800466356718,0.004166960716247559,-0.2047836184501648,-0.03606622095088596,0.020132362842559814,-0.30271995067596436,-0.07056271086315746,0.030838310718536377,-0.3675193190574646,-0.0897121633110487,0.041952311992645264,-0.4230552315711975,-0.09745680342297192,0.04122418165206909,-0.17459017038345337,-0.044192248832985115,0.041471004486083984,-0.1921488642692566,-0.08655483822207088,0.0174100399017334,-0.12452512979507446,-0.08582195441107388,0.0033745765686035156,-0.08063322305679321,-0.07214950571636791,0.07004743814468384,-0.13373810052871704,-0.05396511952261562,0.05785655975341797,-0.1420964002609253,-0.08465128938536282,0.03666329383850098,-0.09012991189956665,-0.07812526623587246,0.025490641593933105,-0.05555891990661621,-0.06490336160044308
0.0,0.0,0.0,-0.042884767055511475,-0.04152160882949829,-0.024548565361101282,-0.06025898456573486,-0.12847298383712769,-0.037652974340517176,-0.028546154499053955,-0.19122174382209778,-0.051100814107257975,0.011780142784118652,-0.21271979808807373,-0.06277811280210699,-0.039422690868377686,-0.21102386713027954,-0.029088144514162195,-0.046726763248443604,-0.30284184217453003,-0.05412352583130087,-0.05091416835784912,-0.36005327105522156,-0.06758455685098852,-0.05322611331939697,-0.4094846844673157,-0.0762804274888822,0.0036957263946533203,-0.20314931869506836,-0.03531756750066961,0.01788872480392456,-0.2989872694015503,-0.0690610607596227,0.02841198444366455,-0.3638055920600891,-0.08770661554058279,0.03971606492996216,-0.4198204576969147,-0.09551217905004705,0.04028451442718506,-0.172876238822937,-0.04330702996571745,0.04359203577041626,-0.1911182403564453,-0.08545836559255804,0.019326984882354736,-0.1238631010055542,-0.08491521826704229,0.004255175590515137,-0.07997357845306396,-0.0717611660691091,0.06896787881851196,-0.13210761547088623,-0.05309458574970449,0.06016463041305542,-0.1402466893196106,-0.08450524261911596,0.037763237953186035,-0.08825868368148804,-0.078800303253729,0.024031102657318115,-0.05405104160308838,-0.06636018058975424
0.0,0.0,0.0,-0.04370003938674927,-0.042257845401763916,-0.02405538307129973,-0.06093299388885498,-0.12833279371261597,-0.03725290195643538,-0.03081268072128296,-0.19200685620307922,-0.05089960889517897,0.009803593158721924,-0.213994562625885,-0.06287326933443182,-0.03799891471862793,-0.21126464009284973,-0.027979348689314065,-0.04666012525558472,-0.3024778366088867,-0.05350997941195601,-0.051666080951690674,-0.3593827486038208,-0.06703734667598837,-0.055151283740997314,-0.4087221026420593,-0.07544565470516318,0.005941987037658691,-0.2040214240550995,-0.034906524136658845,0.019011735916137695,-0.30228567123413086,-0.0683674615770542,0.02696835994720459,-0.3658524453639984,-0.08662191303073996,0.036187946796417236,-0.4221227169036865,-0.09366389633714789,0.043462157249450684,-0.17326593399047852,-0.043688996598120866,0.04244530200958252,-0.19129416346549988,-0.08565887333452338,0.017594754695892334,-0.1248701810836792,-0.08536898614465827,0.004370510578155518,-0.08386462926864624,-0.07208100976049536,0.07253366708755493,-0.13098090887069702,-0.05415489049255484,0.05916857719421387,-0.13666987419128418,-0.08424441041051978,0.037272870540618896,-0.08583563566207886,-0.0779553157240116,0.026377975940704346,-0.05514883995056152,-0.06514443726837271
0.0,0.0,0.0,-0.044645607471466064,-0.04072445631027222,-0.024754044534631703,-0.06164753437042236,-0.13061857223510742,-0.037216377379365895,-0.03060007095336914,-0.19409379363059998,-0.050197952361770604,0.008620977401733398,-0.21153771877288818,-0.061672196658321354,-0.04028385877609253,-0.21244069933891296,-0.02891974982804868,-0.04685211181640625,-0.3036888539791107,-0.05450891417450521,-0.05140721797943115,-0.36143261194229126,-0.06836158868856046,-0.054534971714019775,-0.41145554184913635,-0.07740261492318723,0.002672851085662842,-0.2061794102191925,-0.03550094080156896,0.016630470752716064,-0.3040355443954468,-0.06992773053235624,0.0257338285446167,-0.3700626790523529,-0.08932139066047284,0.03564804792404175,-0.4275106191635132,-0.09748047676868055,0.0395054817199707,-0.17633748054504395,-0.04393304598517034,0.043189287185668945,-0.19407564401626587,-0.08649747905320737,0.019233644008636475,-0.1284465193748474,-0.08713606831616971,0.00464099645614624,-0.08598321676254272,-0.07471941498107526,0.06840759515762329,-0.13561326265335083,-0.054199942322441075,0.058834850788116455,-0.1418665051460266,-0.08566960779018018,0.03699374198913574,-0.09052836894989014,-0.08065365341491315,0.024608850479125977,-0.05722600221633911,-0.06876638618297193
0.0,0.0,0.0,-0.04577779769897461,-0.04038596153259277,-0.02559046677652077,-0.06717580556869507,-0.1250353455543518,-0.038739895889193576,-0.0388604998588562,-0.19213292002677917,-0.05221323154273705,0.0018852949142456055,-0.2192091941833496,-0.06410402662459092,-0.05140596628189087,-0.20647326111793518,-0.028446458721191448,-0.06972509622573853,-0.2974943518638611,-0.05486593253317551,-0.0815662145614624,-0.35550713539123535,-0.06822524822655396,-0.09030824899673462,-0.4054425358772278,-0.07576023645106034,-0.008960485458374023,-0.20511484146118164,-0.03411919108930306,-0.005379796028137207,-0.3098217248916626,-0.06784433729353623,-0.0033968091011047363,-0.37890249490737915,-0.08509646213951783,0.0005919337272644043,-0.43702876567840576,-0.0908490852207251,0.029468178749084473,-0.1800765097141266,-0.04214862964454369,0.029977083206176758,-0.20458775758743286,-0.08811110115948395,0.01140528917312622,-0.13441330194473267,-0.0897879884332724,0.0019310712814331055,-0.08513456583023071,-0.07590099281969742,0.06046634912490845,-0.1426829695701599,-0.051606571742922824,0.04952448606491089,-0.15601539611816406,-0.08529046780768113,0.03126245737075806,-0.10174793004989624,-0.0801693857401915,0.022848010063171387,-0.06217241287231445,-0.06689943231049256
0.0,0.0,0.0,-0.04597151279449463,-0.03507333993911743,-0.02606606865538197,-0.07394003868103027,-0.11621999740600586,-0.04067393029345112,-0.0494004487991333,-0.1842811107635498,-0.05571948373926716,-0.009647965431213379,-0.21153542399406433,-0.06898513445867138,-0.0617063045501709,-0.20592278242111206,-0.031217366552482417,-0.0840488076210022,-0.29559871554374695,-0.05743822464955883,-0.0990186333656311,-0.3513551950454712,-0.07106615612519818,-0.1104055643081665,-0.4001043140888214,-0.07937530437720852,-0.01831233501434326,-0.20720988512039185,-0.03786900276554661,-0.018388092517852783,-0.31134742498397827,-0.07111052433265286,-0.018767356872558594,-0.3794589042663574,-0.08853826681388455,-0.016723275184631348,-0.44043609499931335,-0.09514706591380673,0.02277737855911255,-0.18276819586753845,-0.04661989594114857,0.024139463901519775,-0.21240800619125366,-0.09041571626676159,0.009156227111816406,-0.1385197639465332,-0.08965888628972607,0.002254009246826172,-0.08955764770507812,-0.0751503557921751,0.057643115520477295,-0.14412081241607666,-0.05706281224502163,0.04958236217498779,-0.16405034065246582,-0.0879306943179472,0.035536348819732666,-0.11406475305557251,-0.08059136579049664,0.030293583869934082,-0.08086574077606201,-0.06664522001756268
0.0,0.0,0.0,-0.045696377754211426,-0.03842383623123169,-0.028690174365237908,-0.06422388553619385,-0.11670231819152832,-0.04310277863760348,-0.045688509941101074,-0.18729686737060547,-0.05660964190383311,-0.037865638732910156,-0.24331477284431458,-0.06732370718737002,-0.05578804016113281,-0.21112558245658875,-0.028635306427077012,-0.07560020685195923,-0.29704195261001587,-0.054906498784021096,-0.08868640661239624,-0.35178953409194946,-0.06834451123495455,-0.0992996096611023,-0.40059229731559753,-0.07534516617079134,-0.013215065002441406,-0.20776334404945374,-0.03355963915009852,-0.012149393558502197,-0.3132970929145813,-0.06782920672912951,-0.010590910911560059,-0.3790762424468994,-0.08577250703592654,-0.006754577159881592,-0.43742942810058594,-0.09173215940018054,0.026739954948425293,-0.17924633622169495,-0.041092451805070596,0.030394375324249268,-0.20749861001968384,-0.08695001914520617,0.015277385711669922,-0.13804370164871216,-0.08634170904178973,0.007756173610687256,-0.09230345487594604,-0.07131697996874209,0.060511112213134766,-0.13768315315246582,-0.05021295710821505,0.05370903015136719,-0.1599370837211609,-0.08274314566870089,0.03809177875518799,-0.10827434062957764,-0.07440765216369982,0.029600977897644043,-0.0735325813293457,-0.05895382925291415
0.0,0.0,0.0,-0.04656714200973511,-0.03655344247817993,-0.029650979031885072,-0.06676805019378662,-0.1143004298210144,-0.04604635230180065,-0.04620528221130371,-0.18367546796798706,-0.06142140394922535,-0.03274178504943848,-0.23620665073394775,-0.07429371244188587,-0.05484801530838013,-0.2064952552318573,-0.03485922730442326,-0.07223623991012573,-0.2949582040309906,-0.0637960827993993,-0.0837411880493164,-0.3514154255390167,-0.07895035511728565,-0.09259909391403198,-0.40226906538009644,-0.08711609459396641,-0.011639237403869629,-0.20446085929870605,-0.040057273869479104,-0.008915483951568604,-0.30976778268814087,-0.07678443408485691,-0.008172333240509033,-0.37685930728912354,-0.09575965470548908,-0.005813419818878174,-0.43655696511268616,-0.10231244034048359,0.028743505477905273,-0.17736509442329407,-0.04751347965475361,0.03155052661895752,-0.20254650712013245,-0.09496841794725697,0.015532910823822021,-0.13077318668365479,-0.0939639157700185,0.006434381008148193,-0.08368039131164551,-0.07844677037473957,0.062744140625,-0.13720554113388062,-0.05666164896365444,0.05576300621032715,-0.15321040153503418,-0.09010327822443287,0.03895699977874756,-0.09971815347671509,-0.08157677418466847,0.028871536254882812,-0.06445789337158203,-0.0658436737107877
0.0,0.0,0.0,-0.048425257205963135,-0.035792410373687744,-0.02805283901278699,-0.0715646743774414,-0.11174076795578003,-0.04395341177468026,-0.0522388219833374,-0.18156471848487854,-0.059423834579035884,-0.03616386651992798,-0.23268157243728638,-0.07238404129628861,-0.06018298864364624,-0.20444265007972717,-0.03177179818038667,-0.0809277892112732,-0.2924807667732239,-0.05999971230511392,-0.09528768062591553,-0.3475998640060425,-0.07524730687026704,-0.10615545511245728,-0.39646995067596436,-0.08398934130553926,-0.017694473266601562,-0.20525828003883362,-0.037562322365090495,-0.018456220626831055,-0.30703243613243103,-0.07478985612277711,-0.019000649452209473,-0.374784916639328,-0.09534145568494523,-0.016940534114837646,-0.4363238960504532,-0.10341165636663163,0.02289038896560669,-0.18062618374824524,-0.0454910737741443,0.024505138397216797,-0.2090679109096527,-0.0918593821394893,0.010412514209747314,-0.13910901546478271,-0.09086928938512528,0.00302278995513916,-0.09276360273361206,-0.07604995791797364,0.05789518356323242,-0.1425808072090149,-0.05514426578764642,0.05077868700027466,-0.16195857524871826,-0.08790681187991822,0.03659927845001221,-0.1123884916305542,-0.07969052021388734,0.029355764389038086,-0.07916885614395142,-0.06448036854152406
0.0,0.0,0.0,-0.05085939168930054,-0.0392918586730957,-0.023736520345323697,-0.08451861143112183,-0.11736330389976501,-0.038427929068916455,-0.07174640893936157,-0.18777671456336975,-0.05374171086680235,-0.03569918870925903,-0.22290411591529846,-0.06700117760431112,-0.04776948690414429,-0.20369231700897217,-0.028429240594618932,-0.06032639741897583,-0.298094779253006,-0.05513176568877043,-0.069114089012146,-0.3552260845899582,-0.06960307681094946,-0.07511395215988159,-0.4041023999452591,-0.07807900630962195,-0.007529139518737793,-0.1981109380722046,-0.03559092306625189,-0.002270042896270752,-0.3017095625400543,-0.06917458647023977,0.0005353689193725586,-0.3673020750284195,-0.08633367591630758,0.006125211715698242,-0.4241320341825485,-0.09270099424850287,0.029924988746643066,-0.17106351256370544,-0.044839284057729856,0.029033005237579346,-0.20308783650398254,-0.08739892267715277,0.007425129413604736,-0.14083600044250488,-0.08669804656040014,-0.00480496883392334,-0.09745156764984131,-0.07323788725864233,0.06254017353057861,-0.13167187571525574,-0.055695443089121,0.054706692695617676,-0.15446597337722778,-0.08509810143243612,0.03561997413635254,-0.11073604226112366,-0.07792327427398504,0.024325430393218994,-0.0805426836013794,-0.0647574576092893
0.0,0.0,0.0,-0.052507102489471436,-0.038677096366882324,-0.02172599118864582,-0.08475673198699951,-0.12080249190330505,-0.033295101865292054,-0.06733465194702148,-0.1918443739414215,-0.04566834439253853,-0.029958605766296387,-0.22251147031784058,-0.05655430947160767,-0.05393564701080322,-0.20260581374168396,-0.02523842026209877,-0.06432318687438965,-0.29591917991638184,-0.04897572790002869,-0.07249647378921509,-0.35242846608161926,-0.06207537223315285,-0.07848966121673584,-0.3999115228652954,-0.07021167074060486,-0.01505589485168457,-0.1976979374885559,-0.03259504531240509,-0.01033109426498413,-0.3026364743709564,-0.06304005478239105,-0.007648885250091553,-0.3703977167606354,-0.0797967681727414,-0.001630246639251709,-0.4269631803035736,-0.08674523179149674,0.021681904792785645,-0.170508474111557,-0.04169391412949608,0.02375251054763794,-0.2084621787071228,-0.08131639604187058,0.004503369331359863,-0.1469651758670807,-0.08083480541324661,-0.0055876970291137695,-0.10172784328460693,-0.0684282401642804,0.05310875177383423,-0.13083118200302124,-0.05226225350713776,0.04510629177093506,-0.15534335374832153,-0.08131917510843323,0.028438031673431396,-0.11226761341094971,-0.07472368274545715,0.02023613452911377,-0.08057421445846558,-0.06220242698407219
0.0,0.0,0.0,-0.05268925428390503,-0.03480648994445801,-0.02378952783828936,-0.08719313144683838,-0.11712610721588135,-0.036958550115286926,-0.07197684049606323,-0.18996834754943848,-0.050455217261969665,-0.034368276596069336,-0.22187280654907227,-0.062156454672276595,-0.05474889278411865,-0.2016298472881317,-0.02944077459460459,-0.06800448894500732,-0.29619520902633667,-0.05530842115467749,-0.07677161693572998,-0.3530581295490265,-0.06910876651591025,-0.08275294303894043,-0.401394858956337,-0.07744181623047552,-0.01479947566986084,-0.1977546215057373,-0.0365032637614604,-0.010306060314178467,-0.3042054772377014,-0.07004793455189429,-0.00744318962097168,-0.3713468611240387,-0.08742267360275946,-0.0015412569046020508,-0.42839212715625763,-0.09400584270542822,0.022790372371673584,-0.17161959409713745,-0.04527995084708891,0.026002347469329834,-0.20738822221755981,-0.08751222213095389,0.005915820598602295,-0.14192664623260498,-0.08607437183445654,-0.0050716400146484375,-0.09693506360054016,-0.0722432257730361,0.05584937334060669,-0.13270965218544006,-0.055647951563059905,0.04879051446914673,-0.15390577912330627,-0.08603901882952414,0.03135639429092407,-0.10687816143035889,-0.07872854640072546,0.022218048572540283,-0.07570540904998779,-0.06525630970782004
0.0,0.0,0.0,-0.05231177806854248,-0.03703588247299194,-0.024440723062241432,-0.08260643482208252,-0.11933231353759766,-0.03812195971676147,-0.06548023223876953,-0.19269436597824097,-0.051965097487652656,-0.03297466039657593,-0.23174121975898743,-0.06379381805726325,-0.05341702699661255,-0.2033449411392212,-0.02915848098763263,-0.06467419862747192,-0.29856860637664795,-0.055112725645983573,-0.073017418384552,-0.35588058829307556,-0.06862545996972358,-0.07910609245300293,-0.40475569665431976,-0.07644519448348319,-0.01266556978225708,-0.20060640573501587,-0.03575666487284934,-0.007390081882476807,-0.30527734756469727,-0.06900199741193092,-0.005302846431732178,-0.3712552785873413,-0.0864496105916146,0.00016498565673828125,-0.42860063910484314,-0.09299243480035102,0.025366008281707764,-0.17544987797737122,-0.0442898185557965,0.02652043104171753,-0.20277473330497742,-0.08520844072171485,0.006688892841339111,-0.13935458660125732,-0.08325740933486259,-0.003363490104675293,-0.09830105304718018,-0.06943296134539878,0.05808067321777344,-0.13763150572776794,-0.054628534764731285,0.051376402378082275,-0.15510505437850952,-0.08265319705077445,0.03467082977294922,-0.10996195673942566,-0.07435796648331916,0.025852739810943604,-0.08174782991409302,-0.06056981399723327
0.0,0.0,0.0,-0.04940122365951538,-0.04176318645477295,-0.02517539255148904,-0.06866949796676636,-0.12653163075447083,-0.03849584787911908,-0.04805910587310791,-0.2014354169368744,-0.051896693108744785,-0.03660696744918823,-0.2618444263935089,-0.06253677040166394,-0.051949143409729004,-0.2146187126636505,-0.024861283524103328,-0.061121582984924316,-0.306827187538147,-0.04978546678847806,-0.06565243005752563,-0.36289437115192413,-0.06305746167726056,-0.06752669811248779,-0.41220515966415405,-0.07072387814349668,-0.009923756122589111,-0.20652499794960022,-0.030853908432789012,-0.0018912553787231445,-0.30752721428871155,-0.06627953231162564,0.00040096044540405273,-0.37449993193149567,-0.08686359405345456,0.00765836238861084,-0.43357884883880615,-0.09562845706767575,0.028445720672607422,-0.17619231343269348,-0.038755239842600986,0.024856746196746826,-0.20296606421470642,-0.08132229924029843,0.0033611655235290527,-0.13233670592308044,-0.07796199053353803,-0.004888594150543213,-0.08809033036231995,-0.06271518200463788,0.06147235631942749,-0.135701984167099,-0.04844310313291089,0.04518955945968628,-0.15740534663200378,-0.07867783486670987,0.026736855506896973,-0.10634180903434753,-0.0694171357137634,0.018918275833129883,-0.07487607002258301,-0.05419892251319425
0.0,0.0,0.0,-0.048200249671936035,-0.040356218814849854,-0.02609293752107078,-0.06798535585403442,-0.1255137026309967,-0.039716603539318385,-0.04860275983810425,-0.20106300711631775,-0.053110769323438944,-0.03444838523864746,-0.2603122889995575,-0.06383390941414291,-0.04921770095825195,-0.21176666021347046,-0.027197642556757273,-0.05707746744155884,-0.30714213848114014,-0.05298404239806587,-0.06152701377868652,-0.3652667850255966,-0.06628602214846069,-0.06359457969665527,-0.4156947731971741,-0.07372440614494735,-0.007516384124755859,-0.20324736833572388,-0.03292747431191856,0.0016300678253173828,-0.3090848922729492,-0.06883732446226531,0.004820883274078369,-0.3783823698759079,-0.08931536444220001,0.012212157249450684,-0.43856650590896606,-0.09785427369865829,0.030196666717529297,-0.17294764518737793,-0.0405635482886737,0.02866232395172119,-0.20340022444725037,-0.08448267199787551,0.007011592388153076,-0.13536176085472107,-0.08244345553907806,-0.002469301223754883,-0.09169387817382812,-0.06782012649568969,0.062260985374450684,-0.13286817073822021,-0.049881717495054545,0.04837769269943237,-0.1543617844581604,-0.08147627332004959,0.029650747776031494,-0.10368689894676208,-0.07324023016485626,0.020588397979736328,-0.07155150175094604,-0.05858506851586753
0.0,0.0,0.0,-0.0488930344581604,-0.0377621054649353,-0.02728931841636495,-0.06930363178253174,-0.12117362022399902,-0.041785249982126516,-0.05033928155899048,-0.1954074203968048,-0.05579494548226194,-0.03780007362365723,-0.2547047734260559,-0.06692857158566312,-0.05034637451171875,-0.20670083165168762,-0.029981952656157773,-0.05799025297164917,-0.3047514855861664,-0.055765545491226476,-0.06211167573928833,-0.36422082781791687,-0.068903288368233,-0.06337380409240723,-0.41461825370788574,-0.07627260548258619,-0.009205937385559082,-0.19918042421340942,-0.03470137578631238,-0.0002962350845336914,-0.3031088411808014,-0.07051018488789396,0.004747152328491211,-0.3715116083621979,-0.09020015460635022,0.01427072286605835,-0.43011268973350525,-0.09825266760969953,0.0281335711479187,-0.17047297954559326,-0.04137623918438749,0.0284385085105896,-0.20099523663520813,-0.08391824973011808,0.006765425205230713,-0.13397076725959778,-0.08045931768799619,-0.0038930177688598633,-0.09090042114257812,-0.06535710257674054,0.06054419279098511,-0.13193345069885254,-0.05000455168271856,0.05042922496795654,-0.1561199128627777,-0.0806259424724658,0.03256559371948242,-0.10874214768409729,-0.07206708056116895,0.022562265396118164,-0.07829201221466064,-0.057397412631758016
0.0,0.0,0.0,-0.05046212673187256,-0.03528738021850586,-0.02787654270201756,-0.07290124893188477,-0.12283250689506531,-0.042678234919605984,-0.053749799728393555,-0.20307564735412598,-0.056861808344422116,-0.04024636745452881,-0.2649552822113037,-0.06830004025965764,-0.04961174726486206,-0.20495757460594177,-0.032646911039648785,-0.056787729263305664,-0.3079126477241516,-0.059754924669562115,-0.05992329120635986,-0.3688912093639374,-0.07343462277918889,-0.06001925468444824,-0.42054611444473267,-0.08126668800383641,-0.008633136749267578,-0.19775542616844177,-0.03754071314602925,-0.0005317330360412598,-0.30689865350723267,-0.07530021835833622,0.005264639854431152,-0.3761793524026871,-0.09559160639315678,0.015715956687927246,-0.43709078431129456,-0.10396206547289921,0.029167234897613525,-0.16965842247009277,-0.0441844591942413,0.028558075428009033,-0.20524951815605164,-0.0879827680137737,0.006066083908081055,-0.13597404956817627,-0.08314167131453587,-0.004980504512786865,-0.09277188777923584,-0.06701382417946888,0.06241798400878906,-0.1315149962902069,-0.05285312403708531,0.050012052059173584,-0.15790510177612305,-0.08465107698708607,0.031488776206970215,-0.10923469066619873,-0.07526245136529042,0.021027207374572754,-0.07948625087738037,-0.059885376885233654
0.0,0.0,0.0,-0.05310666561126709,-0.02621173858642578,-0.026839355035406243,-0.08820641040802002,-0.10158807039260864,-0.042606331436616074,-0.08416563272476196,-0.18101587891578674,-0.058472126750928055,-0.08431512117385864,-0.2445979118347168,-0.07150391492126573,-0.08204883337020874,-0.19309002161026,-0.030327180429083,-0.11659771203994751,-0.2808670401573181,-0.0598021969485103,-0.13862904906272888,-0.33424097299575806,-0.07503801587102998,-0.15501347184181213,-0.3819230943918228,-0.08357581499097932,-0.03938090801239014,-0.2015683948993683,-0.03726297619817842,-0.05240112543106079,-0.30966973304748535,-0.07828845831630815,-0.06322598457336426,-0.3795407861471176,-0.10131427648542513,-0.06750524044036865,-0.44263756275177,-0.1105272472190677,0.0038053393363952637,-0.18487516045570374,-0.04601037505148042,-0.010391831398010254,-0.21186664700508118,-0.09411482515810121,-0.02057117223739624,-0.13862133026123047,-0.09235019984720338,-0.020676791667938232,-0.09365111589431763,-0.07672532650707353,0.04296165704727173,-0.15585783123970032,-0.05643754455326189,0.02012455463409424,-0.17004308104515076,-0.08934160324810136,0.008452832698822021,-0.11516821384429932,-0.08013194057224382,0.00611501932144165,-0.08161306381225586,-0.06418585780141939
0.0,0.0,0.0,-0.051591336727142334,-0.028989136219024658,-0.027398643955336865,-0.08220243453979492,-0.10940307378768921,-0.04249187366639262,-0.07385069131851196,-0.18879666924476624,-0.05749334575210696,-0.07208681106567383,-0.2524731457233429,-0.06946157844339496,-0.07108789682388306,-0.1985762119293213,-0.03055434481774455,-0.09910106658935547,-0.2901647686958313,-0.05929441185270434,-0.11634033918380737,-0.346944659948349,-0.07389231206451541,-0.12842607498168945,-0.3968915641307831,-0.08225290657554751,-0.02920997142791748,-0.20190197229385376,-0.036874210402118024,-0.03584855794906616,-0.3076765239238739,-0.07804688991581088,-0.04267740249633789,-0.375974640250206,-0.10095492930685168,-0.04312163591384888,-0.4372693598270416,-0.110276075020181,0.01182013750076294,-0.1810295581817627,-0.0450384448615182,0.0004820823669433594,-0.2070690393447876,-0.092398578241216,-0.01267087459564209,-0.13381218910217285,-0.08959402324234134,-0.015140235424041748,-0.09140604734420776,-0.07371147902284747,0.048885464668273926,-0.14943182468414307,-0.055066266968594846,0.027474939823150635,-0.16497814655303955,-0.08745270402704364,0.014661669731140137,-0.11074084043502808,-0.07824481458936816,0.011083364486694336,-0.08089357614517212,-0.06268517853294497
0.0,0.0,0.0,-0.048618197441101074,-0.05490446090698242,-0.021349331985533126,-0.06100195646286011,-0.14485570788383484,-0.03211296225649107,-0.043202340602874756,-0.21777558326721191,-0.044092680017769226,-0.029568016529083252,-0.2751399874687195,-0.05361897374254454,-0.029641568660736084,-0.21947193145751953,-0.022718430186927208,-0.04060971736907959,-0.31848394870758057,-0.05126737679105986,-0.047591209411621094,-0.378887414932251,-0.06568354244095076,-0.050775766372680664,-0.42919714748859406,-0.07289011652332533,0.013163924217224121,-0.21343418955802917,-0.03016827503901709,0.008308053016662598,-0.31431907415390015,-0.06436703975063551,0.005690157413482666,-0.38331666588783264,-0.08344538385730971,0.009451687335968018,-0.443426251411438,-0.09014513219457854,0.0482252836227417,-0.18435055017471313,-0.03987063715916861,0.00501018762588501,-0.19274437427520752,-0.07955016816717375,-0.014271199703216553,-0.13057082891464233,-0.07881697888237227,-0.01459348201751709,-0.09120315313339233,-0.0656664880619644,0.07160699367523193,-0.14454254508018494,-0.051684173445522674,0.019008219242095947,-0.12880247831344604,-0.07866071785551298,-0.001780688762664795,-0.0822591781616211,-0.07337796563965071,-0.002029716968536377,-0.054964542388916016,-0.06118869657379378
0.0,0.0,0.0,-0.05067259073257446,-0.041723787784576416,-0.03039195481767365,-0.06981039047241211,-0.1283867359161377,-0.04595282208254048,-0.04771387577056885,-0.20721334218978882,-0.060173559003374066,-0.03336656093597412,-0.26966169476509094,-0.07122636865904042,-0.04706859588623047,-0.21364277601242065,-0.03362201806237408,-0.05748319625854492,-0.313581645488739,-0.06200170051386067,-0.06497412919998169,-0.37468352913856506,-0.07642995845606038,-0.07055407762527466,-0.42837926745414734,-0.08461244683792302,-0.0037460923194885254,-0.20851051807403564,-0.03767107334067532,0.009465038776397705,-0.316182017326355,-0.07655593287279316,0.017074286937713623,-0.38747523725032806,-0.09812615346243092,0.02665531635284424,-0.44806501269340515,-0.10686806123783299,0.033690690994262695,-0.17994064092636108,-0.04379628505637356,0.04040485620498657,-0.20149695873260498,-0.08954043965866276,0.01766902208328247,-0.1326543688774109,-0.08682157378723332,0.003437221050262451,-0.08749383687973022,-0.07125490438272664,0.06529462337493896,-0.1401517391204834,-0.05215174611737439,0.059872567653656006,-0.15048548579216003,-0.08572086226274678,0.041525959968566895,-0.09836488962173462,-0.07799536269237706,0.028888702392578125,-0.06570810079574585,-0.0630847541623325
