0.0,0.0,0.0,-0.056104302406311035,-0.023568451404571533,-0.01874198833064611,-0.08876407146453857,-0.10765671730041504,-0.03147457794801767,-0.058136940002441406,-0.17898714542388916,-0.04368647070185716,-0.021786630153656006,-0.23949038982391357,-0.05465243266479547,-0.1040007472038269,-0.16823741793632507,-0.009075530558391165,-0.12771987915039062,-0.20543324947357178,-0.036919745370312285,-0.11224883794784546,-0.15336939692497253,-0.059292687788172316,-0.0889284610748291,-0.10093122720718384,-0.07101217539565141,-0.07366043329238892,-0.1862625777721405,-0.013752985499365877,-0.1066429615020752,-0.24363484978675842,-0.04050263644711549,-0.09592598676681519,-0.18709030747413635,-0.0559653329993921,-0.0732850432395935,-0.12760129570960999,-0.06034836427824075,-0.035005390644073486,-0.19017496705055237,-0.022501305430694174,-0.061539411544799805,-0.2710643410682678,-0.048900800510807585,-0.05865657329559326,-0.2239215075969696,-0.057714032694264006,-0.04622340202331543,-0.17141109704971313,-0.05928816901104028,0.005944430828094482,-0.17911994457244873,-0.03219186024324472,-0.02381002902984619,-0.18004310131072998,-0.05702686564580972,-0.01975691318511963,-0.12177392840385437,-0.06147481010810907,-0.006841719150543213,-0.07755082845687866,-0.06076921404854829
0.0,0.0,0.0,-0.06093776226043701,-0.019955694675445557,-0.01503347763707552,-0.09628230333328247,-0.100644052028656,-0.02708804020574007,-0.06552368402481079,-0.17057138681411743,-0.03908512527038965,-0.036190807819366455,-0.22634631395339966,-0.051577513757251836,-0.10476678609848022,-0.15037742257118225,-0.015678893494509794,-0.13890868425369263,-0.18654757738113403,-0.043300276341938115,-0.1247900128364563,-0.14234161376953125,-0.0640905254512063,-0.10209041833877563,-0.09864690899848938,-0.0743701213031045,-0.07195979356765747,-0.17308670282363892,-0.022298907580875493,-0.10989993810653687,-0.23343592882156372,-0.04879890168001566,-0.1008424162864685,-0.17821049690246582,-0.06352590555241022,-0.08237200975418091,-0.12100619077682495,-0.06735254609873209,-0.03289628028869629,-0.18334528803825378,-0.03155809054067049,-0.07474291324615479,-0.24935823678970337,-0.057947331759237386,-0.0744161605834961,-0.19392991065979004,-0.064341215136551,-0.06333005428314209,-0.13996106386184692,-0.06397507870485697,0.006675243377685547,-0.1820068359375,-0.04138862872412119,-0.035688698291778564,-0.18019598722457886,-0.06483275974085245,-0.030018150806427002,-0.11660975217819214,-0.06561008626511011,-0.012097477912902832,-0.0698290467262268,-0.06210901746442232
0.0,0.0,0.0,-0.060289621353149414,-0.0203668475151062,-0.014827199146623116,-0.09335833787918091,-0.10217094421386719,-0.02691226159828375,-0.06062960624694824,-0.16845932602882385,-0.038591978006536465,-0.030023694038391113,-0.2204677164554596,-0.05113128279941748,-0.0973672866821289,-0.14721810817718506,-0.018914586730772953,-0.13571804761886597,-0.17620444297790527,-0.047034059517557125,-0.12428939342498779,-0.1289747953414917,-0.06721380432742308,-0.10329258441925049,-0.08321192860603333,-0.07680469086068342,-0.06648600101470947,-0.17046254873275757,-0.02556592119532297,-0.11231094598770142,-0.22135776281356812,-0.052187488280708294,-0.10447955131530762,-0.16572347283363342,-0.06578829964297483,-0.08513480424880981,-0.10888022184371948,-0.0689486347665138,-0.027962207794189453,-0.18101993203163147,-0.03477312704222868,-0.07427406311035156,-0.24204197525978088,-0.060678248160058956,-0.07504212856292725,-0.19073903560638428,-0.06731713642972181,-0.063448965549469,-0.14009207487106323,-0.0677182533373184,0.01215660572052002,-0.17915892601013184,-0.04441968803899954,-0.03100275993347168,-0.1726911962032318,-0.06686841031211088,-0.025219976902008057,-0.1108441948890686,-0.06769105126755903,-0.0064185261726379395,-0.06538045406341553,-0.06494965484040449
0.0,0.0,0.0,-0.05860722064971924,-0.017662882804870605,-0.013375996220560182,-0.09026610851287842,-0.09667840600013733,-0.0250733928565694,-0.05816298723220825,-0.16593778133392334,-0.03656216205999385,-0.029276371002197266,-0.22058019042015076,-0.04938376562640201,-0.09963679313659668,-0.1406612992286682,-0.017021535504312624,-0.13655221462249756,-0.17262566089630127,-0.04306321831390392,-0.1268182396888733,-0.1292288601398468,-0.06267455087944995,-0.10737842321395874,-0.08455514907836914,-0.0723911436085416,-0.06923913955688477,-0.16378319263458252,-0.02420492524251472,-0.11431515216827393,-0.21679949760437012,-0.05021399127289783,-0.1066022515296936,-0.16536042094230652,-0.06486327068850528,-0.0867120623588562,-0.1094115674495697,-0.06902055310055744,-0.030992984771728516,-0.17566972970962524,-0.033526817876548876,-0.07543885707855225,-0.24820184707641602,-0.06058000268384944,-0.07389312982559204,-0.20083463191986084,-0.06824598329112064,-0.059273362159729004,-0.15005433559417725,-0.06892010437294971,0.009016215801239014,-0.1751142144203186,-0.04279046373412143,-0.036287784576416016,-0.1741771399974823,-0.06803525852009784,-0.02925318479537964,-0.11406883597373962,-0.06969792263552677,-0.007937014102935791,-0.06760913133621216,-0.06682934479758273
0.0,0.0,0.0,-0.058657288551330566,-0.01556849479675293,-0.015001768858724063,-0.0914297103881836,-0.09563204646110535,-0.027273340763144915,-0.05912458896636963,-0.1655881702899933,-0.038603306429081385,-0.029152393341064453,-0.22104749083518982,-0.05101164491622967,-0.10058993101119995,-0.13972654938697815,-0.021538187430792277,-0.13734948635101318,-0.17156189680099487,-0.048442371802025264,-0.12656599283218384,-0.12935051321983337,-0.06807167516797108,-0.10578387975692749,-0.08375987410545349,-0.07761736647933049,-0.06892889738082886,-0.16450750827789307,-0.027423503489785617,-0.11390876770019531,-0.21681374311447144,-0.053524464981251185,-0.10519397258758545,-0.1663099229335785,-0.06731773601620716,-0.08418351411819458,-0.10984355211257935,-0.07109343694298786,-0.029933035373687744,-0.1770991086959839,-0.03540734635441822,-0.07493072748184204,-0.24338942766189575,-0.061569259183102076,-0.07341587543487549,-0.1950342357158661,-0.06854055510609669,-0.05897635221481323,-0.14298617839813232,-0.06920534061043782,0.00991523265838623,-0.1772749125957489,-0.043608166889839595,-0.034678637981414795,-0.17053508758544922,-0.06775618033259434,-0.028720438480377197,-0.11076322197914124,-0.0696822671756081,-0.009017348289489746,-0.06484025716781616,-0.06741853492110295
0.0,0.0,0.0,-0.059146106243133545,-0.015779554843902588,-0.015561380231304156,-0.09065216779708862,-0.09606927633285522,-0.028481222496850478,-0.05723482370376587,-0.1675598919391632,-0.04037355612359761,-0.028222382068634033,-0.2238025963306427,-0.05345293115220784,-0.10239279270172119,-0.1403292715549469,-0.021851042093260276,-0.1380184292793274,-0.1721799373626709,-0.049687143222911345,-0.1270275115966797,-0.12868398427963257,-0.07000726069651364,-0.10546833276748657,-0.08242911100387573,-0.07989000137291669,-0.0698043704032898,-0.16452479362487793,-0.027963936136586653,-0.11533504724502563,-0.21879631280899048,-0.054887242422921645,-0.10669213533401489,-0.16567334532737732,-0.06889293696127652,-0.08476686477661133,-0.10753068327903748,-0.0726188009544444,-0.029755115509033203,-0.17617735266685486,-0.036311823682410704,-0.07490605115890503,-0.24628153443336487,-0.06342614050350903,-0.07324564456939697,-0.19457420706748962,-0.07013447190962552,-0.057940542697906494,-0.14099013805389404,-0.07035753484211682,0.010592401027679443,-0.17541199922561646,-0.044857449637277114,-0.03531759977340698,-0.17070698738098145,-0.0698433926268649,-0.028812527656555176,-0.11102068424224854,-0.07171187158070325,-0.008169889450073242,-0.06721597909927368,-0.0692359318896365
0.0,0.0,0.0,-0.06090801954269409,-0.016299426555633545,-0.01420334080140151,-0.09201884269714355,-0.09821462631225586,-0.026071459109886064,-0.05545508861541748,-0.16817745566368103,-0.03730530297289647,-0.026125788688659668,-0.22444826364517212,-0.050037976409299745,-0.10323673486709595,-0.14104700088500977,-0.018001258428199662,-0.1397058367729187,-0.1719323992729187,-0.044405687655313386,-0.12806487083435059,-0.12816113233566284,-0.06448967387805737,-0.10719799995422363,-0.08290347456932068,-0.07463301351199902,-0.07198041677474976,-0.1655741035938263,-0.024407066459758653,-0.11853903532028198,-0.2134387195110321,-0.049761574770315065,-0.10779821872711182,-0.16169607639312744,-0.06475962331424512,-0.08580261468887329,-0.10598120093345642,-0.06995938351283826,-0.0328136682510376,-0.17750760912895203,-0.03314178815017499,-0.07721656560897827,-0.24951773881912231,-0.06050236901174344,-0.07247757911682129,-0.19991663098335266,-0.06934707989822186,-0.05658978223800659,-0.14705726504325867,-0.0713199936402873,0.007427334785461426,-0.17652252316474915,-0.04176896070967473,-0.03774702548980713,-0.17472100257873535,-0.06898253044019498,-0.02988535165786743,-0.11284098029136658,-0.07253602525125302,-0.009862542152404785,-0.06618475914001465,-0.07110374053846158
0.0,0.0,0.0,-0.06182593107223511,-0.024650514125823975,-0.013077726364770115,-0.0936707854270935,-0.10257390141487122,-0.025302744247653663,-0.06137913465499878,-0.17152613401412964,-0.03768589604709405,-0.03266352415084839,-0.22659796476364136,-0.051113999225833595,-0.10541695356369019,-0.14330637454986572,-0.01454706095222491,-0.14094221591949463,-0.17757099866867065,-0.04042333249066132,-0.12931126356124878,-0.1360096037387848,-0.06079929579112786,-0.10836291313171387,-0.09232333302497864,-0.07118625078413743,-0.07406824827194214,-0.1661372184753418,-0.021644429080822647,-0.11729878187179565,-0.22027093172073364,-0.04630472768161553,-0.10791891813278198,-0.16993442177772522,-0.06180862221930283,-0.08627885580062866,-0.11353760957717896,-0.0672735336801793,-0.03439676761627197,-0.1780741810798645,-0.030903690271713913,-0.07764041423797607,-0.25174012780189514,-0.05661308277461785,-0.0755888819694519,-0.2024833858013153,-0.06410632167074937,-0.059950411319732666,-0.1483495831489563,-0.06498098257992524,0.006863653659820557,-0.17782631516456604,-0.04025217775318879,-0.03839874267578125,-0.18324625492095947,-0.06427319232437867,-0.03184324502944946,-0.12338709831237793,-0.06525421772215623,-0.010737180709838867,-0.07496523857116699,-0.06207902241561669
0.0,0.0,0.0,-0.062080204486846924,-0.021580994129180908,-0.01294633771058784,-0.09380221366882324,-0.09723904728889465,-0.025585045355825287,-0.0624619722366333,-0.16647672653198242,-0.03830864212241636,-0.03500896692276001,-0.2232488989830017,-0.052000797602801185,-0.10700905323028564,-0.14214882254600525,-0.01660184493985639,-0.1413496732711792,-0.1765184998512268,-0.04364013603654371,-0.13028085231781006,-0.1328659951686859,-0.06404678455319868,-0.10944205522537231,-0.08796036243438721,-0.07426641068187223,-0.07545322179794312,-0.1650421917438507,-0.024162327188520294,-0.11838537454605103,-0.22236135601997375,-0.05017912692156301,-0.10945594310760498,-0.1691094934940338,-0.06506725332465635,-0.08811289072036743,-0.11136117577552795,-0.06960853121009336,-0.035438716411590576,-0.1765398383140564,-0.03376427597132192,-0.08059561252593994,-0.24937447905540466,-0.0599951513740109,-0.0786239504814148,-0.1976977288722992,-0.06620009920325742,-0.06286090612411499,-0.14397993683815002,-0.06598105958428846,0.006271719932556152,-0.17529356479644775,-0.04343262991633878,-0.04005718231201172,-0.1748574674129486,-0.06701409748521314,-0.03332841396331787,-0.11637595295906067,-0.06744307211366163,-0.011932909488677979,-0.07241180539131165,-0.06387528708901868
0.0,0.0,0.0,-0.06386291980743408,-0.022425353527069092,-0.012671432270053629,-0.09563201665878296,-0.0982060432434082,-0.02538421917552114,-0.06366550922393799,-0.16791653633117676,-0.03805617969328523,-0.03468424081802368,-0.22365060448646545,-0.05195325221711755,-0.1078941822052002,-0.1430370807647705,-0.017135843446794752,-0.1434674859046936,-0.17580929398536682,-0.04328164439493776,-0.1332606077194214,-0.1321685016155243,-0.06306727211767793,-0.11267507076263428,-0.0884358286857605,-0.07305843364292741,-0.07638728618621826,-0.16631078720092773,-0.02476037461156011,-0.12002813816070557,-0.22093001008033752,-0.04991734381610513,-0.11102485656738281,-0.16809481382369995,-0.0644326580672896,-0.08849620819091797,-0.11084610223770142,-0.06890870611960054,-0.036401450634002686,-0.17806574702262878,-0.034287486037555936,-0.08101040124893188,-0.24992552399635315,-0.05977442096764207,-0.07937920093536377,-0.20086175203323364,-0.06683427821690202,-0.06301677227020264,-0.14904636144638062,-0.06759733687931657,0.004980623722076416,-0.17669391632080078,-0.043797638079468015,-0.041641294956207275,-0.17513787746429443,-0.06698919813925386,-0.0347781777381897,-0.11611026525497437,-0.067882098069731,-0.01270759105682373,-0.0717068612575531,-0.06492345761353135
0.0,0.0,0.0,-0.06333112716674805,-0.021164894104003906,-0.01305260610487835,-0.09521400928497314,-0.0986039936542511,-0.025415428995160028,-0.0635024905204773,-0.16947272419929504,-0.03750392709579842,-0.036608994007110596,-0.22737252712249756,-0.05078967948165314,-0.1094786524772644,-0.14236751198768616,-0.01736704361346142,-0.14524376392364502,-0.17514997720718384,-0.0436455151876487,-0.13467001914978027,-0.13062158226966858,-0.06322556649055855,-0.11431598663330078,-0.08696839213371277,-0.07318375919666664,-0.07754594087600708,-0.16642984747886658,-0.024843321262864038,-0.12447106838226318,-0.21888720989227295,-0.050622469826606675,-0.11417603492736816,-0.16562581062316895,-0.06512682799902336,-0.09077775478363037,-0.10988691449165344,-0.06965897892322914,-0.03710806369781494,-0.1789412498474121,-0.03433660705294983,-0.08366400003433228,-0.2519364356994629,-0.06112097118702309,-0.07949703931808472,-0.19993525743484497,-0.06769147430267708,-0.06200319528579712,-0.14771336317062378,-0.06786987845507042,0.005235135555267334,-0.17834970355033875,-0.043765000148681565,-0.04237556457519531,-0.17650949954986572,-0.06850236569252388,-0.03433060646057129,-0.11565041542053223,-0.0696120998701133,-0.012179851531982422,-0.07196652889251709,-0.06664209727850334
0.0,0.0,0.0,-0.06379514932632446,-0.023532509803771973,-0.013468771024065518,-0.09767109155654907,-0.1012098491191864,-0.025980808554606938,-0.06699985265731812,-0.17150872945785522,-0.038365504486876034,-0.04124540090560913,-0.23029735684394836,-0.051319173319654965,-0.11312621831893921,-0.14357712864875793,-0.016660391135530972,-0.14687716960906982,-0.17836999893188477,-0.0441074881389909,-0.13506704568862915,-0.13422799110412598,-0.06460467238576939,-0.113536536693573,-0.08874586224555969,-0.07472980280073216,-0.08020550012588501,-0.1669967770576477,-0.024115291206555867,-0.12394481897354126,-0.22438937425613403,-0.051337147845345044,-0.11358654499053955,-0.17103126645088196,-0.0664739634528928,-0.09026610851287842,-0.11309763789176941,-0.07063697536142399,-0.03873848915100098,-0.17901599407196045,-0.033691975070553326,-0.08286678791046143,-0.2486090064048767,-0.06037154306324055,-0.08117371797561646,-0.19695433974266052,-0.06617488224657109,-0.06633466482162476,-0.1440785527229309,-0.06526470441968968,0.004232525825500488,-0.1783226728439331,-0.04339095835240414,-0.04050344228744507,-0.1818923056125641,-0.06552548219116261,-0.03411984443664551,-0.12211856245994568,-0.06413321454675724,-0.013738811016082764,-0.07678478956222534,-0.05928257365377476
0.0,0.0,0.0,-0.06548041105270386,-0.02010875940322876,-0.01258993278855769,-0.09833478927612305,-0.09569805860519409,-0.02484738584274737,-0.06601130962371826,-0.16822782158851624,-0.03728265259081809,-0.03962099552154541,-0.22611156105995178,-0.05089257228786437,-0.11182445287704468,-0.13988587260246277,-0.01587471682245223,-0.1469709277153015,-0.17462310194969177,-0.04128828216011016,-0.1357325315475464,-0.13081419467926025,-0.06112530771309821,-0.11543828248977661,-0.08733460307121277,-0.07210759017283408,-0.08012920618057251,-0.16544464230537415,-0.02353513557130782,-0.12684625387191772,-0.2141568958759308,-0.04792311358863799,-0.11579906940460205,-0.16363820433616638,-0.06389187965208976,-0.09264630079269409,-0.1102491021156311,-0.07106352541262595,-0.040112078189849854,-0.17931589484214783,-0.033358636681384723,-0.08448922634124756,-0.2551042437553406,-0.05991390663797347,-0.07793211936950684,-0.20477110147476196,-0.0694861704450318,-0.05957835912704468,-0.15128406882286072,-0.07289218846375434,0.0021094083786010742,-0.17963603138923645,-0.04302980694586722,-0.04155224561691284,-0.17439055442810059,-0.06979239675814597,-0.03368657827377319,-0.1162586510181427,-0.07490334603602378,-0.013579130172729492,-0.07412612438201904,-0.07542049083525626
0.0,0.0,0.0,-0.06506216526031494,-0.020149648189544678,-0.012494963557145411,-0.09630239009857178,-0.09677529335021973,-0.024816440381727034,-0.06326669454574585,-0.16979485750198364,-0.03718555901261311,-0.03782153129577637,-0.22949180006980896,-0.05103516016217213,-0.1112065315246582,-0.138776957988739,-0.01608503419967633,-0.1475057601928711,-0.17123034596443176,-0.042058287151775176,-0.13599246740341187,-0.1287633180618286,-0.06234803978415471,-0.11478787660598755,-0.0849093496799469,-0.07329182136865597,-0.07945704460144043,-0.16541805863380432,-0.02354982491644364,-0.12773126363754272,-0.2128550410270691,-0.04827398616882306,-0.11646813154220581,-0.16380921006202698,-0.06461106795879346,-0.09265422821044922,-0.10973691940307617,-0.07200084436746579,-0.039559125900268555,-0.17963659763336182,-0.03317954201313,-0.08457452058792114,-0.25457024574279785,-0.06017463091822606,-0.07730293273925781,-0.20639294385910034,-0.07050444740863782,-0.05843585729598999,-0.1534964144229889,-0.07450403828235608,0.0014075636863708496,-0.1795666217803955,-0.04258085224839192,-0.041790544986724854,-0.17184165120124817,-0.06989617455812436,-0.033824265003204346,-0.11430129408836365,-0.07574326355072003,-0.014198839664459229,-0.07196545600891113,-0.07684182185741406
0.0,0.0,0.0,-0.06396353244781494,-0.023098230361938477,-0.01289283373725425,-0.09698086977005005,-0.09824427962303162,-0.025576478628039467,-0.06669151782989502,-0.17076686024665833,-0.038455047471046555,-0.04157435894012451,-0.23061919212341309,-0.05244610161852847,-0.11258065700531006,-0.14050039649009705,-0.015513228078901875,-0.14870327711105347,-0.1757597029209137,-0.04214988724660884,-0.13583225011825562,-0.1344277262687683,-0.06314167828631412,-0.11386740207672119,-0.09049856662750244,-0.07412407995533954,-0.08084267377853394,-0.16578662395477295,-0.023231548083543885,-0.12754350900650024,-0.21784505248069763,-0.048013419670581925,-0.11630219221115112,-0.16773942112922668,-0.0641611561305524,-0.09250521659851074,-0.11174774169921875,-0.07067330629897128,-0.0403980016708374,-0.17992663383483887,-0.033108898264885056,-0.08591097593307495,-0.2540144622325897,-0.05915934668254863,-0.08110678195953369,-0.20451411604881287,-0.06773543806147586,-0.06341493129730225,-0.15052056312561035,-0.06994829030108463,0.0022079944610595703,-0.18060243129730225,-0.04298231081438075,-0.04168421030044556,-0.17811524868011475,-0.06813316495490085,-0.03388214111328125,-0.11937165260314941,-0.07092524023127567,-0.01277303695678711,-0.07441544532775879,-0.06939144880843173
0.0,0.0,0.0,-0.0636473298072815,-0.021307826042175293,-0.012770545875412154,-0.09659218788146973,-0.09951379895210266,-0.025030648542326617,-0.0647326111793518,-0.17176908254623413,-0.03734662218181484,-0.04060310125350952,-0.23100942373275757,-0.05089421032158725,-0.11315757036209106,-0.14221656322479248,-0.016204117072504687,-0.14893466234207153,-0.17676278948783875,-0.04267222641198032,-0.13561934232711792,-0.13285550475120544,-0.06313201619474285,-0.11362987756729126,-0.08778968453407288,-0.07384583188382976,-0.08089375495910645,-0.16792166233062744,-0.023720266503971743,-0.12833231687545776,-0.21742039918899536,-0.04858141226856105,-0.11589956283569336,-0.16487279534339905,-0.0642683116921603,-0.09167444705963135,-0.10786005854606628,-0.07070547921745174,-0.040311336517333984,-0.18198832869529724,-0.033505236936491656,-0.08706402778625488,-0.2561565637588501,-0.060325781089943575,-0.08106911182403564,-0.20471197366714478,-0.06956159902898662,-0.06312769651412964,-0.14928597211837769,-0.07242902947751872,0.0016955137252807617,-0.1827186644077301,-0.04313378615466945,-0.04308217763900757,-0.17853814363479614,-0.06977902187196605,-0.03440046310424805,-0.11838126182556152,-0.07401587648479335,-0.013520002365112305,-0.07328012585639954,-0.07366956604806774
0.0,0.0,0.0,-0.06466531753540039,-0.019629061222076416,-0.0123574391800787,-0.09891009330749512,-0.09809330105781555,-0.023947367710235312,-0.06844967603683472,-0.1717590093612671,-0.03581747811770697,-0.043602168560028076,-0.23024284839630127,-0.04882048842048903,-0.11378782987594604,-0.14189767837524414,-0.013360605840745166,-0.1493486762046814,-0.17679879069328308,-0.038781933752062514,-0.1358664631843567,-0.13330498337745667,-0.05898631763196249,-0.11427193880081177,-0.08922955393791199,-0.06993301611876745,-0.08202886581420898,-0.16841241717338562,-0.02080169160402079,-0.12845969200134277,-0.2157718539237976,-0.04519431319570799,-0.11553597450256348,-0.16465455293655396,-0.06146951046324034,-0.09184962511062622,-0.11044228076934814,-0.0684590901110198,-0.04189467430114746,-0.18312880396842957,-0.030536255133512213,-0.08744847774505615,-0.2568376362323761,-0.05708469477033873,-0.07955950498580933,-0.20580938458442688,-0.06673895221686621,-0.060704827308654785,-0.1514604091644287,-0.06993662219977637,-8.106231689453125e-06,-0.1841856837272644,-0.040160585460427,-0.0428808331489563,-0.17587432265281677,-0.0671700875136878,-0.034144699573516846,-0.11610424518585205,-0.07245070886349936,-0.01401609182357788,-0.07269781827926636,-0.07275490116811056
0.0,0.0,0.0,-0.06479942798614502,-0.020418643951416016,-0.012059905430390927,-0.09809571504592896,-0.09679362177848816,-0.02425068603278646,-0.067332923412323,-0.17059141397476196,-0.03670403347732076,-0.0418473482131958,-0.23071181774139404,-0.0504966786635066,-0.11211901903152466,-0.13974407315254211,-0.015308326905682179,-0.1474069356918335,-0.17483720183372498,-0.04096908853770742,-0.1331673264503479,-0.13152167201042175,-0.06088644252540121,-0.11135280132293701,-0.08835959434509277,-0.07158806533934126,-0.07972627878189087,-0.16585218906402588,-0.02318911240817556,-0.12629055976867676,-0.21668505668640137,-0.04770102338315496,-0.11330080032348633,-0.16570529341697693,-0.06350069106937895,-0.08960974216461182,-0.11143219470977783,-0.07016682238699445,-0.03923147916793823,-0.1798524260520935,-0.033151201767935845,-0.0862228274345398,-0.2550736963748932,-0.06054659919263372,-0.07905983924865723,-0.20420962572097778,-0.06956284107090482,-0.0605010986328125,-0.15014883875846863,-0.0720716303718234,0.002592146396636963,-0.18024396896362305,-0.042779546095147225,-0.04279845952987671,-0.1760401725769043,-0.07005925835491666,-0.0337558388710022,-0.11667817831039429,-0.07421490908981809,-0.012493133544921875,-0.07299536466598511,-0.07363131256224165
0.0,0.0,0.0,-0.06472057104110718,-0.020212173461914062,-0.011660308710816025,-0.09681278467178345,-0.09440600872039795,-0.024261602334263443,-0.06469917297363281,-0.1661684513092041,-0.03682893993664038,-0.03835868835449219,-0.2251794934272766,-0.05098708080458891,-0.11189639568328857,-0.13541772961616516,-0.01764261270272982,-0.14763152599334717,-0.1672372817993164,-0.043464423290970444,-0.13478821516036987,-0.12468498945236206,-0.06331823872733366,-0.11343353986740112,-0.08231151103973389,-0.0739004771630789,-0.08002448081970215,-0.16153523325920105,-0.025725499860527634,-0.12732970714569092,-0.2089921534061432,-0.05021850126195204,-0.114784836769104,-0.15840676426887512,-0.0655781562845732,-0.09082537889480591,-0.10480546951293945,-0.07199734555888426,-0.039582014083862305,-0.17606604099273682,-0.035606195352556824,-0.08635830879211426,-0.24861901998519897,-0.06223048748779547,-0.07930314540863037,-0.19897979497909546,-0.07092786686826003,-0.06067317724227905,-0.14605137705802917,-0.07341846185136092,0.0022307634353637695,-0.1775965690612793,-0.04514113175082457,-0.04336082935333252,-0.1710616648197174,-0.07165189938950789,-0.03491497039794922,-0.11155664920806885,-0.07531298058438551,-0.014139890670776367,-0.06762376427650452,-0.0744669969599272
0.0,0.0,0.0,-0.06437623500823975,-0.02084529399871826,-0.012809727605173293,-0.09802186489105225,-0.09541809558868408,-0.02586749501872987,-0.06817072629928589,-0.1680121123790741,-0.03900867633868188,-0.04274868965148926,-0.227698415517807,-0.05328548632908792,-0.11201530694961548,-0.1373423933982849,-0.018023957762608234,-0.14739632606506348,-0.1716570258140564,-0.04568522729326219,-0.13477522134780884,-0.12837737798690796,-0.06635579772640199,-0.11242449283599854,-0.08476406335830688,-0.07694385506559343,-0.07970249652862549,-0.1620578169822693,-0.026044992062935535,-0.12607824802398682,-0.21668216586112976,-0.052809897143134776,-0.11464214324951172,-0.1632000207901001,-0.06805862792182893,-0.08986133337020874,-0.10717949271202087,-0.0732127831165883,-0.03886622190475464,-0.17504936456680298,-0.03613423489380807,-0.08673834800720215,-0.24736809730529785,-0.06373516776014299,-0.08288592100143433,-0.19362711906433105,-0.07086555220533342,-0.06546705961227417,-0.13929671049118042,-0.07140174068857164,0.0032663345336914062,-0.1754024624824524,-0.046139511543998424,-0.042449235916137695,-0.17379453778266907,-0.07146574862647981,-0.034768521785736084,-0.11544302105903625,-0.0732309476320836,-0.013281524181365967,-0.07314476370811462,-0.07072738863874406
0.0,0.0,0.0,-0.062008559703826904,-0.019240975379943848,-0.007582207694127874,-0.09873050451278687,-0.09341055154800415,-0.013433852251097278,-0.07148343324661255,-0.15961310267448425,-0.021870882268473224,-0.048274219036102295,-0.21150261163711548,-0.030936392973586635,-0.10718578100204468,-0.13170704245567322,0.0027400650834294993,-0.14337795972824097,-0.17079341411590576,-0.020924978907629566,-0.13866347074508667,-0.12644773721694946,-0.03994882574252756,-0.1256324052810669,-0.08687084913253784,-0.050358624215647296,-0.08183705806732178,-0.1543935239315033,-0.00715164143539937,-0.12132102251052856,-0.20987433195114136,-0.032990586962029056,-0.11726236343383789,-0.15528926253318787,-0.0507110217767206,-0.10409921407699585,-0.10559332370758057,-0.05659711455874117,-0.04684096574783325,-0.16755342483520508,-0.01986118501000078,-0.08278429508209229,-0.24198365211486816,-0.046210975404306964,-0.08215475082397461,-0.188859224319458,-0.054838002677485065,-0.07351970672607422,-0.14129772782325745,-0.05546043535642298,-0.005372583866119385,-0.17008015513420105,-0.03252486607007654,-0.03899264335632324,-0.17902162671089172,-0.05498984551005037,-0.03317999839782715,-0.12239190936088562,-0.056220375950857715,-0.01817476749420166,-0.0829075276851654,-0.053184677864834384
0.0,0.0,0.0,-0.058196187019348145,-0.0421757698059082,-0.011175468135036226,-0.07752364873886108,-0.11939960718154907,-0.020150589327670332,-0.047624051570892334,-0.16450726985931396,-0.030382065604783293,-0.02132350206375122,-0.20467257499694824,-0.04103852113649964,-0.06280452013015747,-0.19980338215827942,-0.004994389172054525,-0.10478216409683228,-0.21287041902542114,-0.0326298182265532,-0.11642402410507202,-0.14914536476135254,-0.053820338602520224,-0.1128496527671814,-0.09437054395675659,-0.06471531143353104,-0.03441333770751953,-0.21279844641685486,-0.011223316694952246,-0.08963412046432495,-0.2383732795715332,-0.03670952891872048,-0.10616064071655273,-0.17071017622947693,-0.04937966963217377,-0.10237044095993042,-0.11148828268051147,-0.05242125740215897,-0.0061841607093811035,-0.20697465538978577,-0.0210630470322144,-0.05761319398880005,-0.24623072147369385,-0.04359732991025567,-0.07397210597991943,-0.18682551383972168,-0.04868155395553231,-0.07184499502182007,-0.1356096863746643,-0.04863577013776421,0.01814192533493042,-0.18529817461967468,-0.032029524947859045,-0.03753024339675903,-0.14939415454864502,-0.05119435539410233,-0.04379403591156006,-0.09525245428085327,-0.05499806677863717,-0.03205198049545288,-0.06332480907440186,-0.05460176667139649
0.0,0.0,0.0,-0.061208486557006836,-0.05841642618179321,-0.004111299237422372,-0.08136183023452759,-0.12753057479858398,-0.011852091590128566,-0.07039684057235718,-0.16422009468078613,-0.021747945288382198,-0.04823899269104004,-0.18760782480239868,-0.031586967820487644,-0.02641087770462036,-0.23742666840553284,-0.005597896820120241,-0.10585635900497437,-0.2407200038433075,-0.03139116283711019,-0.12224459648132324,-0.17670607566833496,-0.05084718432482305,-0.11484509706497192,-0.13026213645935059,-0.062203649843297626,-0.007724165916442871,-0.2336115837097168,-0.01551376790013137,-0.1018146276473999,-0.24329981207847595,-0.042138971800170566,-0.11696600914001465,-0.17194297909736633,-0.05133829307015958,-0.10869753360748291,-0.11845862865447998,-0.05277778249438825,-8.559226989746094e-05,-0.20948955416679382,-0.027683493161759998,-0.09002554416656494,-0.20679476857185364,-0.05106799345668378,-0.09451335668563843,-0.1413663625717163,-0.05134208914097371,-0.07952183485031128,-0.10138070583343506,-0.04827270698007169,-0.002466917037963867,-0.17279314994812012,-0.040861882681213046,-0.07604950666427612,-0.12603622674942017,-0.06356456171926084,-0.07332664728164673,-0.07652825117111206,-0.06887065660413327,-0.054028213024139404,-0.056890666484832764,-0.0688468669002873
0.0,0.0,0.0,-0.06297862529754639,-0.03752237558364868,-0.012010938575258479,-0.08682656288146973,-0.11274892091751099,-0.023125571286072955,-0.05264192819595337,-0.16028821468353271,-0.03590062921284698,-0.021589815616607666,-0.2021102011203766,-0.04932925765751861,-0.07900381088256836,-0.19768261909484863,-0.0075378875189926475,-0.1231117844581604,-0.20010820031166077,-0.039034358313074335,-0.12842345237731934,-0.13576582074165344,-0.06300370310782455,-0.12016153335571289,-0.08082479238510132,-0.07523641650914215,-0.04781526327133179,-0.2092234194278717,-0.015896004711976275,-0.10175466537475586,-0.22671300172805786,-0.04484385540126823,-0.10950380563735962,-0.1514211893081665,-0.057806736876955256,-0.10030055046081543,-0.08817631006240845,-0.06016270731925033,-0.013543665409088135,-0.2003309726715088,-0.02815252644359134,-0.06407380104064941,-0.23471111059188843,-0.054780802776804194,-0.07230401039123535,-0.16524142026901245,-0.05739524131058715,-0.0646291971206665,-0.10996562242507935,-0.05400421758531593,0.018514513969421387,-0.17588955163955688,-0.041466849943390116,-0.03465622663497925,-0.14308911561965942,-0.06325471316813491,-0.036985576152801514,-0.08918190002441406,-0.06458760713576339,-0.02286994457244873,-0.060396432876586914,-0.061226840218296275
0.0,0.0,0.0,-0.059841036796569824,-0.019504189491271973,-0.016106009005909527,-0.09192132949829102,-0.10063022375106812,-0.028741862147455777,-0.055430710315704346,-0.1674911081790924,-0.0414440235936695,-0.0263364315032959,-0.2237919569015503,-0.05462560941219863,-0.10218614339828491,-0.16813954710960388,-0.013541823706930245,-0.13827675580978394,-0.17495062947273254,-0.04675156389117774,-0.12738776206970215,-0.11099600791931152,-0.07135117565036353,-0.10627990961074829,-0.05858391523361206,-0.08358334515929755,-0.07014715671539307,-0.18870916962623596,-0.020692158012991513,-0.11724996566772461,-0.22023195028305054,-0.05174969275236663,-0.1083800196647644,-0.14929214119911194,-0.06521643464208182,-0.08864593505859375,-0.08904188871383667,-0.06747129325509604,-0.03179687261581421,-0.19257915019989014,-0.03211692114115294,-0.06839203834533691,-0.24611425399780273,-0.06248479847550925,-0.06440114974975586,-0.1819133460521698,-0.06766108934522208,-0.05329543352127075,-0.1271742582321167,-0.06572676216006812,0.0079803466796875,-0.18314585089683533,-0.044464693858628834,-0.027733683586120605,-0.15853950381278992,-0.0706193125689083,-0.02619999647140503,-0.0917094349861145,-0.07375418160796698,-0.016644954681396484,-0.04961872100830078,-0.07169531796813544
0.0,0.0,0.0,-0.05035400390625,-0.01042020320892334,-0.02163979976569408,-0.08551478385925293,-0.08130133152008057,-0.036293331600177225,-0.055077195167541504,-0.15664681792259216,-0.05092964700554603,-0.0297582745552063,-0.21897968649864197,-0.06531591720079177,-0.1188957691192627,-0.13267070055007935,-0.016861992023336825,-0.14702439308166504,-0.15448805689811707,-0.04989851272796386,-0.11488080024719238,-0.10894197225570679,-0.07375382638667816,-0.0822303295135498,-0.07001590728759766,-0.08550359315370315,-0.08763623237609863,-0.16436675190925598,-0.020601702920544085,-0.12340682744979858,-0.20575106143951416,-0.05348976335619682,-0.09310352802276611,-0.14482077956199646,-0.06806489831899398,-0.06256800889968872,-0.09578326344490051,-0.07063721872066253,-0.04814445972442627,-0.17989355325698853,-0.02879643446897262,-0.08117419481277466,-0.24558329582214355,-0.06353932625745529,-0.060643911361694336,-0.18157699704170227,-0.06929631537889236,-0.04043358564376831,-0.12808647751808167,-0.06588079041932815,-0.0059119462966918945,-0.1826036274433136,-0.0380224884221434,-0.025506138801574707,-0.18954789638519287,-0.0695275292465567,-0.012902677059173584,-0.12859493494033813,-0.07423701889013046,0.000783085823059082,-0.08522117137908936,-0.0716245175073027
0.0,0.0,0.0,-0.050795018672943115,-0.003959000110626221,-0.0262079616468327,-0.08594977855682373,-0.0634339451789856,-0.04360374113730359,-0.058258771896362305,-0.12805166840553284,-0.05952797880581784,-0.030467212200164795,-0.18050545454025269,-0.07404370656422543,-0.12244784832000732,-0.13191717863082886,-0.022882883010424848,-0.1355014443397522,-0.1381177306175232,-0.06016811033896374,-0.09732884168624878,-0.08362305164337158,-0.08734640529564786,-0.06327688694000244,-0.03988224267959595,-0.10122884860447812,-0.09107911586761475,-0.16633862257003784,-0.025502536950625654,-0.10977721214294434,-0.1901628077030182,-0.06379747441224026,-0.07286012172698975,-0.1190045177936554,-0.07858306965044903,-0.043219149112701416,-0.06758683919906616,-0.0801281487028973,-0.04991573095321655,-0.18201202154159546,-0.032956891266621824,-0.06824547052383423,-0.22777503728866577,-0.07043997993878293,-0.04261457920074463,-0.15603190660476685,-0.07145283421687054,-0.023624002933502197,-0.10342803597450256,-0.06360100260189938,-0.005950033664703369,-0.1851532757282257,-0.042254820970811124,-0.01312100887298584,-0.17669668793678284,-0.0730478321593182,-0.00390017032623291,-0.11037114262580872,-0.0738437180798428,0.0010182857513427734,-0.06842482089996338,-0.06754457256010937
0.0,0.0,0.0,-0.04129844903945923,-0.010303974151611328,-0.02577528976598842,-0.07940846681594849,-0.06586533784866333,-0.039112374789510795,-0.07969456911087036,-0.12036657333374023,-0.050650660551582405,-0.07818788290023804,-0.16632574796676636,-0.059207667268310615,-0.13066256046295166,-0.15608790516853333,-0.0143839201400624,-0.12901902198791504,-0.1258769929409027,-0.050961599356924125,-0.09038221836090088,-0.06534802913665771,-0.07910750866631133,-0.058715105056762695,-0.018249332904815674,-0.0930105304787503,-0.09986370801925659,-0.1903572380542755,-0.015232781551276275,-0.10254848003387451,-0.1794363260269165,-0.05031458721259696,-0.06779122352600098,-0.10711711645126343,-0.06330477506617171,-0.03972500562667847,-0.056887805461883545,-0.06387610793808562,-0.05744946002960205,-0.2020622193813324,-0.021586927256976196,-0.056045472621917725,-0.21318301558494568,-0.0543815685878144,-0.037124574184417725,-0.1431179642677307,-0.052226823426281044,-0.02274787425994873,-0.09434407949447632,-0.042615429169927665,-0.010964512825012207,-0.19813469052314758,-0.03061442696252925,-0.0050324201583862305,-0.18194809556007385,-0.054987744099889824,-0.0035434365272521973,-0.12229961156845093,-0.05341465086439712,-0.00503462553024292,-0.08668893575668335,-0.04565438315967185
0.0,0.0,0.0,-0.05287390947341919,-0.013206124305725098,-0.018378865435181524,-0.08745354413986206,-0.0930587649345398,-0.03160512866026011,-0.05506134033203125,-0.16738015413284302,-0.045574043407498266,-0.028318047523498535,-0.22625398635864258,-0.05931744770651903,-0.1120309829711914,-0.14700213074684143,-0.016947996332703497,-0.1435357928276062,-0.16167181730270386,-0.04967835591679659,-0.11959350109100342,-0.10734865069389343,-0.07244588108306971,-0.09209698438644409,-0.06197309494018555,-0.08382088364606943,-0.0817561149597168,-0.1746334433555603,-0.021755243181644346,-0.1198415756225586,-0.2091178297996521,-0.05641450034028139,-0.09576719999313354,-0.14234468340873718,-0.07056985469108668,-0.0675196647644043,-0.08856254816055298,-0.07284832419401255,-0.04242146015167236,-0.18582502007484436,-0.030953605189381506,-0.0740351676940918,-0.253398597240448,-0.06494139553552714,-0.06283855438232422,-0.18988770246505737,-0.0723865670109376,-0.04931759834289551,-0.13424092531204224,-0.07077823997980204,-0.0014876723289489746,-0.18444716930389404,-0.040937673761902715,-0.013851702213287354,-0.20270833373069763,-0.07133382232433405,-0.0040978193283081055,-0.16721001267433167,-0.08034999342208948,0.005601704120635986,-0.14467373490333557,-0.0817593303466424
0.0,0.0,0.0,-0.05849623680114746,-0.02145993709564209,-0.013961657701543118,-0.0894433856010437,-0.10316669940948486,-0.024558087630680348,-0.052729666233062744,-0.17037901282310486,-0.03567707148056343,-0.020530879497528076,-0.2248668074607849,-0.04765921440582588,-0.10438138246536255,-0.16171130537986755,-0.013298556959739471,-0.13520151376724243,-0.18987059593200684,-0.038684289722255016,-0.11862564086914062,-0.1364102065563202,-0.0565136259482415,-0.09532058238983154,-0.09112080931663513,-0.06559892353277519,-0.07310855388641357,-0.1858658790588379,-0.020247081114462162,-0.10699951648712158,-0.23600155115127563,-0.04529312980037048,-0.09338682889938354,-0.1718589961528778,-0.057147111563494946,-0.07269299030303955,-0.11467158794403076,-0.059561855910828854,-0.03543698787689209,-0.1920231282711029,-0.03043027204137161,-0.0670706033706665,-0.25917401909828186,-0.05824073758583381,-0.06267529726028442,-0.19418805837631226,-0.06628000345688179,-0.051091909408569336,-0.13596773147583008,-0.06696084496240928,0.003588557243347168,-0.1843552589416504,-0.04088669997315719,-0.028905093669891357,-0.17309921979904175,-0.06842630711059883,-0.027435660362243652,-0.10688433051109314,-0.0750305315540345,-0.017872393131256104,-0.061747074127197266,-0.07553981599073722
0.0,0.0,0.0,-0.05476796627044678,-0.02609729766845703,-0.019331350893310173,-0.07292807102203369,-0.11898058652877808,-0.032406745449236496,-0.026582956314086914,-0.18380022048950195,-0.04363824237935887,0.01184070110321045,-0.23200666904449463,-0.05607833151572095,-0.0847785472869873,-0.172358900308609,-0.0179697442507063,-0.11126744747161865,-0.19373849034309387,-0.047237308666638,-0.10699021816253662,-0.13914453983306885,-0.07113709111564503,-0.09270834922790527,-0.08412361145019531,-0.08264504928939687,-0.04954338073730469,-0.18831229209899902,-0.022018175542882545,-0.07800960540771484,-0.24371406435966492,-0.047913575515678986,-0.07862472534179688,-0.18589594960212708,-0.06325291653030263,-0.07083851099014282,-0.12264490127563477,-0.06760643978469716,-0.009378790855407715,-0.18777260184288025,-0.029407771274975403,-0.026624858379364014,-0.2673545777797699,-0.054599618509939774,-0.03286933898925781,-0.22422048449516296,-0.06518741507881032,-0.031452953815460205,-0.17471584677696228,-0.0683806668674265,0.028109490871429443,-0.17255666851997375,-0.03738339801185475,-0.009152412414550781,-0.17689749598503113,-0.05976263617031918,-0.01552802324295044,-0.11465230584144592,-0.06248149086587773,-0.010639846324920654,-0.06411182880401611,-0.06105521132104741
0.0,0.0,0.0,-0.06129270792007446,-0.028834819793701172,-0.012239933833257055,-0.08915740251541138,-0.12072384357452393,-0.021851407252029276,-0.05036550760269165,-0.1852325201034546,-0.031967356689051485,-0.017758548259735107,-0.2336677610874176,-0.0428657344353951,-0.09634619951248169,-0.17508313059806824,-0.014216290674880838,-0.12682950496673584,-0.20763826370239258,-0.04435154039390454,-0.1234515905380249,-0.15167051553726196,-0.06572837371356854,-0.10976874828338623,-0.1011645495891571,-0.0767269058895863,-0.060754239559173584,-0.19868755340576172,-0.0229935738069571,-0.10186636447906494,-0.25926512479782104,-0.05286450300343404,-0.09760290384292603,-0.19549265503883362,-0.06710083026416669,-0.08202427625656128,-0.13484543561935425,-0.07042215753324399,-0.019604027271270752,-0.20418179035186768,-0.034793138392046785,-0.05165809392929077,-0.27901938557624817,-0.06401568640001187,-0.04978829622268677,-0.2145591378211975,-0.07060515869386563,-0.0412449836730957,-0.15607136487960815,-0.07049468893535504,0.02048671245574951,-0.1938413679599762,-0.047023787982539034,-0.01685863733291626,-0.1771269142627716,-0.07289610046871076,-0.01932007074356079,-0.11139774322509766,-0.07786186028249631,-0.012004494667053223,-0.06831938028335571,-0.07799009222514997
0.0,0.0,0.0,-0.05505573749542236,-0.028649508953094482,-0.018699665532352583,-0.08064335584640503,-0.115033358335495,-0.031161581144573347,-0.042181313037872314,-0.18596068024635315,-0.043206683338524954,-0.00959843397140503,-0.2417565882205963,-0.05505954378926958,-0.1041068434715271,-0.16137033700942993,-0.016771606148125784,-0.12314581871032715,-0.2021736204624176,-0.04796863997066225,-0.10069352388381958,-0.15618523955345154,-0.07090835177982058,-0.07850992679595947,-0.10954779386520386,-0.0827379738696834,-0.06714427471160889,-0.18481284379959106,-0.02350902648353781,-0.09815597534179688,-0.2572844624519348,-0.0541824800678512,-0.07941007614135742,-0.20252066850662231,-0.07035145068252291,-0.059735894203186035,-0.1479039192199707,-0.0748201152094623,-0.024289608001708984,-0.18813496828079224,-0.03376366475308146,-0.04202580451965332,-0.2726133465766907,-0.06680823022210802,-0.03211987018585205,-0.2113606333732605,-0.07486100399577822,-0.024369359016418457,-0.1559438705444336,-0.07416377866351809,0.016659319400787354,-0.17491883039474487,-0.04467902609789576,-0.0031742453575134277,-0.1779935657978058,-0.07332750314557757,-0.001826643943786621,-0.11771190166473389,-0.07788675928199496,0.000876009464263916,-0.07515537738800049,-0.07687018716418947
0.0,0.0,0.0,-0.05606222152709961,-0.02615368366241455,-0.015247281322217532,-0.08073586225509644,-0.11525613069534302,-0.025633900107777663,-0.0364985466003418,-0.18134725093841553,-0.036318412663376876,-0.0022312402725219727,-0.2312116026878357,-0.04740287611070926,-0.09984934329986572,-0.16358888149261475,-0.01126579442802722,-0.12641841173171997,-0.20369407534599304,-0.03883755454603488,-0.11538028717041016,-0.1579016149044037,-0.06026854986134822,-0.0981178879737854,-0.1085256040096283,-0.071525214852727,-0.06629854440689087,-0.18604803085327148,-0.017603552581704207,-0.10330331325531006,-0.2433309555053711,-0.045224821807778426,-0.09048205614089966,-0.18981632590293884,-0.062220274152196,-0.07022964954376221,-0.13376176357269287,-0.06821039194051082,-0.026352643966674805,-0.19147652387619019,-0.027304299788511344,-0.05100667476654053,-0.2722361981868744,-0.05572256320897395,-0.04610413312911987,-0.21800756454467773,-0.06768078231993968,-0.038510262966156006,-0.16088205575942993,-0.0713396804947024,0.013243377208709717,-0.18386396765708923,-0.037526911737359114,-0.009737849235534668,-0.18279123306274414,-0.06521135443631465,-0.010531604290008545,-0.1235397458076477,-0.07393762344304378,-0.007262587547302246,-0.07868129014968872,-0.0763670938629275
0.0,0.0,0.0,-0.05946069955825806,-0.026886582374572754,-0.015464818111297518,-0.08411973714828491,-0.11967048048973083,-0.025647626264628798,-0.038103461265563965,-0.1836402714252472,-0.03642950487011376,-0.004126191139221191,-0.23069286346435547,-0.046224641619858176,-0.09959840774536133,-0.1718754768371582,-0.010937982245025069,-0.12638533115386963,-0.21049287915229797,-0.039533297537502676,-0.1166309118270874,-0.15446195006370544,-0.05956451502316895,-0.09917885065078735,-0.10878682136535645,-0.07009201031797829,-0.06375324726104736,-0.1905718445777893,-0.018510173081097037,-0.09867274761199951,-0.25153470039367676,-0.04868103098743859,-0.0910651683807373,-0.18474897742271423,-0.061711560009655386,-0.07082730531692505,-0.134853333234787,-0.06359064859026375,-0.02169966697692871,-0.19130873680114746,-0.03001161385947171,-0.048493385314941406,-0.2719438374042511,-0.05763845425718728,-0.04790055751800537,-0.21046149730682373,-0.060781723825868994,-0.03557628393173218,-0.1686657965183258,-0.05776921194666329,0.020211637020111084,-0.17957109212875366,-0.04253648501509133,-0.008681833744049072,-0.19028711318969727,-0.06349145901077691,-0.011196434497833252,-0.137961745262146,-0.06403049361580315,-0.00026220083236694336,-0.112873375415802,-0.06132366043203774
0.0,0.0,0.0,-0.06378871202468872,-0.0233461856842041,-0.013209329871983755,-0.0917670726776123,-0.10279008746147156,-0.024929912714810598,-0.05515354871749878,-0.16609597206115723,-0.03740230384335064,-0.0264437198638916,-0.2171223759651184,-0.05000868993863605,-0.10147345066070557,-0.17247825860977173,-0.012956111645848978,-0.13708257675170898,-0.19313374161720276,-0.043448692141623724,-0.13351988792419434,-0.13354650139808655,-0.06569551113113903,-0.1184765100479126,-0.08287978172302246,-0.07706113341316723,-0.06868743896484375,-0.18802985548973083,-0.020862601651401746,-0.11708831787109375,-0.22681573033332825,-0.0511231962130978,-0.11497968435287476,-0.15901696681976318,-0.0640580523298695,-0.0946502685546875,-0.10142967104911804,-0.06595806959137462,-0.0284690260887146,-0.18901988863945007,-0.03235669988259815,-0.07242262363433838,-0.2502776086330414,-0.05862103211745762,-0.07656311988830566,-0.19476017355918884,-0.06238674554094814,-0.06335389614105225,-0.1513785421848297,-0.060145461885781515,0.014128625392913818,-0.17811259627342224,-0.04442720669374012,-0.03149771690368652,-0.17200428247451782,-0.06304446044430279,-0.03326195478439331,-0.12220397591590881,-0.06222623395785831,-0.017857670783996582,-0.09677326679229736,-0.05860292720660709
0.0,0.0,0.0,-0.060828328132629395,-0.016660094261169434,-0.013785657037573174,-0.09782075881958008,-0.10003045201301575,-0.023511305016057804,-0.06198382377624512,-0.1695847511291504,-0.034253127437608555,-0.030729591846466064,-0.22225582599639893,-0.04437791885115416,-0.11027932167053223,-0.14885342121124268,-0.010838892806845024,-0.14300376176834106,-0.18188703060150146,-0.038689124893920734,-0.12524831295013428,-0.13190418481826782,-0.05819727809407027,-0.10010606050491333,-0.09194740653038025,-0.06802309633471282,-0.07734107971191406,-0.17391493916511536,-0.01786445037700446,-0.11738801002502441,-0.2268497347831726,-0.0454563568649462,-0.10359549522399902,-0.16645541787147522,-0.057467918407695606,-0.07750540971755981,-0.12234318256378174,-0.05919923217274459,-0.03697758913040161,-0.18423834443092346,-0.0284738163767031,-0.07427805662155151,-0.25398027896881104,-0.05408573852159293,-0.06744718551635742,-0.1933113932609558,-0.055840078305976704,-0.04863804578781128,-0.15318739414215088,-0.051935232740419224,0.006220698356628418,-0.18411386013031006,-0.04002702192642005,-0.02768576145172119,-0.1901676058769226,-0.0595050971326998,-0.024338960647583008,-0.13625770807266235,-0.058486043971555546,-0.00745779275894165,-0.10834643244743347,-0.05437449694849761
0.0,0.0,0.0,-0.05633276700973511,-0.014699280261993408,-0.019440961036593762,-0.0921783447265625,-0.08665308356285095,-0.03287356436601385,-0.06107151508331299,-0.16086319088935852,-0.04626707449904188,-0.033923208713531494,-0.2208508849143982,-0.05824698970070585,-0.11889755725860596,-0.13247019052505493,-0.01659842484048113,-0.14438223838806152,-0.1723736822605133,-0.046675135347754804,-0.11737453937530518,-0.1289779543876648,-0.06659049630513891,-0.092598557472229,-0.09165909886360168,-0.07654333204379782,-0.08675551414489746,-0.16378480195999146,-0.02186987825086817,-0.11885470151901245,-0.21723076701164246,-0.05249583810916647,-0.0926169753074646,-0.1586233675479889,-0.06592043578973517,-0.06913971900939941,-0.12028035521507263,-0.06780938148847326,-0.04701066017150879,-0.1798648238182068,-0.03083862454047903,-0.0770142674446106,-0.2506052255630493,-0.06168022469034895,-0.05978071689605713,-0.19133979082107544,-0.0633188420569013,-0.0438351035118103,-0.15633654594421387,-0.05747969165793165,-0.004500269889831543,-0.18496540188789368,-0.04071657076826796,-0.027317285537719727,-0.19612231850624084,-0.06396617830148443,-0.019398510456085205,-0.14486712217330933,-0.061933145824582425,-0.008335769176483154,-0.11970093846321106,-0.055587598088891355
0.0,0.0,0.0,-0.043464720249176025,-0.018544375896453857,-0.024508800745337567,-0.06784415245056152,-0.09147685766220093,-0.0394653551432782,-0.032408714294433594,-0.15870046615600586,-0.05179621131750878,-0.003919243812561035,-0.21166867017745972,-0.061925052121608815,-0.10268771648406982,-0.14797154068946838,-0.021993885204523167,-0.10324591398239136,-0.18472427129745483,-0.052515296653240284,-0.07422924041748047,-0.13097456097602844,-0.07249262036415871,-0.05724984407424927,-0.0864834189414978,-0.08355317862364586,-0.06696176528930664,-0.17484325170516968,-0.025366293654172978,-0.07259124517440796,-0.23146405816078186,-0.05759979636999901,-0.04360920190811157,-0.16140738129615784,-0.06993263067337807,-0.034801185131073,-0.11917829513549805,-0.07145255656573113,-0.02635437250137329,-0.18270444869995117,-0.03282452599736985,-0.02461707592010498,-0.25151747465133667,-0.06545960010620888,-0.008645117282867432,-0.19540724158287048,-0.06698512138459023,-0.011014103889465332,-0.16703486442565918,-0.06234509722921189,0.012614905834197998,-0.17763620615005493,-0.04135051967236336,0.00889962911605835,-0.1872449815273285,-0.06546661110255059,0.012317121028900146,-0.13145849108695984,-0.06287635715338524,0.004045367240905762,-0.10347628593444824,-0.05737703146073159
0.0,0.0,0.0,-0.049452781677246094,-0.020123600959777832,-0.019633587998754365,-0.07586908340454102,-0.09718844294548035,-0.030921146822578294,-0.04241973161697388,-0.16765546798706055,-0.04241023267567812,-0.010732173919677734,-0.21745622158050537,-0.05208956877649484,-0.10624951124191284,-0.13898444175720215,-0.012542091858989579,-0.12782704830169678,-0.18306082487106323,-0.039701510769731385,-0.10601013898849487,-0.1351047158241272,-0.0573919830745524,-0.08643263578414917,-0.09303691983222961,-0.06570430527389703,-0.0736350417137146,-0.1670207679271698,-0.016414348585016114,-0.09690618515014648,-0.2301020622253418,-0.043644600165492875,-0.07558244466781616,-0.16511934995651245,-0.05335501263797937,-0.058567166328430176,-0.122181236743927,-0.05262818242371736,-0.033894240856170654,-0.17722630500793457,-0.024394227740771157,-0.050436198711395264,-0.25815096497535706,-0.051332410973913056,-0.0416904091835022,-0.19588732719421387,-0.050900932950384004,-0.034613072872161865,-0.15523481369018555,-0.04374347682059465,0.006941854953765869,-0.1744426190853119,-0.03369372020424066,-0.003296375274658203,-0.208225280046463,-0.05236961002410112,-0.0073590874671936035,-0.1613406240940094,-0.04915643165767847,-0.009572207927703857,-0.13115927577018738,-0.04247816706956087
0.0,0.0,0.0,-0.05619865655899048,-0.016122639179229736,-0.016829895975064346,-0.09062451124191284,-0.09402769804000854,-0.02691226564533622,-0.05444234609603882,-0.16857409477233887,-0.03837345838732631,-0.0248374342918396,-0.2228403091430664,-0.04835890904254825,-0.11599892377853394,-0.1377795934677124,-0.00709356153569729,-0.14040786027908325,-0.18203496932983398,-0.035955577345561096,-0.11684978008270264,-0.14320549368858337,-0.05707332045025737,-0.09205764532089233,-0.10548648238182068,-0.06785377785749347,-0.08291476964950562,-0.1673034429550171,-0.013229738177727768,-0.11125385761260986,-0.22440072894096375,-0.041545114668082306,-0.09088939428329468,-0.17209693789482117,-0.05649116933531673,-0.07038754224777222,-0.1344030797481537,-0.06013955846614749,-0.04262953996658325,-0.17882806062698364,-0.023504122348498413,-0.06455081701278687,-0.2533923089504242,-0.0507505454141608,-0.053575873374938965,-0.19334441423416138,-0.05296531990356357,-0.044121623039245605,-0.15266728401184082,-0.04847150594181926,-0.00019019842147827148,-0.17830416560173035,-0.035121842475604126,-0.01483607292175293,-0.19876617193222046,-0.05496721640415103,-0.013898730278015137,-0.1498730480670929,-0.0533406652528754,-0.011524975299835205,-0.1223716139793396,-0.048106542976569244
0.0,0.0,0.0,-0.05778801441192627,-0.016914308071136475,-0.012936209386793962,-0.09080028533935547,-0.09758973121643066,-0.02237311011424481,-0.0577009916305542,-0.17331483960151672,-0.03298716811707436,-0.033166587352752686,-0.23060038685798645,-0.04282533942034661,-0.1144418716430664,-0.1355261504650116,-0.007552460825650087,-0.1414109468460083,-0.18225550651550293,-0.03426521091034829,-0.11920207738876343,-0.14388203620910645,-0.053729863895682684,-0.09615278244018555,-0.10173442959785461,-0.06334221555164277,-0.08202195167541504,-0.16295510530471802,-0.01548719318827807,-0.11190813779830933,-0.22323870658874512,-0.040983976854590765,-0.09210580587387085,-0.17103591561317444,-0.05518664239218651,-0.0715177059173584,-0.12849709391593933,-0.05905933125188767,-0.042775511741638184,-0.17378339171409607,-0.027011597587375036,-0.0700872540473938,-0.2532197833061218,-0.05129454849532067,-0.05921363830566406,-0.20646774768829346,-0.05633776081970154,-0.04491955041885376,-0.1723136007785797,-0.05530334828665673,-0.0015856027603149414,-0.17262676358222961,-0.03909557504823624,-0.027105271816253662,-0.18527597188949585,-0.0575873908238691,-0.023226916790008545,-0.1402706503868103,-0.05735969735553681,-0.012857496738433838,-0.11522483825683594,-0.05423101974895417
0.0,0.0,0.0,-0.055267512798309326,-0.02366328239440918,-0.01428631502534472,-0.07874375581741333,-0.11129289865493774,-0.025492481844082704,-0.034532368183135986,-0.17472705245018005,-0.03666815716172778,-0.0015096068382263184,-0.22358742356300354,-0.047527572096839776,-0.09150469303131104,-0.1661168336868286,-0.01586361783887469,-0.12028008699417114,-0.2000642716884613,-0.043434346051469674,-0.1131555438041687,-0.1439097821712494,-0.06287234458471858,-0.09699714183807373,-0.09656178951263428,-0.07309110644604289,-0.056994736194610596,-0.184991717338562,-0.023388266520157686,-0.09538674354553223,-0.24232715368270874,-0.05125366333271586,-0.08907109498977661,-0.1793142855167389,-0.0630786362602862,-0.06919515132904053,-0.12787646055221558,-0.06514060679222666,-0.016738057136535645,-0.1866869330406189,-0.034181656272664895,-0.042756080627441406,-0.26584383845329285,-0.060032034249559274,-0.04248189926147461,-0.2105235457420349,-0.06400904986406886,-0.031697213649749756,-0.1677703857421875,-0.06245143148447596,0.024344205856323242,-0.17696189880371094,-0.04555827933694445,-0.004676401615142822,-0.18737906217575073,-0.06560938987280451,-0.008228838443756104,-0.13343176245689392,-0.06596598211075388,-0.00011873245239257812,-0.10152539610862732,-0.06359256985928141
0.0,0.0,0.0,-0.054969072341918945,-0.021471738815307617,-0.01937804457867287,-0.07868432998657227,-0.10915172100067139,-0.031482686224819645,-0.0369110107421875,-0.1729518473148346,-0.0424347379537835,-0.0034456253051757812,-0.22160467505455017,-0.052324180427433475,-0.09585005044937134,-0.16976380348205566,-0.01649341073954247,-0.1211509108543396,-0.19740691781044006,-0.04694230568730973,-0.11607414484024048,-0.13736897706985474,-0.06763901648247383,-0.1023821234703064,-0.09065261483192444,-0.07817417469942711,-0.0612262487411499,-0.1872459352016449,-0.022131270665170177,-0.09540808200836182,-0.2397289276123047,-0.05459620145285271,-0.0893334150314331,-0.16679754853248596,-0.06631738034212731,-0.07124984264373779,-0.1164807379245758,-0.06615810928070687,-0.021014690399169922,-0.18741804361343384,-0.031867400679232105,-0.04225283861160278,-0.26019686460494995,-0.06348522094214104,-0.04042840003967285,-0.1973019242286682,-0.06551049736464165,-0.029495954513549805,-0.1573387086391449,-0.060273063305260166,0.01989603042602539,-0.17656192183494568,-0.04263318416798256,-0.004298150539398193,-0.18309441208839417,-0.06731418606960915,-0.007134735584259033,-0.12373024225234985,-0.06689567205631874,-0.0008594393730163574,-0.09268280863761902,-0.06208068591678284
0.0,0.0,0.0,-0.037580668926239014,-0.022841036319732666,-0.028744880925501093,-0.05092352628707886,-0.0928228497505188,-0.04631776444205116,-0.016641616821289062,-0.16086941957473755,-0.060499914805973276,0.020239949226379395,-0.20743823051452637,-0.07232271588929962,-0.09528177976608276,-0.15067437291145325,-0.02810586139150928,-0.08934450149536133,-0.2043592631816864,-0.0578864858258612,-0.06068354845046997,-0.1579705774784088,-0.07863308943399261,-0.04462838172912598,-0.1103372573852539,-0.08931736357101272,-0.06183969974517822,-0.17440569400787354,-0.026998790796483263,-0.058412909507751465,-0.24300867319107056,-0.058657259564483866,-0.03374207019805908,-0.18215680122375488,-0.07411888695844482,-0.026132524013519287,-0.13203227519989014,-0.07741972513088058,-0.026082515716552734,-0.18149414658546448,-0.029269947554553255,-0.020371198654174805,-0.26028650999069214,-0.05950587324389289,-0.008078336715698242,-0.21125265955924988,-0.06501537270435165,-0.00836247205734253,-0.17268505692481995,-0.062052586000049814,0.006338536739349365,-0.17483779788017273,-0.03262992657312225,-0.0012534856796264648,-0.20173576474189758,-0.053465553443516,-0.001311957836151123,-0.15984061360359192,-0.05242873809822868,-0.0054465532302856445,-0.131150484085083,-0.0472055681754
0.0,0.0,0.0,-0.04459083080291748,-0.018119871616363525,-0.023393658836255327,-0.06521528959274292,-0.08635038137435913,-0.03846852659142996,-0.03459078073501587,-0.15055984258651733,-0.05157488389767195,0.001427292823791504,-0.19609078764915466,-0.06265179990685965,-0.09040570259094238,-0.15142029523849487,-0.019326008771429315,-0.08353692293167114,-0.20077863335609436,-0.04777600421465422,-0.0565950870513916,-0.15334689617156982,-0.06778431116498496,-0.04122430086135864,-0.1049511730670929,-0.07858439712680365,-0.05694848299026489,-0.1790820062160492,-0.02202815740264441,-0.053916752338409424,-0.24458956718444824,-0.05139146550453688,-0.02809298038482666,-0.1834666132926941,-0.06499725757993247,-0.021188735961914062,-0.13199755549430847,-0.06779174684442069,-0.020839035511016846,-0.18579190969467163,-0.028270641256938234,-0.014272332191467285,-0.26470300555229187,-0.05955796866572882,0.0021424293518066406,-0.20975670218467712,-0.06277016728080298,0.000933229923248291,-0.16550582647323608,-0.05865070029057051,0.012309491634368896,-0.17508640885353088,-0.03530347897566344,0.015124201774597168,-0.1950831413269043,-0.060636056502232805,0.021669626235961914,-0.14306649565696716,-0.059405593116650834,0.017502009868621826,-0.10771876573562622,-0.053742447783122316
0.0,0.0,0.0,-0.06221550703048706,-0.028519511222839355,-0.011081704344007903,-0.08673363924026489,-0.11540687084197998,-0.0188294271336531,-0.04973256587982178,-0.18498888611793518,-0.02852984278962367,-0.02196037769317627,-0.23835033178329468,-0.037920241649601394,-0.10083818435668945,-0.16136372089385986,0.0013075977932999194,-0.12873244285583496,-0.20729422569274902,-0.02365056931540721,-0.1202893853187561,-0.16972586512565613,-0.04464460297987216,-0.10095393657684326,-0.12538951635360718,-0.0556964813129639,-0.06933307647705078,-0.18303105235099792,-0.006314866650257045,-0.10432660579681396,-0.24697405099868774,-0.03063025831744426,-0.10037928819656372,-0.2049834430217743,-0.048218296314928466,-0.08045178651809692,-0.15556740760803223,-0.055331630106422836,-0.030047953128814697,-0.18825939297676086,-0.017621976728889877,-0.05646699666976929,-0.27477937936782837,-0.03959156706497424,-0.0606880784034729,-0.2318207323551178,-0.04983048647210353,-0.05028265714645386,-0.18475115299224854,-0.05349822103545421,0.009979188442230225,-0.17988356947898865,-0.02961137651965373,-0.023598849773406982,-0.19615522027015686,-0.04748324065968745,-0.02499556541442871,-0.15588942170143127,-0.05177556484505885,-0.01151573657989502,-0.1299058496952057,-0.05271783232257121
0.0,0.0,0.0,-0.06131631135940552,-0.036493778228759766,-0.011363483409922992,-0.08401304483413696,-0.11973696947097778,-0.02187266424630252,-0.04801744222640991,-0.1832701563835144,-0.034475276622515594,-0.021366417407989502,-0.23606610298156738,-0.04646234810684291,-0.09229153394699097,-0.1809067726135254,-0.0049373292397376645,-0.12486529350280762,-0.2115342915058136,-0.036099849644642745,-0.12554818391799927,-0.15490272641181946,-0.05929943025444118,-0.11294972896575928,-0.10257035493850708,-0.07062274813984004,-0.060746729373931885,-0.19534659385681152,-0.01425254568789569,-0.09720456600189209,-0.2510603666305542,-0.04342626631591884,-0.1023440957069397,-0.18816620111465454,-0.0569107666644868,-0.09102886915206909,-0.1294218897819519,-0.05936395228241054,-0.022570490837097168,-0.1931036412715912,-0.027651643756371413,-0.05125635862350464,-0.2650824785232544,-0.05151669532392589,-0.06038409471511841,-0.20974868535995483,-0.05372670144174663,-0.05326789617538452,-0.162404865026474,-0.0507091529700574,0.017294466495513916,-0.17700403928756714,-0.04217104465101329,-0.01723557710647583,-0.18795979022979736,-0.05686342195008365,-0.02446579933166504,-0.14250066876411438,-0.05440896228287784,-0.01567608118057251,-0.1143425703048706,-0.05019784197543231
0.0,0.0,0.0,-0.062366485595703125,-0.03301471471786499,-0.012232597004071977,-0.09151744842529297,-0.10071855783462524,-0.023075818102256562,-0.06478375196456909,-0.15112203359603882,-0.03629167100359609,-0.03837233781814575,-0.19400382041931152,-0.04885135685969999,-0.08770275115966797,-0.2004118263721466,-0.0029718917975287695,-0.12734228372573853,-0.20616132020950317,-0.03416594212819746,-0.1323292851448059,-0.1441352367401123,-0.057169550116555,-0.11964339017868042,-0.09690219163894653,-0.06932333579231909,-0.05503422021865845,-0.2138833999633789,-0.011825284007386472,-0.10233783721923828,-0.22952938079833984,-0.04150076677967718,-0.11056745052337646,-0.1592680811882019,-0.05258721953202894,-0.09723830223083496,-0.10868489742279053,-0.05340962579418829,-0.020169973373413086,-0.20524048805236816,-0.025377829577223565,-0.06414258480072021,-0.22774147987365723,-0.05031509419848135,-0.0734935998916626,-0.1661156415939331,-0.05078166818191221,-0.06340306997299194,-0.1270250678062439,-0.04663503264953306,0.01255178451538086,-0.1811532974243164,-0.04074944278170278,-0.029160737991333008,-0.1447657346725464,-0.05867793878485372,-0.033480167388916016,-0.09848368167877197,-0.059394226427571084,-0.02116692066192627,-0.08168107271194458,-0.05647528266479185
0.0,0.0,0.0,-0.05341845750808716,-0.014534235000610352,-0.018169579261325453,-0.07711005210876465,-0.06806033849716187,-0.03080299233772621,-0.05324500799179077,-0.10211294889450073,-0.04361218696215019,-0.026416003704071045,-0.1341530680656433,-0.055061110460542295,-0.0827588438987732,-0.1996820569038391,-0.009359384120784853,-0.12822484970092773,-0.1657048463821411,-0.03943369274713859,-0.13060998916625977,-0.10153824090957642,-0.061502088957809065,-0.11852860450744629,-0.06427252292633057,-0.07320363929250107,-0.05309295654296875,-0.2100338339805603,-0.01482834590353832,-0.10514527559280396,-0.1806269884109497,-0.04204045718290672,-0.1094014048576355,-0.10751992464065552,-0.05137946193792686,-0.0977470874786377,-0.06997215747833252,-0.05157174652197227,-0.021921753883361816,-0.19433197379112244,-0.024926551782868955,-0.06895923614501953,-0.17115220427513123,-0.051833928727887724,-0.07601994276046753,-0.10624557733535767,-0.05111386736609802,-0.06721162796020508,-0.07974439859390259,-0.04488242154695854,0.00691533088684082,-0.164115309715271,-0.037162670099519346,-0.03157311677932739,-0.11281192302703857,-0.05657224839308128,-0.03678929805755615,-0.06311583518981934,-0.05525476967670784,-0.02761775255203247,-0.04877781867980957,-0.04932411497213707
0.0,0.0,0.0,-0.050470054149627686,-0.01714092493057251,-0.018438596463340673,-0.07604861259460449,-0.08582979440689087,-0.030689459478992376,-0.04113572835922241,-0.13885527849197388,-0.042811578324574384,-0.008974075317382812,-0.1762179434299469,-0.05340176652981654,-0.09061825275421143,-0.16200286149978638,-0.01306660026176587,-0.11526215076446533,-0.16567721962928772,-0.045176932773131284,-0.10559958219528198,-0.10589033365249634,-0.06592506375028506,-0.08786433935165405,-0.06931251287460327,-0.07661405410482303,-0.05616551637649536,-0.1809592843055725,-0.01942040044679061,-0.08844459056854248,-0.2106051743030548,-0.052872492185372266,-0.08139926195144653,-0.1381857991218567,-0.06216491591050044,-0.06291502714157104,-0.10090398788452148,-0.06011420693113223,-0.016519784927368164,-0.17846855521202087,-0.030594228020447645,-0.041625022888183594,-0.21744558215141296,-0.06184686180068866,-0.04251593351364136,-0.1521230936050415,-0.061065884491938505,-0.03225952386856079,-0.12614238262176514,-0.053967228344220075,0.022389769554138184,-0.1638675332069397,-0.043317830374974164,-0.0035226941108703613,-0.1408974528312683,-0.06489917095615283,-0.010938704013824463,-0.0878039002418518,-0.06455229427530185,-0.006316006183624268,-0.07477664947509766,-0.06031688134982005
0.0,0.0,0.0,-0.05918014049530029,-0.024851620197296143,-0.016156072599585514,-0.0980328917503357,-0.11709761619567871,-0.02347153132944868,-0.09750998020172119,-0.19578969478607178,-0.03166136412113474,-0.09483569860458374,-0.2584054470062256,-0.03777468098490999,-0.09864825010299683,-0.18357855081558228,-0.003473607927332978,-0.12617498636245728,-0.22897589206695557,-0.03729981823056505,-0.11055999994277954,-0.17577308416366577,-0.06026303289621637,-0.09165728092193604,-0.12201589345932007,-0.0700285759398298,-0.062686026096344,-0.1964254081249237,-0.010361258743103008,-0.09011387825012207,-0.2625039219856262,-0.0432319779524164,-0.08150768280029297,-0.195355623960495,-0.05544169886201189,-0.0677991509437561,-0.138724684715271,-0.05520995600312517,-0.022373735904693604,-0.19011837244033813,-0.022448898164327602,-0.04027920961380005,-0.26663780212402344,-0.057496341747935276,-0.03908425569534302,-0.19412142038345337,-0.057208652479346256,-0.034690678119659424,-0.13855457305908203,-0.04870812116354273,0.01797175407409668,-0.1697012186050415,-0.03546929253428743,-0.0019078850746154785,-0.18692603707313538,-0.06365752486675547,-0.005293667316436768,-0.12790948152542114,-0.0626774754950361,-0.0041068196296691895,-0.09070467948913574,-0.055758467746670703
0.0,0.0,0.0,-0.06092870235443115,-0.028934776782989502,-0.011875622563138677,-0.09527641534805298,-0.12032938003540039,-0.016673625104203893,-0.07880586385726929,-0.19015446305274963,-0.02311722620584078,-0.06486570835113525,-0.24150505661964417,-0.02696859522916384,-0.09318739175796509,-0.18728196620941162,-0.0037191797812283767,-0.1198694109916687,-0.22783294320106506,-0.03554488404847689,-0.11152976751327515,-0.1650237739086151,-0.052968368522897435,-0.09514200687408447,-0.11974704265594482,-0.06015177875019617,-0.05659705400466919,-0.20094799995422363,-0.013336551964357568,-0.08499753475189209,-0.26756608486175537,-0.046742302022948934,-0.08095389604568481,-0.18744370341300964,-0.05279123469449587,-0.06450808048248291,-0.14606201648712158,-0.04748696520186968,-0.01496797800064087,-0.1916094422340393,-0.02786052658416338,-0.03646200895309448,-0.25992101430892944,-0.060903858982101156,-0.039190471172332764,-0.1816418170928955,-0.05307658075548716,-0.02922999858856201,-0.14813506603240967,-0.03982880025364466,0.025146961212158203,-0.168497234582901,-0.04348661436893053,0.00011795759201049805,-0.18161633610725403,-0.06660891383148737,-0.00619661808013916,-0.12784796953201294,-0.06133433862783022,0.0018458962440490723,-0.11200636625289917,-0.05275882466889925
0.0,0.0,0.0,-0.05963236093521118,-0.030062556266784668,-0.012847788984856834,-0.090678870677948,-0.12315309047698975,-0.01863038482048296,-0.06123173236846924,-0.18657898902893066,-0.02595641778685831,-0.03680253028869629,-0.23233595490455627,-0.031049942019365062,-0.09381574392318726,-0.18612641096115112,-0.0036254980405487913,-0.1184622049331665,-0.22360527515411377,-0.035088097098253,-0.1098489761352539,-0.16324159502983093,-0.053778433593890895,-0.09273654222488403,-0.11912447214126587,-0.06271191814818167,-0.057206928730010986,-0.20267510414123535,-0.012983748110912074,-0.08438146114349365,-0.2669864296913147,-0.04763031506814741,-0.07982802391052246,-0.18788552284240723,-0.05681469792403959,-0.06335049867630005,-0.14290523529052734,-0.05378857755937361,-0.015160858631134033,-0.19579026103019714,-0.027239363062165012,-0.036740660667419434,-0.2623727321624756,-0.06053113320746206,-0.039009690284729004,-0.1850666105747223,-0.05699188018121504,-0.02984219789505005,-0.14924809336662292,-0.04703623557367109,0.025345802307128906,-0.17478656768798828,-0.04260670894660734,-0.0011133551597595215,-0.17909368872642517,-0.06682345399536871,-0.006841123104095459,-0.1254999041557312,-0.06519980857052587,0.0007674098014831543,-0.11020582914352417,-0.05965816358008169
0.0,0.0,0.0,-0.05469536781311035,-0.02597135305404663,-0.017122307721308516,-0.08392751216888428,-0.11817651987075806,-0.026635518226555632,-0.05707108974456787,-0.18762093782424927,-0.03600783825271492,-0.03008890151977539,-0.23998084664344788,-0.04386238932960396,-0.08515304327011108,-0.17500770092010498,-0.007879341881505297,-0.11301708221435547,-0.2130451202392578,-0.034823859039477156,-0.1147313117980957,-0.15555161237716675,-0.0546478237246788,-0.10260838270187378,-0.1053968071937561,-0.0648644398187912,-0.05590248107910156,-0.18517044186592102,-0.012669667530587958,-0.08839070796966553,-0.24177363514900208,-0.041647789928845214,-0.09404075145721436,-0.17626315355300903,-0.05450668737643127,-0.07943344116210938,-0.12038016319274902,-0.05561332583778267,-0.020311713218688965,-0.18149539828300476,-0.02182348251693611,-0.04430115222930908,-0.2571071684360504,-0.046330226514271544,-0.05514645576477051,-0.2128494679927826,-0.0518426391517437,-0.04713338613510132,-0.17843052744865417,-0.05112233564608459,0.017522096633911133,-0.16716155409812927,-0.03226696133964424,-0.010636091232299805,-0.17468413710594177,-0.050772080126932906,-0.017628014087677002,-0.13054519891738892,-0.0532355475460804,-0.008547425270080566,-0.10648620128631592,-0.05240279615276222
0.0,0.0,0.0,-0.055390894412994385,-0.025914788246154785,-0.014861516836276678,-0.07914614677429199,-0.11247283220291138,-0.025862667891374258,-0.03956061601638794,-0.17532256245613098,-0.03753697517811361,-0.008518993854522705,-0.2281041145324707,-0.04873486253916326,-0.09114581346511841,-0.1721404492855072,-0.010435012350967554,-0.11781889200210571,-0.19810420274734497,-0.04018796998559537,-0.11257553100585938,-0.14276275038719177,-0.062254425320020346,-0.09887170791625977,-0.09399312734603882,-0.07381291705667081,-0.05911940336227417,-0.1881679892539978,-0.0173791611522347,-0.0939285159111023,-0.23747700452804565,-0.04713160562812391,-0.09111511707305908,-0.17635223269462585,-0.06067011151014867,-0.07606738805770874,-0.12099525332450867,-0.06381510216294828,-0.02065938711166382,-0.18757733702659607,-0.0283343663394362,-0.04549175500869751,-0.2597733736038208,-0.05623632687627378,-0.0476224422454834,-0.19934725761413574,-0.06024386379419866,-0.03972393274307251,-0.14903005957603455,-0.0582792574494988,0.018411338329315186,-0.174083411693573,-0.04021586123405996,-0.0134124755859375,-0.17761826515197754,-0.06330393272935453,-0.014819145202636719,-0.12669724225997925,-0.06601577270328107,-0.004153192043304443,-0.09821277856826782,-0.06461756694613996
0.0,0.0,0.0,-0.05991250276565552,-0.022167563438415527,-0.016271414139851004,-0.08837342262268066,-0.10887432098388672,-0.027312161305530935,-0.05111432075500488,-0.17308974266052246,-0.03892052909134236,-0.02425098419189453,-0.22529160976409912,-0.0495749375760397,-0.09776020050048828,-0.17614024877548218,-0.011482858934982687,-0.1333848237991333,-0.1834840476512909,-0.0446085668146452,-0.12514185905456543,-0.12040853500366211,-0.06791522344349232,-0.10837304592132568,-0.07296669483184814,-0.07981105139253941,-0.06381797790527344,-0.19649165868759155,-0.018572825843079954,-0.1067318320274353,-0.2246820032596588,-0.05248533179758397,-0.10005086660385132,-0.15125548839569092,-0.06409309049843159,-0.08107185363769531,-0.09827792644500732,-0.06454342594145146,-0.02460545301437378,-0.19680172204971313,-0.030617091709359556,-0.05908405780792236,-0.24802064895629883,-0.060872610563023954,-0.058988094329833984,-0.17965030670166016,-0.06154951071141568,-0.04708075523376465,-0.13432049751281738,-0.056444678360207945,0.013220131397247314,-0.1834176778793335,-0.044167749488337904,-0.01921933889389038,-0.1703871190547943,-0.06740251173971501,-0.022366225719451904,-0.11718794703483582,-0.06937059005497304,-0.012909770011901855,-0.09559303522109985,-0.06707257767914143
0.0,0.0,0.0,-0.05492490530014038,-0.01591426134109497,-0.016666040508880542,-0.08395564556121826,-0.09733867645263672,-0.027929170741572307,-0.04520982503890991,-0.16338178515434265,-0.039785737856163905,-0.018359661102294922,-0.22009921073913574,-0.0506989385326051,-0.10647952556610107,-0.1549167037010193,-0.008412345996930526,-0.1343836784362793,-0.17753279209136963,-0.037530801012053416,-0.12047302722930908,-0.12514090538024902,-0.05879016475273602,-0.10040265321731567,-0.08253878355026245,-0.069623230709567,-0.07548540830612183,-0.18133461475372314,-0.013768818913831637,-0.10952627658843994,-0.2207147777080536,-0.043247862472071574,-0.09605854749679565,-0.15677595138549805,-0.056693176491990016,-0.07510995864868164,-0.11064961552619934,-0.059217448099389,-0.0378572940826416,-0.19091469049453735,-0.023482520817651675,-0.06257772445678711,-0.25277411937713623,-0.05192801983548634,-0.05587172508239746,-0.18772801756858826,-0.0553402702648782,-0.0436711311340332,-0.14186275005340576,-0.05204431967331402,0.001057744026184082,-0.1888890564441681,-0.0343875239927911,-0.019934415817260742,-0.18914619088172913,-0.05709783242537014,-0.01850569248199463,-0.1311253011226654,-0.05881205455852978,-0.010825634002685547,-0.09799736738204956,-0.055925349457993434
0.0,0.0,0.0,-0.05941414833068848,-0.031293272972106934,-0.012046276528224098,-0.08381044864654541,-0.12078216671943665,-0.020615069132134067,-0.04584544897079468,-0.1776880919933319,-0.03051012375561868,-0.015076279640197754,-0.221561998128891,-0.04010226384906446,-0.08436006307601929,-0.18925729393959045,-0.008071213897153484,-0.11939746141433716,-0.20753678679466248,-0.03482443646697675,-0.12220096588134766,-0.14673739671707153,-0.05353341058997785,-0.11068058013916016,-0.09835028648376465,-0.0633434857538191,-0.0523909330368042,-0.2057061493396759,-0.014995187457486736,-0.09615325927734375,-0.2408425211906433,-0.0422800499310938,-0.10137945413589478,-0.16997882723808289,-0.052911782573744404,-0.08844035863876343,-0.11255225539207458,-0.05386740894226705,-0.016808688640594482,-0.20347195863723755,-0.02572775253264581,-0.05837136507034302,-0.2573544383049011,-0.04966915206222211,-0.06658166646957397,-0.19082579016685486,-0.05313903273253118,-0.05675303936004639,-0.14051631093025208,-0.051307162206455814,0.018567204475402832,-0.18813902139663696,-0.03750264824537908,-0.028426289558410645,-0.16922897100448608,-0.056915858696982013,-0.03589373826980591,-0.11868599057197571,-0.06123967648653661,-0.024779081344604492,-0.09499979019165039,-0.06140910268931066
0.0,0.0,0.0,-0.0567438006401062,-0.02659553289413452,-0.012674257740229677,-0.08050411939620972,-0.11065170168876648,-0.022622551418692183,-0.04235595464706421,-0.17230895161628723,-0.03384006733432443,-0.012615621089935303,-0.222969651222229,-0.04488139937058122,-0.09320110082626343,-0.1647091805934906,-0.008410517707318377,-0.12378275394439697,-0.19925442337989807,-0.03559075633421571,-0.1219068169593811,-0.14445436000823975,-0.05577170441284807,-0.110248863697052,-0.09467387199401855,-0.06613490695491464,-0.061740994453430176,-0.18309709429740906,-0.015790890551954817,-0.09872949123382568,-0.23744839429855347,-0.04274127224817903,-0.09975135326385498,-0.17816781997680664,-0.05628705734744699,-0.08863568305969238,-0.1224760115146637,-0.05981504137054117,-0.023986518383026123,-0.18528586626052856,-0.026686276890188765,-0.053426921367645264,-0.2624163031578064,-0.050835001863390517,-0.058755695819854736,-0.20661944150924683,-0.05598400498166711,-0.052943408489227295,-0.15696698427200317,-0.05555979872480066,0.015094399452209473,-0.1744154393672943,-0.03830938751235635,-0.021848559379577637,-0.1815439760684967,-0.0577501800133291,-0.025000810623168945,-0.1341233253479004,-0.05999164248243005,-0.014184415340423584,-0.10459816455841064,-0.058895714230686735
0.0,0.0,0.0,-0.05934387445449829,-0.015907883644104004,-0.013652326082791433,-0.09474170207977295,-0.09950917959213257,-0.022655756687726125,-0.06001943349838257,-0.17413529753684998,-0.033553681811298475,-0.0273093581199646,-0.228205144405365,-0.04355533747931872,-0.11541354656219482,-0.1475909948348999,-0.004780807076002702,-0.1418290138244629,-0.18856847286224365,-0.03144744738003169,-0.12460410594940186,-0.14070993661880493,-0.05092713563701068,-0.10186541080474854,-0.09817418456077576,-0.06096146582623874,-0.08403801918029785,-0.17354080080986023,-0.011875479025746927,-0.11455845832824707,-0.23013755679130554,-0.03784274264236842,-0.1008947491645813,-0.17338693141937256,-0.051324139824117765,-0.0801967978477478,-0.12998872995376587,-0.05476364447733317,-0.0456426739692688,-0.18228024244308472,-0.022997596776093587,-0.07241636514663696,-0.26059290766716003,-0.04724448873659526,-0.06591951847076416,-0.20071467757225037,-0.05132587208410655,-0.05335640907287598,-0.1554979681968689,-0.04939262895842944,-0.004739582538604736,-0.17892003059387207,-0.035203080167974576,-0.028720438480377197,-0.19167649745941162,-0.05406443356534396,-0.02800297737121582,-0.14276617765426636,-0.05548296450635348,-0.0196344256401062,-0.11469492316246033,-0.053296762993539915
0.0,0.0,0.0,-0.06536060571670532,-0.017008841037750244,-0.010690680084422866,-0.10354143381118774,-0.09623938798904419,-0.016903451023296157,-0.07846248149871826,-0.17227739095687866,-0.025478972432807723,-0.06096506118774414,-0.22993820905685425,-0.033946357978180686,-0.110634446144104,-0.14077556133270264,0.00588528641159769,-0.14333289861679077,-0.17416822910308838,-0.019113630367115775,-0.13401800394058228,-0.13127350807189941,-0.040120378447369376,-0.11168903112411499,-0.0875357985496521,-0.050767742408112326,-0.08218872547149658,-0.16444256901741028,-0.000736154984821269,-0.12357443571090698,-0.2122802734375,-0.02513432720084552,-0.11818283796310425,-0.1656607985496521,-0.04202212796886329,-0.09517049789428711,-0.12387910485267639,-0.04795311794956092,-0.04681903123855591,-0.1752198338508606,-0.0115493278332508,-0.08284813165664673,-0.24287453293800354,-0.03466581956823234,-0.08268535137176514,-0.19331094622612,-0.04217148230750922,-0.06761050224304199,-0.15101659297943115,-0.04261148006995086,-0.00920957326889038,-0.17451688647270203,-0.023273779390052596,-0.04320341348648071,-0.18776816129684448,-0.04179575325329665,-0.04099774360656738,-0.14098221063613892,-0.04365377904255752,-0.02609407901763916,-0.11028626561164856,-0.04156147719700698
0.0,0.0,0.0,-0.05563533306121826,-0.02535790205001831,-0.01521296326063748,-0.07832485437393188,-0.11072707176208496,-0.026556209586487967,-0.03729802370071411,-0.1709735095500946,-0.03796808321021672,-0.0033321380615234375,-0.21936136484146118,-0.04883568260811444,-0.08818942308425903,-0.18349090218544006,-0.013553842827604967,-0.11670440435409546,-0.1996910572052002,-0.042882951833234983,-0.1136125922203064,-0.1343449354171753,-0.06356936220072384,-0.10170739889144897,-0.0838814377784729,-0.074607628323065,-0.053131937980651855,-0.19963812828063965,-0.019821108244286734,-0.09124332666397095,-0.23103392124176025,-0.04940173674367543,-0.09009426832199097,-0.15958860516548157,-0.06063441086553212,-0.07614582777023315,-0.10627353191375732,-0.06221213463686581,-0.013701796531677246,-0.19670531153678894,-0.030062072835789877,-0.0430414080619812,-0.2491413950920105,-0.05723060939453717,-0.04581838846206665,-0.184427410364151,-0.06026281688355084,-0.037600696086883545,-0.13847774267196655,-0.05811479214571591,0.024727284908294678,-0.18185803294181824,-0.04122070495031949,-0.012031078338623047,-0.160871684551239,-0.063986550010668,-0.01649993658065796,-0.10645902156829834,-0.06771594557903882,-0.008311033248901367,-0.08283728361129761,-0.06718322906635876
0.0,0.0,0.0,-0.06301820278167725,-0.02354496717453003,-0.009023970329508302,-0.09623008966445923,-0.1089436411857605,-0.01498850003008556,-0.06285828351974487,-0.1783948838710785,-0.023640000597879407,-0.03404438495635986,-0.22884899377822876,-0.03235293679063034,-0.10227733850479126,-0.15390384197235107,0.002897607291743043,-0.1340266466140747,-0.19393375515937805,-0.021232628600046155,-0.1279524564743042,-0.15114900469779968,-0.0401863542956562,-0.10822290182113647,-0.1070617139339447,-0.04989902056877327,-0.07362908124923706,-0.1759985387325287,-0.004928391763314721,-0.11060023307800293,-0.23263019323349,-0.02967334665481758,-0.10707587003707886,-0.18293362855911255,-0.04448892302934837,-0.08591318130493164,-0.13440674543380737,-0.0489424777788372,-0.03887408971786499,-0.18312162160873413,-0.016577416436120984,-0.06805890798568726,-0.2600310742855072,-0.038519070820257184,-0.07011693716049194,-0.20986318588256836,-0.04508850477759552,-0.056958913803100586,-0.1624872386455536,-0.04552100725595665,-0.002642691135406494,-0.17735180258750916,-0.0290587054205389,-0.03463643789291382,-0.1916508674621582,-0.04681317262475204,-0.03366422653198242,-0.14812719821929932,-0.0497332675022335,-0.01839214563369751,-0.11866119503974915,-0.04911674313370895
0.0,0.0,0.0,-0.04693692922592163,-0.03399014472961426,-0.01926100660824659,-0.06064730882644653,-0.12634733319282532,-0.03133850765192392,-0.033188462257385254,-0.1963997781276703,-0.04323658940160158,-0.011346995830535889,-0.25461941957473755,-0.052999822765229965,-0.06097918748855591,-0.18638291954994202,-0.010763624094067836,-0.08675456047058105,-0.2109414041042328,-0.04882114601099374,-0.08115023374557495,-0.15098196268081665,-0.07438292574846628,-0.06946927309036255,-0.09600913524627686,-0.0841773323413122,-0.025407493114471436,-0.19036129117012024,-0.015848137780665184,-0.05446207523345947,-0.251941978931427,-0.04999816265666368,-0.0581168532371521,-0.20364493131637573,-0.06421552818977716,-0.055095553398132324,-0.1569748818874359,-0.06488023173773172,0.012582778930664062,-0.18017253279685974,-0.025661329149841094,-0.0031914710998535156,-0.21906834840774536,-0.05819075402581575,-0.015301823616027832,-0.1474035084247589,-0.05584509518706682,-0.02495485544204712,-0.09642362594604492,-0.04518828016483667,0.0486447811126709,-0.1600797474384308,-0.03711393696033838,0.02255558967590332,-0.16466057300567627,-0.05547241342031839,0.010393798351287842,-0.10545289516448975,-0.04727500152552011,0.005927085876464844,-0.06869810819625854,-0.03586807322466257
