0.0,0.0,0.0,-0.047191500663757324,-0.03599691390991211,-0.01683396500334311,-0.06628674268722534,-0.1265796422958374,-0.02777032394692469,-0.04363816976547241,-0.20012593269348145,-0.039591346204133515,-0.022853612899780273,-0.2602616548538208,-0.048081457882972245,-0.06207394599914551,-0.19669270515441895,-0.006643851090075259,-0.08708173036575317,-0.23123064637184143,-0.04374872547373343,-0.08233916759490967,-0.16759467124938965,-0.065869208693357,-0.06955116987228394,-0.11380422115325928,-0.0735780264137702,-0.02476823329925537,-0.2022475302219391,-0.013192300021501069,-0.050641417503356934,-0.2737635374069214,-0.04817052584871817,-0.05317366123199463,-0.21905863285064697,-0.05909415361270476,-0.047003746032714844,-0.16872882843017578,-0.05604995068893004,0.01366567611694336,-0.19132500886917114,-0.02458434206232596,-0.00687330961227417,-0.22001159191131592,-0.057104535668941026,-0.01755976676940918,-0.14268845319747925,-0.05058513981089163,-0.02245473861694336,-0.09259581565856934,-0.036235694110246186,0.05144059658050537,-0.16888821125030518,-0.03785316300377417,0.0225217342376709,-0.1689063310623169,-0.055145740777106766,0.00934910774230957,-0.1095314621925354,-0.04568949741110373,0.006055474281311035,-0.07498067617416382,-0.03306917127952147
0.0,0.0,0.0,-0.048598527908325195,-0.032090723514556885,-0.020376967595780116,-0.0687781572341919,-0.11844879388809204,-0.03471823442157529,-0.042338669300079346,-0.184371680021286,-0.048573442133033495,-0.01992034912109375,-0.24237287044525146,-0.05988090145763181,-0.08405214548110962,-0.19308602809906006,-0.0153546252789738,-0.108737051486969,-0.2154468595981598,-0.05370946633991025,-0.1012723445892334,-0.15093344449996948,-0.08024320411857389,-0.08717674016952515,-0.09524273872375488,-0.09221489387925885,-0.04444783926010132,-0.20267993211746216,-0.021097138853633624,-0.07489168643951416,-0.25447970628738403,-0.0589767697769048,-0.0709989070892334,-0.184749573469162,-0.07240823316749356,-0.057690978050231934,-0.12395399808883667,-0.07159202206310056,-0.00160980224609375,-0.19388031959533691,-0.031360317351186495,-0.020597755908966064,-0.2286606729030609,-0.06358810174640439,-0.025262415409088135,-0.1504785120487213,-0.05794367972191594,-0.02696317434310913,-0.09542989730834961,-0.04565016213234685,0.037483811378479004,-0.17460429668426514,-0.04370639133628629,0.010666847229003906,-0.16308733820915222,-0.06212689387973569,0.0044324398040771484,-0.10579293966293335,-0.05394277754601262,0.005458414554595947,-0.07598245143890381,-0.04273241791304372
0.0,0.0,0.0,-0.05017960071563721,-0.03516685962677002,-0.015751394754431658,-0.07511228322982788,-0.12048432230949402,-0.028351336097500734,-0.055361270904541016,-0.19174158573150635,-0.04174968165733617,-0.035935401916503906,-0.2547328472137451,-0.05302797568418782,-0.08354723453521729,-0.18577274680137634,-0.008332490300915651,-0.10965108871459961,-0.21063736081123352,-0.045695345228693895,-0.09891343116760254,-0.153354674577713,-0.07269894269683164,-0.08496361970901489,-0.09675103425979614,-0.08430461523511212,-0.04843789339065552,-0.19443094730377197,-0.01559209202804368,-0.08183175325393677,-0.24661770462989807,-0.051070849722407274,-0.07963770627975464,-0.18588659167289734,-0.06616564778067868,-0.07156413793563843,-0.1269489824771881,-0.0672293746230821,-0.007472574710845947,-0.18974047899246216,-0.027172503372810297,-0.02675396203994751,-0.229702889919281,-0.05850123552062314,-0.03073740005493164,-0.15851783752441406,-0.05523050886966985,-0.033571064472198486,-0.10275578498840332,-0.04453477573969167,0.03396892547607422,-0.17502689361572266,-0.040249291187308245,0.005853831768035889,-0.17767813801765442,-0.05763869670607846,-0.0010707378387451172,-0.11887478828430176,-0.04880880502440732,-0.00167769193649292,-0.079944908618927,-0.03719236639716428
0.0,0.0,0.0,-0.051382601261138916,-0.0351446270942688,-0.018296999780559986,-0.07349026203155518,-0.12155890464782715,-0.03167364924969718,-0.05293869972229004,-0.19331181049346924,-0.04529604494395301,-0.032787203788757324,-0.2553912401199341,-0.05555709630074546,-0.07464462518692017,-0.18571558594703674,-0.01060141149731919,-0.1016920804977417,-0.2159959077835083,-0.04600017696442649,-0.09128397703170776,-0.1568017601966858,-0.07018184840502784,-0.07515174150466919,-0.10145968198776245,-0.07915155023160025,-0.039740920066833496,-0.1950092911720276,-0.015273070817912071,-0.062352657318115234,-0.2619706988334656,-0.04009679138484046,-0.062165021896362305,-0.26310995221138,-0.05332870587530181,-0.054096102714538574,-0.2609318494796753,-0.058068746624613254,-0.003229498863220215,-0.1880151629447937,-0.02458618201139018,-0.019758224487304688,-0.2179708480834961,-0.05057025506916091,-0.029580891132354736,-0.1503167450428009,-0.04743848919692084,-0.03356748819351196,-0.09795984625816345,-0.0386454108339791,0.0326991081237793,-0.17122489213943481,-0.0357883851212506,0.0045754313468933105,-0.1672927439212799,-0.0495346094650273,-0.002791881561279297,-0.11093619465827942,-0.03913380384268805,-0.0013588666915893555,-0.07472604513168335,-0.027458475826406925
0.0,0.0,0.0,-0.05033165216445923,-0.029187917709350586,-0.018920802875697973,-0.07137030363082886,-0.11772355437278748,-0.03163983988696373,-0.0482325553894043,-0.19282791018486023,-0.04376706051760948,-0.028754770755767822,-0.2549114525318146,-0.05403077545696533,-0.07837069034576416,-0.17454561591148376,-0.01536264120721853,-0.10546869039535522,-0.1966119408607483,-0.05183930638366974,-0.09646832942962646,-0.13921013474464417,-0.07628376725250519,-0.08091562986373901,-0.08754700422286987,-0.08630616906219757,-0.042887747287750244,-0.18664339184761047,-0.020436399980724218,-0.07967901229858398,-0.2393949329853058,-0.05335641595655716,-0.07655751705169678,-0.18285799026489258,-0.06570050063663757,-0.06468325853347778,-0.12938308715820312,-0.06570106688076294,-0.004460930824279785,-0.18371617794036865,-0.029714593096912267,-0.02394646406173706,-0.2146545946598053,-0.05877839717203415,-0.026266813278198242,-0.142412006855011,-0.05441549736195839,-0.02693772315979004,-0.08929848670959473,-0.04387077632480896,0.03154802322387695,-0.1700112521648407,-0.04096239003473556,0.004343867301940918,-0.16031736135482788,-0.05673995557361877,-0.0008577108383178711,-0.10197591781616211,-0.04880190211468971,-0.00044095516204833984,-0.06749230623245239,-0.038681804566920164
0.0,0.0,0.0,-0.05034005641937256,-0.029231548309326172,-0.02191739928576908,-0.07100182771682739,-0.1190900206565857,-0.03569687929604015,-0.048050761222839355,-0.19240185618400574,-0.04812918257567844,-0.028308510780334473,-0.2536326050758362,-0.058612130849098776,-0.07570034265518188,-0.1779364049434662,-0.01778752383444271,-0.10200726985931396,-0.1968233585357666,-0.05625853341672382,-0.09696292877197266,-0.13668957352638245,-0.08271646526310406,-0.08470779657363892,-0.08231014013290405,-0.09424079236242733,-0.03920215368270874,-0.18745025992393494,-0.022087555645441626,-0.07533013820648193,-0.23820239305496216,-0.05797572460625133,-0.07594233751296997,-0.17993789911270142,-0.07270408448431454,-0.06703239679336548,-0.12521547079086304,-0.07394287016842327,0.00013971328735351562,-0.18223387002944946,-0.030750258161162947,-0.019451439380645752,-0.21313956379890442,-0.061985004960035894,-0.026034533977508545,-0.13974249362945557,-0.05763981890532932,-0.029626131057739258,-0.08688178658485413,-0.04677278575155697,0.036036014556884766,-0.16622328758239746,-0.04163278665993175,0.006543219089508057,-0.15781736373901367,-0.05975820523354969,0.00024247169494628906,-0.0993548035621643,-0.05167978656146488,0.001914680004119873,-0.06606549024581909,-0.0408719184682127
0.0,0.0,0.0,-0.04897260665893555,-0.028658390045166016,-0.022872314004303007,-0.06912606954574585,-0.12191331386566162,-0.03584491103708842,-0.045541346073150635,-0.1949191391468048,-0.04690688118159869,-0.026622354984283447,-0.25623828172683716,-0.05589191630303958,-0.07781714200973511,-0.18602696061134338,-0.019013635961414366,-0.10370129346847534,-0.20285263657569885,-0.05545134484589198,-0.09922659397125244,-0.14143508672714233,-0.08023660644710162,-0.08797258138656616,-0.0894727110862732,-0.09166055187404254,-0.039738595485687256,-0.19825255870819092,-0.02293646722853282,-0.07616853713989258,-0.24500823020935059,-0.057728991059661894,-0.07475334405899048,-0.181491881608963,-0.07045581206500628,-0.063579261302948,-0.12687835097312927,-0.07085384443223575,0.0007013082504272461,-0.19187793135643005,-0.03137625023543933,-0.01904231309890747,-0.22238582372665405,-0.06244406491339305,-0.024829745292663574,-0.14726170897483826,-0.057887487260700254,-0.027727484703063965,-0.09503516554832458,-0.047655232397914915,0.036079347133636475,-0.17380940914154053,-0.04211618766009906,0.008833229541778564,-0.15837565064430237,-0.061997816113830595,0.0023133158683776855,-0.09907111525535583,-0.05593832224428752,0.0026401877403259277,-0.06864148378372192,-0.046936351953149824
0.0,0.0,0.0,-0.050268709659576416,-0.02820485830307007,-0.02375776072244662,-0.07004338502883911,-0.12187579274177551,-0.03749525112311858,-0.044239342212677,-0.1963827908039093,-0.04888565776150244,-0.02324014902114868,-0.258836954832077,-0.05835876551668662,-0.07889878749847412,-0.18570935726165771,-0.020838809509086786,-0.10491323471069336,-0.20522674918174744,-0.05659292948644179,-0.09827649593353271,-0.14500010013580322,-0.08140759107868689,-0.0861825942993164,-0.091464102268219,-0.09289456841747779,-0.04120957851409912,-0.19826647639274597,-0.024189907435584246,-0.07622849941253662,-0.24637219309806824,-0.0573478483895542,-0.07242810726165771,-0.18429946899414062,-0.06988514152567404,-0.06129562854766846,-0.12992674112319946,-0.07089728799860495,-0.0008298158645629883,-0.1927385926246643,-0.03199272540609854,-0.01636326313018799,-0.2320374846458435,-0.06279551175634879,-0.02032470703125,-0.15927797555923462,-0.058948948357510744,-0.022976398468017578,-0.10585346817970276,-0.04957422179381865,0.035253167152404785,-0.17549967765808105,-0.041960849736142336,0.008876800537109375,-0.16766232252120972,-0.06311534282963294,0.002695024013519287,-0.10585972666740417,-0.05735538465182799,0.002510368824005127,-0.07072430849075317,-0.04848411617081183
0.0,0.0,0.0,-0.04951679706573486,-0.027844905853271484,-0.022919638301772238,-0.0671125054359436,-0.12146449089050293,-0.03596604451124108,-0.03767955303192139,-0.1961018443107605,-0.047184949960154654,-0.012003302574157715,-0.254702091217041,-0.05652535169903672,-0.0769990086555481,-0.17987912893295288,-0.01940647720877564,-0.09833067655563354,-0.20358559489250183,-0.05506181552593148,-0.08919179439544678,-0.14630842208862305,-0.07990770622674859,-0.07594716548919678,-0.09420329332351685,-0.09109826966707146,-0.03962552547454834,-0.189117431640625,-0.02343445665721333,-0.06789404153823853,-0.24519339203834534,-0.055781552787465216,-0.06340271234512329,-0.18978425860404968,-0.0685757158655349,-0.05382627248764038,-0.13970211148262024,-0.06987221374694741,0.00034308433532714844,-0.18071386218070984,-0.031852187808198096,-0.0070993900299072266,-0.22619056701660156,-0.06238546803180611,-0.013299703598022461,-0.15231603384017944,-0.05796137287799752,-0.020402371883392334,-0.09919613599777222,-0.04775035589520371,0.036501526832580566,-0.16137686371803284,-0.04228948637430108,0.01642024517059326,-0.16547513008117676,-0.061041141148251654,0.008354485034942627,-0.10669124126434326,-0.05283687099401391,0.004419922828674316,-0.07282370328903198,-0.042411590214413764
0.0,0.0,0.0,-0.048719167709350586,-0.027880311012268066,-0.022220944429534484,-0.06698644161224365,-0.12134960293769836,-0.03541378062476497,-0.03659224510192871,-0.1945939064025879,-0.047033646519082595,-0.009156107902526855,-0.25217729806900024,-0.05654792618264537,-0.07546001672744751,-0.1814524531364441,-0.018657197619575072,-0.09716004133224487,-0.20452651381492615,-0.05516962465156894,-0.08751440048217773,-0.1453632116317749,-0.08030090611686092,-0.07236981391906738,-0.09144458174705505,-0.09132532160987239,-0.0382230281829834,-0.18955105543136597,-0.022990689988034774,-0.06565278768539429,-0.24687457084655762,-0.0560808790873466,-0.06278258562088013,-0.19150391221046448,-0.06854970883836131,-0.053536176681518555,-0.14090687036514282,-0.06924066078175883,0.0011962056159973145,-0.18011963367462158,-0.031890866721767,-0.005165040493011475,-0.22619327902793884,-0.06228792425503116,-0.012594759464263916,-0.15401503443717957,-0.05814860146750789,-0.019897758960723877,-0.10210323333740234,-0.04805285241712909,0.037525177001953125,-0.15962687134742737,-0.04281097036113124,0.018925607204437256,-0.16490164399147034,-0.06095554065217357,0.009086787700653076,-0.1063336730003357,-0.05312450733293872,0.0038244128227233887,-0.07247871160507202,-0.04307441544045787
0.0,0.0,0.0,-0.05174320936203003,-0.028886258602142334,-0.020740050743341953,-0.07151937484741211,-0.12032443284988403,-0.03371637492907098,-0.04112190008163452,-0.19511520862579346,-0.04550802513492158,-0.01217961311340332,-0.2525932192802429,-0.05501264884603074,-0.07880967855453491,-0.17779287695884705,-0.01671415932011655,-0.09851288795471191,-0.20871418714523315,-0.05218553348910859,-0.08297550678253174,-0.15043598413467407,-0.07644736200106195,-0.06423187255859375,-0.09534570574760437,-0.08683158635628274,-0.04171931743621826,-0.18277135491371155,-0.021650070245385677,-0.06801033020019531,-0.24559634923934937,-0.05415932639968446,-0.06267368793487549,-0.19086337089538574,-0.06686295002234033,-0.051962077617645264,-0.1396123170852661,-0.06772189765703729,-0.0025594234466552734,-0.17228126525878906,-0.030965510676622898,-0.007409274578094482,-0.22979620099067688,-0.061059577311397106,-0.013250172138214111,-0.16022738814353943,-0.05732746973168901,-0.019270122051239014,-0.10783365368843079,-0.047415872956634075,0.03351795673370361,-0.15171706676483154,-0.04204343437683633,0.015206098556518555,-0.16648614406585693,-0.060157423759818585,0.006699740886688232,-0.10912248492240906,-0.052125437106013806,0.00237959623336792,-0.07394611835479736,-0.0418034847034221
0.0,0.0,0.0,-0.05026930570602417,-0.02596372365951538,-0.022546190361026675,-0.07224845886230469,-0.11538359522819519,-0.03566570725524798,-0.04672038555145264,-0.19053876399993896,-0.047418595815543085,-0.019649624824523926,-0.24992048740386963,-0.056671766156796366,-0.08279818296432495,-0.17757776379585266,-0.015327381493989378,-0.10176682472229004,-0.20398825407028198,-0.052265269274357706,-0.08623665571212769,-0.145300030708313,-0.07822171371662989,-0.066922128200531,-0.08921214938163757,-0.08920375775778666,-0.045658886432647705,-0.1835605800151825,-0.019081426376942545,-0.06828320026397705,-0.24272596836090088,-0.05292582657421008,-0.0650702714920044,-0.19057554006576538,-0.06765676062786952,-0.05622667074203491,-0.14026972651481628,-0.06918132823193446,-0.007285177707672119,-0.17493638396263123,-0.027554638276342303,-0.007149696350097656,-0.2233109176158905,-0.05834778171265498,-0.015112102031707764,-0.15375295281410217,-0.056764142180327326,-0.0231512188911438,-0.10191041231155396,-0.04767237004125491,0.028388381004333496,-0.1560521125793457,-0.03805550705874339,0.01682347059249878,-0.16033926606178284,-0.05601258348906413,0.008172690868377686,-0.10179176926612854,-0.04935510229552165,0.0025699734687805176,-0.06739604473114014,-0.03962347429478541
0.0,0.0,0.0,-0.04981940984725952,-0.02849900722503662,-0.021495648103865506,-0.07144856452941895,-0.11495548486709595,-0.034429796415480496,-0.04847294092178345,-0.1891128420829773,-0.04644164853087318,-0.023125112056732178,-0.24912503361701965,-0.055172380435379864,-0.07947629690170288,-0.18397775292396545,-0.012357655356737496,-0.09515464305877686,-0.2182920277118683,-0.04723345525852096,-0.07803642749786377,-0.16031214594841003,-0.07136000730386627,-0.05796802043914795,-0.1045193076133728,-0.08115730472198379,-0.042400240898132324,-0.18642577528953552,-0.0163245037227,-0.0572972297668457,-0.2489316761493683,-0.046040043610247494,-0.05668562650680542,-0.20972847938537598,-0.06015939675560844,-0.051155805587768555,-0.17077183723449707,-0.06287304349532974,-0.005243778228759766,-0.17463302612304688,-0.025033969807537915,-0.005879998207092285,-0.22379854321479797,-0.053743087130698086,-0.014007747173309326,-0.15697011351585388,-0.05179411210409057,-0.02032524347305298,-0.10754960775375366,-0.04319598563304794,0.02956080436706543,-0.15321484208106995,-0.035675209391030194,0.015721023082733154,-0.1627315878868103,-0.05271429606071365,0.007741451263427734,-0.1050325334072113,-0.04516463391772163,0.004365503787994385,-0.0702473521232605,-0.03502988852849853
0.0,0.0,0.0,-0.05027848482131958,-0.025764524936676025,-0.0204394792138487,-0.07195746898651123,-0.11363866925239563,-0.03359870584000646,-0.04481285810470581,-0.18873906135559082,-0.04571665794838964,-0.014743030071258545,-0.24685049057006836,-0.055356349509850133,-0.08303821086883545,-0.17348966002464294,-0.01615088218142091,-0.09927153587341309,-0.20370689034461975,-0.051596317154064764,-0.08213603496551514,-0.14738529920578003,-0.07580212102521955,-0.061651527881622314,-0.09361472725868225,-0.08588867978443204,-0.04623210430145264,-0.17893731594085693,-0.02107528009702264,-0.06911885738372803,-0.24602341651916504,-0.0532560457407385,-0.0653647780418396,-0.19987821578979492,-0.0674866993843466,-0.05528515577316284,-0.1545548141002655,-0.06949107692827283,-0.007069230079650879,-0.1704142689704895,-0.03006098949600755,-0.007623851299285889,-0.22644299268722534,-0.06095800147642194,-0.0142897367477417,-0.15594878792762756,-0.058958679151430715,-0.020985305309295654,-0.10340970754623413,-0.04964192555536329,0.029547452926635742,-0.1521521508693695,-0.040536477875605215,0.013795197010040283,-0.16546502709388733,-0.058441817474260915,0.006238698959350586,-0.10755640268325806,-0.050403702717915166,0.0033415555953979492,-0.07184737920761108,-0.03981608123768865
0.0,0.0,0.0,-0.050674498081207275,-0.025640487670898438,-0.022485552019759325,-0.07319557666778564,-0.11542835831642151,-0.03658907268135181,-0.045437633991241455,-0.18974915146827698,-0.04970840517370334,-0.013231515884399414,-0.246863454580307,-0.05978981558172336,-0.0805622935295105,-0.17954760789871216,-0.01634489152519336,-0.09755837917327881,-0.20845723152160645,-0.05493385869948497,-0.08140486478805542,-0.14930516481399536,-0.08103960160104862,-0.06149572134017944,-0.094521164894104,-0.09158793989507785,-0.04314827919006348,-0.18376773595809937,-0.020738783887907175,-0.06336802244186401,-0.24927693605422974,-0.0559597701200687,-0.061958372592926025,-0.2027943730354309,-0.07104726288406482,-0.05436098575592041,-0.15819552540779114,-0.07252409461824527,-0.004539310932159424,-0.1731525957584381,-0.029772100634261278,-0.004786670207977295,-0.22300845384597778,-0.06265535358278385,-0.012365221977233887,-0.14910191297531128,-0.05959898386089435,-0.019388854503631592,-0.09640312194824219,-0.0483763940998756,0.03141981363296509,-0.15283992886543274,-0.04068128917305103,0.01673591136932373,-0.16576972603797913,-0.05885829929201236,0.00841134786605835,-0.10658630728721619,-0.04963302764980426,0.0049506425857543945,-0.07071787118911743,-0.03746703047244182
0.0,0.0,0.0,-0.04907101392745972,-0.02656322717666626,-0.021943053564001502,-0.06870746612548828,-0.11806973814964294,-0.035019200628568115,-0.0388450026512146,-0.19107770919799805,-0.046630923038293304,-0.01018226146697998,-0.24862688779830933,-0.05591227520065445,-0.0835120677947998,-0.1776736080646515,-0.016908489501048507,-0.10157346725463867,-0.2066168189048767,-0.05231342870550293,-0.08505022525787354,-0.14742720127105713,-0.07707393575267929,-0.06448763608932495,-0.09087103605270386,-0.08756061304168838,-0.04645955562591553,-0.18526718020439148,-0.0209365862961306,-0.06972998380661011,-0.24806055426597595,-0.05373907867627281,-0.06482863426208496,-0.1947692632675171,-0.06821528482990402,-0.05395007133483887,-0.14395612478256226,-0.06981812823372024,-0.0073046088218688965,-0.17767402529716492,-0.029202696269322814,-0.007342696189880371,-0.23097577691078186,-0.05973885614233154,-0.01316148042678833,-0.1587173044681549,-0.05848029661731857,-0.01905667781829834,-0.10526716709136963,-0.04976561698870796,0.029467999935150146,-0.1602974236011505,-0.03923594239907402,0.01612335443496704,-0.16534370183944702,-0.05807923558907646,0.009585082530975342,-0.10466152429580688,-0.05170607972698349,0.006918668746948242,-0.06949549913406372,-0.04216115582542557
0.0,0.0,0.0,-0.04873257875442505,-0.026565730571746826,-0.021469259486025294,-0.06824654340744019,-0.11612114310264587,-0.03498330324930521,-0.03866976499557495,-0.18759429454803467,-0.04759820163292261,-0.008389949798583984,-0.2430451512336731,-0.057479318082755526,-0.08259022235870361,-0.17941412329673767,-0.015837186798876246,-0.09582394361495972,-0.21010887622833252,-0.052242241651242693,-0.08096784353256226,-0.15261313319206238,-0.07725999861997934,-0.061870694160461426,-0.09751802682876587,-0.08801073193592401,-0.04434877634048462,-0.18477612733840942,-0.020911989584988078,-0.05901306867599487,-0.25458091497421265,-0.056030519158071,-0.056883811950683594,-0.20354819297790527,-0.07198536753696771,-0.047898173332214355,-0.15331730246543884,-0.07411433368963571,-0.0053822994232177734,-0.17400795221328735,-0.030184076950376948,-0.0033719539642333984,-0.2271895408630371,-0.06226026997012468,-0.01212310791015625,-0.15453436970710754,-0.06026063099545809,-0.019709646701812744,-0.10334187746047974,-0.05041790366215082,0.030162334442138672,-0.1538429856300354,-0.04118703663391443,0.01711183786392212,-0.16485708951950073,-0.059717178196137866,0.008846104145050049,-0.1062871515750885,-0.05176633954090448,0.005018949508666992,-0.07309186458587646,-0.04091030344409319
0.0,0.0,0.0,-0.05072927474975586,-0.027889609336853027,-0.023221772020924902,-0.06905245780944824,-0.1164465844631195,-0.0384917071519979,-0.03915125131607056,-0.18676728010177612,-0.05286061749445281,-0.005028069019317627,-0.24033328890800476,-0.06367291123257957,-0.07994252443313599,-0.1789168119430542,-0.018875487005580283,-0.09200400114059448,-0.211786150932312,-0.05565903694020591,-0.07461684942245483,-0.15789848566055298,-0.08074044794427238,-0.05590665340423584,-0.10289263725280762,-0.09121159077273688,-0.04093354940414429,-0.18382257223129272,-0.0231463330297359,-0.04872637987136841,-0.25678837299346924,-0.054446335738767004,-0.04567641019821167,-0.24836862087249756,-0.07139844060527167,-0.036538004875183105,-0.2354455292224884,-0.07765657067881904,-0.0022620558738708496,-0.16988742351531982,-0.03167953700410209,0.0008199810981750488,-0.22194695472717285,-0.06404832363711677,-0.009584605693817139,-0.14866885542869568,-0.06117804706679664,-0.01785355806350708,-0.0954473614692688,-0.051043309128154135,0.033236145973205566,-0.14735016226768494,-0.04189187273966155,0.01916050910949707,-0.160805344581604,-0.061355076587069846,0.01071256399154663,-0.10300582647323608,-0.051191706067193365,0.006837248802185059,-0.06759941577911377,-0.03858933210955939
0.0,0.0,0.0,-0.04946136474609375,-0.027358651161193848,-0.023104810515405916,-0.06611210107803345,-0.11765769124031067,-0.0367009205613158,-0.031368792057037354,-0.18645793199539185,-0.048638918796541475,0.005526065826416016,-0.23589566349983215,-0.057590232590200685,-0.07721412181854248,-0.18334996700286865,-0.018378657648327135,-0.0925857424736023,-0.20790508389472961,-0.05488757918215015,-0.07650357484817505,-0.147698312997818,-0.08052935207820155,-0.05645859241485596,-0.09244340658187866,-0.09216014797425487,-0.03938162326812744,-0.1854407787322998,-0.022094772556783937,-0.05964624881744385,-0.24503836035728455,-0.05724584812855937,-0.055713534355163574,-0.1918390691280365,-0.07268819714522579,-0.04505676031112671,-0.14289236068725586,-0.07496444637513378,-0.0004925727844238281,-0.17211824655532837,-0.03007901216483333,0.0033721327781677246,-0.22242900729179382,-0.061574929753305696,-0.006107985973358154,-0.15009412169456482,-0.05886497850156047,-0.015258729457855225,-0.09804818034172058,-0.049031869867803834,0.03481018543243408,-0.14985215663909912,-0.04014959315395572,0.023074448108673096,-0.15796831250190735,-0.058941581645967744,0.012029945850372314,-0.10114550590515137,-0.051900086352588914,0.006311774253845215,-0.06930619478225708,-0.04188837612605312
0.0,0.0,0.0,-0.05077791213989258,-0.025163888931274414,-0.02334705330218867,-0.0687870979309082,-0.11429300904273987,-0.03705692812587813,-0.034915030002593994,-0.18448442220687866,-0.04918863028075293,0.0001512765884399414,-0.23617413640022278,-0.05818126871969298,-0.07692116498947144,-0.1848287284374237,-0.016193141786118304,-0.09226840734481812,-0.21146664023399353,-0.05369725972201422,-0.07516241073608398,-0.15160593390464783,-0.0803190633633335,-0.05347394943237305,-0.09466290473937988,-0.09195801019455985,-0.03827047348022461,-0.18694740533828735,-0.01966552212621764,-0.05343914031982422,-0.24625331163406372,-0.05498762950088576,-0.05277562141418457,-0.19663092494010925,-0.07134017497088507,-0.04572904109954834,-0.1497640609741211,-0.07403996735598639,-0.00032508373260498047,-0.17400434613227844,-0.027769878132005488,0.0045378804206848145,-0.22123607993125916,-0.05961540490176276,-0.006816565990447998,-0.1491127610206604,-0.057891385255118166,-0.016635775566101074,-0.09723833203315735,-0.04836681261446074,0.0341336727142334,-0.15231269598007202,-0.03800105824853972,0.021690428256988525,-0.1559632122516632,-0.056835116443892275,0.01001065969467163,-0.09791618585586548,-0.04998177811290816,0.0038527250289916992,-0.06543731689453125,-0.03976987078573302
0.0,0.0,0.0,-0.04997897148132324,-0.0262376070022583,-0.02064040028119507,-0.06780129671096802,-0.11842608451843262,-0.03353017852271023,-0.0331079363822937,-0.1864567995071411,-0.04474174887502613,-0.0008515119552612305,-0.23860394954681396,-0.05390253201687756,-0.07648390531539917,-0.18055486679077148,-0.020112802317385103,-0.09660470485687256,-0.20230942964553833,-0.05691217169726315,-0.08563190698623657,-0.14307141304016113,-0.08288019061649265,-0.06944108009338379,-0.0895233154296875,-0.0953176832255167,-0.03922474384307861,-0.18864285945892334,-0.025237952401880648,-0.06597435474395752,-0.24331799149513245,-0.0603331616576952,-0.0611538290977478,-0.18364104628562927,-0.0736518940385622,-0.04926645755767822,-0.13064944744110107,-0.07488889903390827,0.0006183385848999023,-0.17898660898208618,-0.03452554256284657,-0.0038074254989624023,-0.22906780242919922,-0.06564326495492878,-0.010772645473480225,-0.15347158908843994,-0.060422739988212015,-0.017776072025299072,-0.09872704744338989,-0.049771430945042994,0.03700590133666992,-0.1587507724761963,-0.045774015640859034,0.01760333776473999,-0.16010534763336182,-0.06616689175928059,0.007662057876586914,-0.10176640748977661,-0.05921358153784695,0.0033652782440185547,-0.07025706768035889,-0.04953876048887196
0.0,0.0,0.0,-0.050100624561309814,-0.03047722578048706,-0.020819406491199288,-0.06741559505462646,-0.11748498678207397,-0.034214062150994096,-0.03216278553009033,-0.18524494767189026,-0.0461723408666046,0.0006752610206604004,-0.23734158277511597,-0.05592884263066367,-0.08245587348937988,-0.18537229299545288,-0.018313752022066865,-0.10076570510864258,-0.20415347814559937,-0.05290876468686179,-0.08586585521697998,-0.14429068565368652,-0.07778015872506217,-0.06858682632446289,-0.08966398239135742,-0.08968098601368979,-0.04431045055389404,-0.1935497522354126,-0.02309274626938418,-0.06905245780944824,-0.24225422739982605,-0.056024809834042344,-0.061560213565826416,-0.1782943308353424,-0.06830223044423178,-0.049048423767089844,-0.12293139100074768,-0.06895338138608054,-0.003695547580718994,-0.1829547882080078,-0.03204364841846541,-0.009334802627563477,-0.22571557760238647,-0.06115324934987143,-0.01511448621749878,-0.15223589539527893,-0.05688694631723479,-0.020286858081817627,-0.09876781702041626,-0.04708244418768004,0.032578885555267334,-0.1605292558670044,-0.042998110410252366,0.015043258666992188,-0.15787851810455322,-0.0613478100862892,0.0074880123138427734,-0.10225671529769897,-0.054543127771893296,0.004807591438293457,-0.07268005609512329,-0.04517168691424445
0.0,0.0,0.0,-0.05037260055541992,-0.029805481433868408,-0.022517878708612216,-0.0681309700012207,-0.119265615940094,-0.03618475623167683,-0.03116786479949951,-0.18504145741462708,-0.0482111742321365,0.003916501998901367,-0.23613280057907104,-0.05750712580717732,-0.08116674423217773,-0.1943492293357849,-0.017263403308760417,-0.09982097148895264,-0.20691314339637756,-0.05407745964564015,-0.08341258764266968,-0.14342662692070007,-0.08100850708521534,-0.06344848871231079,-0.08681750297546387,-0.09404509342945744,-0.04244595766067505,-0.20152801275253296,-0.021638846171271098,-0.06591862440109253,-0.24408257007598877,-0.05655908785499264,-0.058935701847076416,-0.17917102575302124,-0.07028031922615696,-0.04618173837661743,-0.12445777654647827,-0.0716770274165981,-0.0019357800483703613,-0.18930399417877197,-0.030768882629644168,-0.0042536258697509766,-0.22736245393753052,-0.0612097179118507,-0.011911094188690186,-0.15200218558311462,-0.05752486936486889,-0.019242525100708008,-0.09845268726348877,-0.04797746441997219,0.034342825412750244,-0.16521719098091125,-0.042302331102263224,0.018933475017547607,-0.15787282586097717,-0.06194145060814549,0.008259236812591553,-0.09967648983001709,-0.05617345697916676,0.0023083090782165527,-0.06956058740615845,-0.047271127027642024
0.0,0.0,0.0,-0.04994386434555054,-0.02850472927093506,-0.022238099760556906,-0.06824386119842529,-0.11705932021141052,-0.035689210332179755,-0.032068073749542236,-0.18222332000732422,-0.047459693438554496,0.001376509666442871,-0.23276865482330322,-0.05658969450666973,-0.08122986555099487,-0.19471722841262817,-0.017332669160509795,-0.10082322359085083,-0.20658555626869202,-0.05330392140820095,-0.08476579189300537,-0.1427786946296692,-0.07954222503974506,-0.06567633152008057,-0.08841848373413086,-0.09265698287561008,-0.04205244779586792,-0.20389804244041443,-0.021670331991458625,-0.06718647480010986,-0.24386447668075562,-0.05610526148154804,-0.05959385633468628,-0.17681506276130676,-0.06929757986142704,-0.04673349857330322,-0.1240202784538269,-0.07070940527989933,-0.0013383030891418457,-0.19220834970474243,-0.030671173519635886,-0.006673753261566162,-0.2281942367553711,-0.0608307400710828,-0.013799488544464111,-0.1514940857887268,-0.05666034463718006,-0.0208590030670166,-0.09915804862976074,-0.047170312888169974,0.03446155786514282,-0.1680695116519928,-0.04204579237773487,0.01767653226852417,-0.157463937997818,-0.06217511165812084,0.0072539448738098145,-0.09889411926269531,-0.05684315953328678,0.00145721435546875,-0.07061511278152466,-0.04839616063907215
0.0,0.0,0.0,-0.0506443977355957,-0.029027700424194336,-0.023181901116799963,-0.06883466243743896,-0.11915576457977295,-0.037270122011136664,-0.03075587749481201,-0.18609338998794556,-0.049582802494001044,0.0059242844581604,-0.23682740330696106,-0.059228052188586844,-0.08169448375701904,-0.19177070260047913,-0.018377897133063925,-0.10119760036468506,-0.20488041639328003,-0.055735264708232535,-0.08468663692474365,-0.1418052315711975,-0.08328756018443073,-0.0651739239692688,-0.08433568477630615,-0.09651328696770634,-0.04389047622680664,-0.200065016746521,-0.022096470733117712,-0.0665695071220398,-0.24050122499465942,-0.05752403735084499,-0.060219526290893555,-0.17559343576431274,-0.07172698601050342,-0.04975330829620361,-0.11895406246185303,-0.07334208561940159,-0.004328608512878418,-0.19038185477256775,-0.030655585964154852,-0.005481600761413574,-0.22860276699066162,-0.06082335933012928,-0.012032568454742432,-0.15424248576164246,-0.0578195013002869,-0.019049525260925293,-0.09894675016403198,-0.048777979602050436,0.03190082311630249,-0.16838806867599487,-0.04175529702467884,0.01671421527862549,-0.15892651677131653,-0.06149489506049122,0.0063890814781188965,-0.09943485260009766,-0.05662909968657459,0.0006036162376403809,-0.06677895784378052,-0.0483270890907761
0.0,0.0,0.0,-0.052244365215301514,-0.026111304759979248,-0.02226400249602989,-0.07206898927688599,-0.1191912591457367,-0.03585432157817081,-0.03802770376205444,-0.1902160346508026,-0.04743465469184116,-0.005419254302978516,-0.24539625644683838,-0.05636848942341999,-0.08088827133178711,-0.18402400612831116,-0.01757160448434547,-0.10083621740341187,-0.20086854696273804,-0.0548372498244305,-0.0851481556892395,-0.14025753736495972,-0.08220349685254291,-0.06358563899993896,-0.08349144458770752,-0.0951340241819878,-0.043632328510284424,-0.19060981273651123,-0.021767888823177373,-0.07087254524230957,-0.2409784197807312,-0.056308877328064,-0.06616216897964478,-0.1834930181503296,-0.07097973362508014,-0.051959455013275146,-0.12983974814414978,-0.07310692653956608,-0.004725635051727295,-0.18062853813171387,-0.030619146907355344,-0.011001050472259521,-0.22969672083854675,-0.060126878926183736,-0.01707291603088379,-0.15907543897628784,-0.05642450661363796,-0.02027261257171631,-0.10650214552879333,-0.04714090810122684,0.031186223030090332,-0.16022193431854248,-0.04180419505539135,0.01042550802230835,-0.15815523266792297,-0.06071546361746982,0.0016790032386779785,-0.09916672110557556,-0.05461038337054447,9.47713851928711e-06,-0.06744778156280518,-0.04563096598687366
0.0,0.0,0.0,-0.0520901083946228,-0.025442838668823242,-0.021539260402818172,-0.07154661417007446,-0.11596113443374634,-0.03494164790262744,-0.03782469034194946,-0.1849486529827118,-0.04657218675365016,-0.004761993885040283,-0.23943978548049927,-0.05613728682746455,-0.07946425676345825,-0.18296679854393005,-0.019110460535188167,-0.10110831260681152,-0.19751465320587158,-0.056270749077697246,-0.08595067262649536,-0.13953176140785217,-0.0834879286145167,-0.0671117901802063,-0.08416372537612915,-0.09628893505086467,-0.04295462369918823,-0.19117790460586548,-0.023394743681450336,-0.07191497087478638,-0.2349115014076233,-0.057491694346566646,-0.06586605310440063,-0.1779574453830719,-0.07173385541190669,-0.05375468730926514,-0.12578725814819336,-0.07403041492452189,-0.0042528510093688965,-0.18242907524108887,-0.03208933468212649,-0.010222375392913818,-0.2238590121269226,-0.06263531069507167,-0.015843510627746582,-0.15160492062568665,-0.05967812682737872,-0.021641671657562256,-0.09731638431549072,-0.05085406895031497,0.030785799026489258,-0.1625562608242035,-0.04289439390649363,0.011693000793457031,-0.15743964910507202,-0.06333190272798106,0.0032806992530822754,-0.09728917479515076,-0.05776956747521922,-0.00047898292541503906,-0.06367945671081543,-0.049009334996839016
0.0,0.0,0.0,-0.04875302314758301,-0.03437197208404541,-0.01696134751585987,-0.07050967216491699,-0.11429131031036377,-0.026052985544481544,-0.04844701290130615,-0.16960373520851135,-0.03567468395380047,-0.020141959190368652,-0.21161308884620667,-0.042622719164171485,-0.05503958463668823,-0.21410644054412842,-0.003405922995113997,-0.08923214673995972,-0.20573148131370544,-0.03815125694421795,-0.08887195587158203,-0.14120590686798096,-0.0643487611964133,-0.08017563819885254,-0.08905237913131714,-0.07646309232262638,-0.019575893878936768,-0.218263179063797,-0.008584157767870693,-0.058834969997406006,-0.2291308045387268,-0.04020755013374355,-0.06620138883590698,-0.1644444465637207,-0.053197667206802635,-0.06385153532028198,-0.10817071795463562,-0.053138613904991416,0.014052748680114746,-0.20228946208953857,-0.018807748536744384,-0.022561490535736084,-0.1874178946018219,-0.045085925812998084,-0.03178209066390991,-0.1205531656742096,-0.04315793162135151,-0.033617615699768066,-0.07495379447937012,-0.03446962704805401,0.04144299030303955,-0.17243868112564087,-0.031690500880756645,0.0047716498374938965,-0.12645095586776733,-0.047379516269245414,-0.0025238394737243652,-0.07824671268463135,-0.04400375505832699,0.0007686018943786621,-0.05536240339279175,-0.036204245145597724
0.0,0.0,0.0,-0.048493385314941406,-0.0407794713973999,-0.01631647814417647,-0.0636398196220398,-0.1306912899017334,-0.026884094815500248,-0.03478056192398071,-0.19489362835884094,-0.037760133858569134,-0.0018211603164672852,-0.2451407015323639,-0.0459207547863798,-0.059211552143096924,-0.19573846459388733,-0.011834943670578468,-0.08465194702148438,-0.21887004375457764,-0.0456112315913515,-0.08238178491592407,-0.16189590096473694,-0.06758132484162616,-0.07549422979354858,-0.11100322008132935,-0.0755543028971033,-0.02366018295288086,-0.20169737935066223,-0.015837530609019268,-0.058810532093048096,-0.2414136826992035,-0.04590809997523593,-0.06530356407165527,-0.18973052501678467,-0.05741169955933856,-0.06552159786224365,-0.13564342260360718,-0.05656744074428843,0.01263439655303955,-0.1946486234664917,-0.023926821540840137,-0.014224827289581299,-0.18645164370536804,-0.04843642097318934,-0.024765610694885254,-0.11933153867721558,-0.046285386200793255,-0.032612740993499756,-0.06933361291885376,-0.03706899565065669,0.04588615894317627,-0.1759706735610962,-0.034205152656682,0.01642167568206787,-0.15234601497650146,-0.0434251045843439,0.005242645740509033,-0.10089603066444397,-0.03565880935991572,-0.00029653310775756836,-0.06623196601867676,-0.026004656221516598
0.0,0.0,0.0,-0.048901379108428955,-0.035021960735321045,-0.015033229113214475,-0.06498759984970093,-0.12036547064781189,-0.02570068170189188,-0.03368973731994629,-0.18074870109558105,-0.037164573416703206,0.0012152791023254395,-0.2266625165939331,-0.046936762378209096,-0.061941325664520264,-0.18711453676223755,-0.0113394491827421,-0.09024029970169067,-0.20502763986587524,-0.04445775677322672,-0.08916646242141724,-0.15062353014945984,-0.06679929126858042,-0.08263105154037476,-0.1026611328125,-0.07572363396047876,-0.028087973594665527,-0.19193103909492493,-0.01676911194681452,-0.06347018480300903,-0.23124009370803833,-0.04760553021787928,-0.06879115104675293,-0.17764544486999512,-0.059901942358010274,-0.06735068559646606,-0.12267541885375977,-0.05958138857840822,0.007215559482574463,-0.18366163969039917,-0.025974432796829205,-0.019625961780548096,-0.18726247549057007,-0.051808752909892064,-0.026951968669891357,-0.11731752753257751,-0.04978878502606676,-0.031214475631713867,-0.06584811210632324,-0.04055768702983187,0.040593743324279785,-0.1642475128173828,-0.03700269465207384,0.009876370429992676,-0.14647531509399414,-0.04943417464255617,0.0013187527656555176,-0.09321728348731995,-0.04236635644792841,-3.600120544433594e-05,-0.058548808097839355,-0.03273966614960955
0.0,0.0,0.0,-0.05513811111450195,-0.0340418815612793,-0.01584886095062643,-0.07268553972244263,-0.1252877116203308,-0.024699122519649563,-0.03387683629989624,-0.18191593885421753,-0.03301576046780497,-0.00438612699508667,-0.2260163426399231,-0.038583575622595845,-0.08061444759368896,-0.182550311088562,-0.01643736741081625,-0.09755676984786987,-0.22643151879310608,-0.04466206102208048,-0.09652566909790039,-0.16807854175567627,-0.060182100967921315,-0.0857885479927063,-0.12843826413154602,-0.06813290237025171,-0.0383373498916626,-0.19180017709732056,-0.023488151715554295,-0.05764585733413696,-0.26819270849227905,-0.05732537327841669,-0.0634722113609314,-0.19858580827713013,-0.06604434071616083,-0.054597675800323486,-0.15388038754463196,-0.06364845751360804,0.002331078052520752,-0.17621245980262756,-0.03354447601870447,-0.01009666919708252,-0.23546594381332397,-0.061801320747889577,-0.02202826738357544,-0.1585322618484497,-0.052354100034989415,-0.023660480976104736,-0.12058928608894348,-0.03957117243245989,0.03434860706329346,-0.15038156509399414,-0.04520038782195002,0.01099848747253418,-0.15492713451385498,-0.061172465668477116,0.0020807981491088867,-0.10709628462791443,-0.052883590446271,0.005394995212554932,-0.09633582830429077,-0.043963002846993504
0.0,0.0,0.0,-0.056157708168029785,-0.032898008823394775,-0.015925146758831943,-0.07536119222640991,-0.12311121821403503,-0.02404893387881657,-0.03860628604888916,-0.17926812171936035,-0.03132091288296124,-0.009126365184783936,-0.2222243845462799,-0.03525017027584454,-0.08300721645355225,-0.1820424497127533,-0.0163128991874828,-0.09921270608901978,-0.2235572636127472,-0.04344324220744511,-0.09805792570114136,-0.1644914448261261,-0.05749424372640988,-0.08607572317123413,-0.1277482509613037,-0.06498922978369137,-0.03962504863739014,-0.19255989789962769,-0.02289229084578892,-0.06016838550567627,-0.2664620876312256,-0.05804328818646809,-0.06620138883590698,-0.19415661692619324,-0.06581391219822308,-0.05545544624328613,-0.15109243988990784,-0.06214857672182461,0.0006745457649230957,-0.1776064932346344,-0.03240779612985989,-0.013437271118164062,-0.22983169555664062,-0.06075218890634915,-0.024779558181762695,-0.15178972482681274,-0.04960352380601307,-0.02467125654220581,-0.11746391654014587,-0.03544695873586079,0.031494736671447754,-0.1533556878566742,-0.0437019449922218,0.007923483848571777,-0.15096083283424377,-0.05943967600194355,-0.0011134147644042969,-0.1036422848701477,-0.051025414958871806,0.0023223161697387695,-0.09671461582183838,-0.04193463374701878
0.0,0.0,0.0,-0.05737483501434326,-0.03377699851989746,-0.014758022756922173,-0.07799035310745239,-0.1257646679878235,-0.022066984580504823,-0.04092150926589966,-0.18242919445037842,-0.029078254731047082,-0.008324384689331055,-0.22233858704566956,-0.03302048172210448,-0.082394540309906,-0.18487125635147095,-0.014607673765766549,-0.0984792709350586,-0.22583100199699402,-0.04072703446601622,-0.09680390357971191,-0.16622138023376465,-0.05422101940368407,-0.08459669351577759,-0.13116499781608582,-0.061706792818057465,-0.0397074818611145,-0.1955481767654419,-0.0217099099174618,-0.05910181999206543,-0.26933711767196655,-0.055505670861947465,-0.06507217884063721,-0.19598153233528137,-0.06287406410430663,-0.054611027240753174,-0.15368199348449707,-0.05928721676920645,0.0005387067794799805,-0.18017584085464478,-0.031686168418872285,-0.012114942073822021,-0.23452502489089966,-0.05860570843671553,-0.02416473627090454,-0.15577781200408936,-0.04746924738739722,-0.02468109130859375,-0.1211424469947815,-0.03373999174093001,0.031804561614990234,-0.15530911087989807,-0.04346390466545813,0.009568631649017334,-0.15691480040550232,-0.05859478588556044,-0.0010191798210144043,-0.10842153429985046,-0.05041682000612013,0.0013852715492248535,-0.09971579909324646,-0.04169531192039244
0.0,0.0,0.0,-0.06168222427368164,-0.028083443641662598,-0.00807626940977002,-0.09761881828308105,-0.10327714681625366,-0.012421037300640592,-0.09493708610534668,-0.16538867354393005,-0.019071627638453492,-0.09189176559448242,-0.21248677372932434,-0.024455020434373864,-0.08302187919616699,-0.15929505228996277,-0.0012836968499811974,-0.1121816635131836,-0.2123587727546692,-0.028702967099064836,-0.11747950315475464,-0.16311168670654297,-0.04447575122784997,-0.10613369941711426,-0.11874443292617798,-0.05067708180021668,-0.05200386047363281,-0.17254817485809326,-0.010411600812489041,-0.08160161972045898,-0.2498379945755005,-0.03881274745535279,-0.09052449464797974,-0.1942497193813324,-0.04654983267855073,-0.07945030927658081,-0.1485927700996399,-0.0432777425713482,-0.018646657466888428,-0.1694311797618866,-0.02308035851191903,-0.04984915256500244,-0.22273680567741394,-0.05009463266205216,-0.05111509561538696,-0.15785899758338928,-0.044587197012418756,-0.03676772117614746,-0.12177473306655884,-0.033790732032770165,0.013690948486328125,-0.15412423014640808,-0.036597455150598535,-0.0249977707862854,-0.15758514404296875,-0.05516030848693276,-0.02527254819869995,-0.10886624455451965,-0.049587091661209115,-0.010120153427124023,-0.09205624461174011,-0.04115780652236367
0.0,0.0,0.0,-0.0553746223449707,-0.05011475086212158,-0.013393996915851858,-0.06515884399414062,-0.1408606469631195,-0.022003169803952005,-0.033205389976501465,-0.20160892605781555,-0.03197223849508646,-0.003080427646636963,-0.2450122833251953,-0.03965031884524706,-0.04894149303436279,-0.20922702550888062,-0.0046639337009537485,-0.07122296094894409,-0.2540735900402069,-0.036804826631282594,-0.08314615488052368,-0.20278728008270264,-0.056537272109721926,-0.07899594306945801,-0.158166766166687,-0.06470965005371454,-0.010196805000305176,-0.20834973454475403,-0.012562101407979753,-0.02865588665008545,-0.2808462977409363,-0.045066324695085314,-0.04885590076446533,-0.22450968623161316,-0.054934518112872865,-0.04923200607299805,-0.17429432272911072,-0.0520301774880636,0.024589717388153076,-0.18880701065063477,-0.024744303598140505,-0.0032477974891662598,-0.2224072515964508,-0.05296283371660593,-0.02353799343109131,-0.15936467051506042,-0.04879844345066431,-0.022658586502075195,-0.12231671810150146,-0.03825241111132982,0.05025559663772583,-0.15883827209472656,-0.038634938820337084,0.007413685321807861,-0.15401959419250488,-0.053630472793315676,-0.005278229713439941,-0.10884425044059753,-0.04762387804601076,0.0028690695762634277,-0.09193813800811768,-0.039218375160430696
0.0,0.0,0.0,-0.04519927501678467,-0.054043710231781006,-0.017003820127456493,-0.051094651222229004,-0.14286398887634277,-0.025073557010500735,-0.012780070304870605,-0.19867044687271118,-0.0340943754079035,0.027430832386016846,-0.22658848762512207,-0.04007506821176321,-0.03400498628616333,-0.20120680332183838,-0.004468364956437654,-0.025937438011169434,-0.2542315721511841,-0.03882055807730467,-0.029194355010986328,-0.20245176553726196,-0.05916977006813795,-0.03280997276306152,-0.15576329827308655,-0.06655977744480879,0.004253745079040527,-0.18497946858406067,-0.011242642848401374,0.019395828247070312,-0.2644095718860626,-0.0436354808869055,0.005958139896392822,-0.2151225507259369,-0.05436850044748098,-0.002106904983520508,-0.17929714918136597,-0.051805385238139934,0.03722316026687622,-0.15319117903709412,-0.023051471299140758,0.04749166965484619,-0.1933521032333374,-0.05691725838801176,0.022305309772491455,-0.13411954045295715,-0.05481838140508444,0.007554590702056885,-0.10752177238464355,-0.0431735970439604,0.06516152620315552,-0.11227166652679443,-0.03596618477126867,0.058745384216308594,-0.13274019956588745,-0.05392709825059683,0.036781489849090576,-0.087909996509552,-0.045053147560565776,0.024950265884399414,-0.07000607252120972,-0.03305506039282591
0.0,0.0,0.0,-0.054298222064971924,-0.04484355449676514,-0.014831448145855575,-0.07458990812301636,-0.13728377223014832,-0.02315139601444116,-0.03809481859207153,-0.19661939144134521,-0.032067388468135505,0.0006647109985351562,-0.22433724999427795,-0.03817079233442655,-0.07222640514373779,-0.19107332825660706,-0.01237501221214643,-0.06706207990646362,-0.2576684057712555,-0.04439000802551618,-0.06010359525680542,-0.20479542016983032,-0.062311977320064216,-0.053479790687561035,-0.1605893075466156,-0.07025231438194623,-0.030403971672058105,-0.1889556646347046,-0.020949445836890845,-0.022803425788879395,-0.28314194083213806,-0.05611352639709821,-0.02768564224243164,-0.21733173727989197,-0.06619448977028242,-0.027578771114349365,-0.17416754364967346,-0.06300679611479154,0.008116185665130615,-0.16676324605941772,-0.03331806155358663,0.018304884433746338,-0.2260802686214447,-0.0648599790266644,0.0005400776863098145,-0.15751340985298157,-0.06125537323271146,-0.010698020458221436,-0.12815320491790771,-0.050374202602256446,0.04053544998168945,-0.13464412093162537,-0.046791657977450996,0.031235337257385254,-0.14672231674194336,-0.06338749098097196,0.01816117763519287,-0.09890377521514893,-0.05613780038868299,0.013415694236755371,-0.08653426170349121,-0.0470336044064652
0.0,0.0,0.0,-0.05435633659362793,-0.040899813175201416,-0.009256401535083114,-0.07847011089324951,-0.12811851501464844,-0.012757726449478923,-0.07055610418319702,-0.1933613121509552,-0.019172003928531467,-0.06429445743560791,-0.2402702271938324,-0.02236825085054761,-0.05035120248794556,-0.20471984148025513,0.005234488315920771,-0.06609582901000977,-0.25864821672439575,-0.028373085398186504,-0.08133548498153687,-0.20521259307861328,-0.04597791514169103,-0.0812029242515564,-0.15959709882736206,-0.05088693505894071,-0.0181770920753479,-0.20251625776290894,-0.004367643006105482,-0.03446680307388306,-0.2729301452636719,-0.03816817185651189,-0.05347555875778198,-0.20861515402793884,-0.045259694073308765,-0.0501672625541687,-0.16299545764923096,-0.03815790123115903,0.014171481132507324,-0.18329674005508423,-0.019064536754001438,-0.007381319999694824,-0.214889794588089,-0.05120773098241216,-0.027361154556274414,-0.14753592014312744,-0.04541808969150907,-0.026023805141448975,-0.11301940679550171,-0.03103035173188573,0.04408961534500122,-0.15340185165405273,-0.0349257685876978,0.013881087303161621,-0.154570072889328,-0.05237483835588819,-0.002064347267150879,-0.10629743337631226,-0.04499170413981801,0.0020949244499206543,-0.08700007200241089,-0.03339011451970464
0.0,0.0,0.0,-0.057094693183898926,-0.05060172080993652,-0.01016007259545404,-0.07439577579498291,-0.13856682181358337,-0.017228855640269103,-0.05419844388961792,-0.19845670461654663,-0.02686389431414682,-0.03086334466934204,-0.24316555261611938,-0.033706865162230315,-0.05334705114364624,-0.21165308356285095,0.0007910735969289817,-0.07571166753768921,-0.25491055846214294,-0.03206205636320192,-0.08890342712402344,-0.19724375009536743,-0.05025793507752496,-0.08253282308578491,-0.15475678443908691,-0.05712707981524545,-0.014138281345367432,-0.2146129012107849,-0.00858279585895616,-0.040426433086395264,-0.28484851121902466,-0.04415887862501222,-0.06071114540100098,-0.21893781423568726,-0.05285169825015146,-0.057524919509887695,-0.16559162735939026,-0.046778800786114516,0.02144181728363037,-0.1977575719356537,-0.022099842206216636,-0.017819225788116455,-0.22094491124153137,-0.0511581142252453,-0.03104424476623535,-0.1493091583251953,-0.0439598363643654,-0.024422287940979004,-0.11031484603881836,-0.029989964217520537,0.04766380786895752,-0.16972875595092773,-0.037340856046057525,-0.0007481575012207031,-0.1501835584640503,-0.051877173483944716,-0.008906841278076172,-0.10372340679168701,-0.04479987442550737,0.0019335746765136719,-0.08892273902893066,-0.03455342620668489
0.0,0.0,0.0,-0.07557511329650879,-0.05071371793746948,-0.014958878160484801,-0.11202949285507202,-0.12407135963439941,-0.027215338424809943,-0.11410397291183472,-0.18368279933929443,-0.04043607331908561,-0.09697484970092773,-0.2236398458480835,-0.05008475028074599,-0.05290704965591431,-0.2586771845817566,-0.007045007889189492,-0.12766730785369873,-0.2626376748085022,-0.04198551096118308,-0.1525557041168213,-0.21893376111984253,-0.06322457186973907,-0.15370094776153564,-0.1927802860736847,-0.07374884478844024,-0.02959764003753662,-0.24617677927017212,-0.015719560087688933,-0.11565446853637695,-0.24055421352386475,-0.05285692133105613,-0.1257510781288147,-0.17119759321212769,-0.06222244642771102,-0.11249291896820068,-0.13468748331069946,-0.0595563232163272,-0.013922452926635742,-0.21318319439888,-0.02904979430235244,-0.10073721408843994,-0.16594314575195312,-0.06271507881677962,-0.09746050834655762,-0.10320675373077393,-0.05781677283442832,-0.07753819227218628,-0.08384835720062256,-0.04628618352211333,-0.007682621479034424,-0.16581332683563232,-0.044611613378890524,-0.07730954885482788,-0.11059814691543579,-0.06627685122288085,-0.07001626491546631,-0.06720483303070068,-0.06331485055483199,-0.049042463302612305,-0.06089222431182861,-0.054696387724050055
0.0,0.0,0.0,-0.07558333873748779,-0.04945027828216553,-0.01441434661387575,-0.11389851570129395,-0.11929214000701904,-0.02795560548543108,-0.11809849739074707,-0.17661821842193604,-0.042561349295965556,-0.09964752197265625,-0.20779699087142944,-0.05299409555732382,-0.05989491939544678,-0.2544938325881958,-0.01216796303629053,-0.13684290647506714,-0.2594276964664459,-0.04661577271758688,-0.1559138298034668,-0.19475030899047852,-0.06586245524226797,-0.14533281326293945,-0.1601739227771759,-0.0751564286881603,-0.03544950485229492,-0.23979246616363525,-0.02186984086870325,-0.12228721380233765,-0.24111664295196533,-0.05805298762857092,-0.13576871156692505,-0.1725025773048401,-0.06618998276530874,-0.12336546182632446,-0.13468152284622192,-0.06353758352338446,-0.01993769407272339,-0.20568710565567017,-0.03588493990241659,-0.10364073514938354,-0.15238916873931885,-0.066720255487553,-0.10048210620880127,-0.09445244073867798,-0.061643776320806865,-0.07892477512359619,-0.07941359281539917,-0.05133236276446951,-0.0142439603805542,-0.15793946385383606,-0.052138493233314875,-0.08192014694213867,-0.10310256481170654,-0.07028266119300497,-0.0753965973854065,-0.06221669912338257,-0.06658428984223974,-0.05508255958557129,-0.057826220989227295,-0.0588891178601898
0.0,0.0,0.0,-0.0571553111076355,-0.03999888896942139,-0.03123167515892078,-0.07510799169540405,-0.0938308835029602,-0.052563061799588695,-0.05461841821670532,-0.12642145156860352,-0.06967266076404144,-0.02236860990524292,-0.14495089650154114,-0.08196107470590164,-0.026187539100646973,-0.22029590606689453,-0.03887299248177101,-0.08174711465835571,-0.18187406659126282,-0.07607803666192581,-0.08999884128570557,-0.11966001987457275,-0.09910577708083679,-0.07604128122329712,-0.09805488586425781,-0.11243704133826782,0.013497769832611084,-0.19816699624061584,-0.04009356522161056,-0.05010485649108887,-0.1641937494277954,-0.07304873489934494,-0.06479960680007935,-0.1057424545288086,-0.08003326677876998,-0.05570363998413086,-0.08833140134811401,-0.0802124606927066,0.04027599096298218,-0.15048876404762268,-0.04592262380916168,-0.0236663818359375,-0.08725708723068237,-0.07256415658790161,-0.035913050174713135,-0.049129605293273926,-0.06340225958425094,-0.023950815200805664,-0.05052947998046875,-0.053295483674588695,0.05409198999404907,-0.09599417448043823,-0.05572896623212387,-0.0013374686241149902,-0.04482537508010864,-0.07075043940145065,-0.010572373867034912,-0.024806439876556396,-0.06421802365380813,0.00018411874771118164,-0.0330691933631897,-0.056316071983161464
0.0,0.0,0.0,-0.03779780864715576,-0.031644463539123535,-0.026414230606320643,-0.059668004512786865,-0.08721423149108887,-0.04240697077548816,-0.06119799613952637,-0.12443652749061584,-0.054520866042736316,-0.049138665199279785,-0.13919538259506226,-0.062333585834863925,0.01121664047241211,-0.19351476430892944,-0.03153890944159343,-0.03995323181152344,-0.16180923581123352,-0.06092111594117,-0.04950249195098877,-0.10966533422470093,-0.07797320759928539,-0.04137241840362549,-0.0920332670211792,-0.08714945442116573,0.04696577787399292,-0.16400936245918274,-0.03212977773583248,-0.0064942240715026855,-0.1320582926273346,-0.05406152284777477,-0.021854102611541748,-0.08418387174606323,-0.05617604604995563,-0.0162428617477417,-0.0745617151260376,-0.05508216670787647,0.06824344396591187,-0.11658093333244324,-0.03673675856626346,0.01452791690826416,-0.07717961072921753,-0.055429225927952075,-0.0013986825942993164,-0.04288029670715332,-0.045680167293909335,0.004761695861816406,-0.04044276475906372,-0.03698036274946048,0.07851618528366089,-0.06264275312423706,-0.0447363798979552,0.03372526168823242,-0.03129303455352783,-0.055417815363767886,0.018358170986175537,-0.011270582675933838,-0.04819885096586063,0.021974146366119385,-0.009462714195251465,-0.04006269401943996
0.0,0.0,0.0,-0.04424935579299927,-0.0372810959815979,-0.02616458646136266,-0.0533909797668457,-0.1173257827758789,-0.03887876383143407,-0.01848459243774414,-0.17586758732795715,-0.049053872741041005,0.017676830291748047,-0.21329602599143982,-0.05407441667395574,-0.05543553829193115,-0.19711199402809143,-0.01927075981276971,-0.05283534526824951,-0.22928929328918457,-0.053699734426317036,-0.049667537212371826,-0.16628196835517883,-0.07216897866803151,-0.044438838958740234,-0.13001519441604614,-0.08077450356560689,-0.009107053279876709,-0.19179260730743408,-0.022251448399600804,-0.003180563449859619,-0.25559166073799133,-0.06267516574936849,-0.012648940086364746,-0.18100640177726746,-0.07268356046753865,-0.013724267482757568,-0.14320215582847595,-0.06839818767386419,0.02883625030517578,-0.16427651047706604,-0.029874614245471776,0.03267556428909302,-0.1916932463645935,-0.06496160737353307,0.011235713958740234,-0.11755460500717163,-0.05488990507203084,0.0013309121131896973,-0.09325248003005981,-0.03828393555360776,0.05703240633010864,-0.12777268886566162,-0.04000331348854047,0.04623299837112427,-0.12185168266296387,-0.05742486081200582,0.028105556964874268,-0.0774495005607605,-0.04741632080751401,0.021347105503082275,-0.0732724666595459,-0.03506775832849485
0.0,0.0,0.0,-0.058412790298461914,-0.041458070278167725,-0.01700853150643411,-0.08518922328948975,-0.12891018390655518,-0.023905157710686353,-0.0646701455116272,-0.19862249493598938,-0.030913561250343946,-0.03777831792831421,-0.237807959318161,-0.03384850327230993,-0.07703220844268799,-0.1910904347896576,-0.007665870378986028,-0.06574368476867676,-0.24960467219352722,-0.040681222121492056,-0.05999690294265747,-0.1915583312511444,-0.057084930728450445,-0.057415008544921875,-0.15389299392700195,-0.06353112463213506,-0.03245127201080322,-0.1894087791442871,-0.014669309037998346,-0.02336329221725464,-0.2801598608493805,-0.05598538149453702,-0.02949202060699463,-0.20402804017066956,-0.06617590938068929,-0.030432701110839844,-0.16257023811340332,-0.06023188088394704,0.006936967372894287,-0.16849803924560547,-0.025774936790838865,0.017323195934295654,-0.21647599339485168,-0.06374062005735937,0.0007804036140441895,-0.14034920930862427,-0.056754057894721655,-0.008065879344940186,-0.11453443765640259,-0.04021473009444776,0.038892507553100586,-0.1386832594871521,-0.038033844570890096,0.03527641296386719,-0.14844632148742676,-0.05678313006021085,0.021592140197753906,-0.097800612449646,-0.04663984630562368,0.01574242115020752,-0.08800733089447021,-0.03351922486282888
0.0,0.0,0.0,-0.05695909261703491,-0.03665804862976074,-0.010444808721928212,-0.08965879678726196,-0.12095776200294495,-0.015259651437787625,-0.0899362564086914,-0.1913575530052185,-0.022694054030267807,-0.08718127012252808,-0.2407757043838501,-0.027321592875210854,-0.07601344585418701,-0.18837398290634155,0.003545731335492519,-0.08646512031555176,-0.25408118963241577,-0.032004295818893524,-0.08613234758377075,-0.20148849487304688,-0.051927789084999176,-0.07606655359268188,-0.1545708179473877,-0.0586122898090764,-0.0400814414024353,-0.18941402435302734,-0.007680358801422926,-0.04394429922103882,-0.28602975606918335,-0.04652626716384134,-0.05487215518951416,-0.21887686848640442,-0.05732324623355112,-0.048763275146484375,-0.17445486783981323,-0.05143295504936418,-0.003902137279510498,-0.1704825460910797,-0.02367092759200773,-0.009377241134643555,-0.22707781195640564,-0.06062023245581827,-0.02336263656616211,-0.15219587087631226,-0.05413105615267,-0.02092421054840088,-0.122659832239151,-0.03761857651957712,0.030951857566833496,-0.14103981852531433,-0.04047252141722879,0.013113856315612793,-0.15903159976005554,-0.0602837418843194,0.0031307339668273926,-0.10793823003768921,-0.050018261157362076,0.007467806339263916,-0.09529298543930054,-0.035875349276153656
0.0,0.0,0.0,-0.06686598062515259,-0.03684580326080322,-0.003579698396436015,-0.10382992029190063,-0.12089651823043823,-0.003675663970000187,-0.10651946067810059,-0.1878693699836731,-0.007938718782327214,-0.10083001852035522,-0.2328740656375885,-0.011359976963660756,-0.09024655818939209,-0.16817650198936462,0.010883166095652541,-0.11408817768096924,-0.23507440090179443,-0.014985824362895528,-0.12749850749969482,-0.21583670377731323,-0.029722744958064595,-0.12380862236022949,-0.18984204530715942,-0.03584165720786814,-0.056672751903533936,-0.1779206395149231,-0.0016251159930220638,-0.07130533456802368,-0.2684744596481323,-0.03499045445170168,-0.08411383628845215,-0.21972021460533142,-0.046580797420403997,-0.07541298866271973,-0.17645546793937683,-0.044171342985293904,-0.020141541957855225,-0.17071962356567383,-0.017668769122622052,-0.03858703374862671,-0.2446490228176117,-0.050459439294002095,-0.047779202461242676,-0.178604394197464,-0.04633626191463236,-0.03918510675430298,-0.13934090733528137,-0.03392855672683481,0.017538011074066162,-0.15194576978683472,-0.03390547482814554,-0.013559997081756592,-0.17244526743888855,-0.05543118192400698,-0.019072413444519043,-0.12265297770500183,-0.05016071944083933,-0.007257819175720215,-0.10107123851776123,-0.0406526274844623
0.0,0.0,0.0,-0.05164015293121338,-0.03943830728530884,-0.0039451319613590385,-0.07645714282989502,-0.11959400773048401,-0.005403242249144569,-0.07841569185256958,-0.17928487062454224,-0.011053502734853282,-0.07822912931442261,-0.22554618120193481,-0.013897846628083244,-0.03425341844558716,-0.19883829355239868,0.014332070771502003,-0.05338376760482788,-0.2624531686306,-0.013108386833323493,-0.0759391188621521,-0.22207164764404297,-0.02703125047321464,-0.0759885311126709,-0.18381619453430176,-0.03147411922748233,-0.007785439491271973,-0.20181941986083984,0.0037309993634835337,-0.03355294466018677,-0.27864015102386475,-0.02645727637047912,-0.060486674308776855,-0.22348842024803162,-0.03303064609701778,-0.05803149938583374,-0.18110975623130798,-0.027101939719273105,0.017497539520263672,-0.19076651334762573,-0.011567065667463794,-0.025825440883636475,-0.23009184002876282,-0.042049011390759006,-0.044584691524505615,-0.16365191340446472,-0.03667022491629268,-0.0344119668006897,-0.13013321161270142,-0.023581549700452342,0.03883761167526245,-0.16708099842071533,-0.027649153199149623,-0.012244999408721924,-0.1696891486644745,-0.04725573043162967,-0.024409770965576172,-0.12055772542953491,-0.04303728992874767,-0.010656952857971191,-0.10207390785217285,-0.03405085782344486
0.0,0.0,0.0,-0.050848186016082764,-0.04565376043319702,-0.0025349945522066264,-0.07042515277862549,-0.13027554750442505,-0.0034102950471606164,-0.06479716300964355,-0.19157859683036804,-0.008564075617414346,-0.05141854286193848,-0.23767277598381042,-0.01167596147797667,-0.020339369773864746,-0.20397621393203735,0.016005819501060614,-0.046184420585632324,-0.25964006781578064,-0.010460658161264291,-0.07287681102752686,-0.22657516598701477,-0.024995757429223886,-0.07729935646057129,-0.1897861659526825,-0.03046476112149321,0.0053670406341552734,-0.20622500777244568,0.005107790069359908,-0.024744808673858643,-0.2786577343940735,-0.024487525387030473,-0.05583006143569946,-0.2272353172302246,-0.03186563418648802,-0.05971747636795044,-0.18017959594726562,-0.026665700761896005,0.029081761837005615,-0.19331946969032288,-0.010107039636295667,-0.02043098211288452,-0.2235282063484192,-0.04016463102243506,-0.03757429122924805,-0.15778285264968872,-0.03650426880858504,-0.027733981609344482,-0.12049925327301025,-0.02500436657510363,0.046014368534088135,-0.16798362135887146,-0.02612995745084845,-0.010190606117248535,-0.16255828738212585,-0.04685524494789206,-0.021115362644195557,-0.11294707655906677,-0.04488959179661833,-0.007636368274688721,-0.09080946445465088,-0.037625286890488496
0.0,0.0,0.0,-0.05909055471420288,-0.03654378652572632,-0.014568969411584476,-0.08486628532409668,-0.12851664423942566,-0.022815798213514427,-0.057171523571014404,-0.20216146111488342,-0.031685954695376495,-0.0281258225440979,-0.24035310745239258,-0.03777669629994307,-0.08462846279144287,-0.17701107263565063,-0.011464478252264598,-0.08014470338821411,-0.24398231506347656,-0.047456278269919494,-0.06651127338409424,-0.19381743669509888,-0.0695352319532958,-0.056302011013031006,-0.14515742659568787,-0.07907435930314932,-0.042332351207733154,-0.17828720808029175,-0.020799143975409606,-0.041205763816833496,-0.27339252829551697,-0.05918584651294623,-0.03979754447937012,-0.21261325478553772,-0.07254785931650076,-0.03681540489196777,-0.1666305661201477,-0.07132182157579336,-0.002038121223449707,-0.1622757911682129,-0.03389393425527487,0.007925629615783691,-0.23010152578353882,-0.068781032031211,-0.0026091337203979492,-0.15620139241218567,-0.06290753818097983,-0.011888682842254639,-0.11590293049812317,-0.04929962641540442,0.03299069404602051,-0.1366366147994995,-0.04811607933584128,0.026669979095458984,-0.15658757090568542,-0.066418110197219,0.017531394958496094,-0.10367095470428467,-0.05583545452896033,0.013381361961364746,-0.08356672525405884,-0.04326915255728636
0.0,0.0,0.0,-0.06185370683670044,-0.03221338987350464,-0.00847618265828487,-0.09803026914596558,-0.1130666434764862,-0.014239914555162159,-0.0963861346244812,-0.18341904878616333,-0.022810728129059044,-0.08822113275527954,-0.2270357608795166,-0.029027229946166244,-0.09387385845184326,-0.17418435215950012,-0.002298822233512965,-0.10562950372695923,-0.2411688268184662,-0.037588863473445144,-0.0971609354019165,-0.197382390499115,-0.05885157997539636,-0.084744393825531,-0.1508810818195343,-0.06754847879341241,-0.055239856243133545,-0.18134966492652893,-0.01518544911226627,-0.06190299987792969,-0.27768081426620483,-0.05389260391524431,-0.06284832954406738,-0.21946346759796143,-0.06685260201624033,-0.055329322814941406,-0.17213213443756104,-0.0645340632908642,-0.015871524810791016,-0.16748222708702087,-0.03184262926509973,-0.018297970294952393,-0.2296927571296692,-0.06682615245512125,-0.025258004665374756,-0.15570729970932007,-0.06016669685772058,-0.026515305042266846,-0.11880776286125183,-0.04553745950391885,0.021561503410339355,-0.1423795223236084,-0.049250091265946594,0.007494568824768066,-0.15735802054405212,-0.06842936838796732,0.0019423961639404297,-0.10716915130615234,-0.05858358259132501,0.0024883151054382324,-0.09242552518844604,-0.04599685857823488
0.0,0.0,0.0,-0.057169437408447266,-0.050852835178375244,-0.010852772043961068,-0.0679696798324585,-0.13998058438301086,-0.018650136189478417,-0.03640705347061157,-0.1970517635345459,-0.0278317269402919,-0.007950186729431152,-0.23839983344078064,-0.0349748947191415,-0.05152773857116699,-0.21445339918136597,-0.006896639475542088,-0.0737183690071106,-0.2512667775154114,-0.03662553732277729,-0.08531844615936279,-0.1954556107521057,-0.054037741618174095,-0.07925188541412354,-0.15361061692237854,-0.0618257739114938,-0.010327160358428955,-0.21713674068450928,-0.015678278403299828,-0.037827372550964355,-0.2843545079231262,-0.04697223310353138,-0.05854034423828125,-0.2211364209651947,-0.05501150269986965,-0.056677937507629395,-0.16818678379058838,-0.050740245031136055,0.024419546127319336,-0.198621928691864,-0.027745028259175797,-0.012615799903869629,-0.21436980366706848,-0.05224063177587368,-0.028234362602233887,-0.14497199654579163,-0.04575903643848278,-0.02384239435195923,-0.1077304482460022,-0.034689816879051705,0.04562491178512573,-0.16891425848007202,-0.04174962942482807,-0.003915965557098389,-0.1384069323539734,-0.0547132298815427,-0.01051706075668335,-0.09323608875274658,-0.049231416778582116,0.0018377304077148438,-0.08167392015457153,-0.041678874986189385
0.0,0.0,0.0,-0.045690298080444336,-0.034963786602020264,-0.024718043820172397,-0.06020689010620117,-0.10501939058303833,-0.037243987859397976,-0.03196614980697632,-0.1484287679195404,-0.047419249505907146,0.0047255754470825195,-0.17733103036880493,-0.052128843457609264,-0.041137754917144775,-0.21904322504997253,-0.014289446600884048,-0.07274019718170166,-0.20140039920806885,-0.05251019770017251,-0.07496529817581177,-0.1395149528980255,-0.07515441575756654,-0.06354886293411255,-0.1119910478591919,-0.086281567306429,0.004690289497375488,-0.21247869729995728,-0.018221727998167125,-0.02424675226211548,-0.21328744292259216,-0.05557300844898805,-0.038999736309051514,-0.148065984249115,-0.06273856708517656,-0.03840512037277222,-0.12246382236480713,-0.05804904127231225,0.04062432050704956,-0.1818937361240387,-0.02828096734097585,0.0037970542907714844,-0.13746339082717896,-0.0595534885834752,-0.0138624906539917,-0.08094274997711182,-0.05112120831122979,-0.013826906681060791,-0.0765070915222168,-0.03851254606357202,0.06438887119293213,-0.13937950134277344,-0.04198043370357141,0.024525701999664307,-0.0738610029220581,-0.05962490984907731,0.011988639831542969,-0.035205185413360596,-0.05406161719670877,0.015817224979400635,-0.0397375226020813,-0.045449491084724514
0.0,0.0,0.0,-0.05753737688064575,-0.0343022346496582,-0.011273301534373559,-0.08556109666824341,-0.12090730667114258,-0.018261092111487187,-0.07123339176177979,-0.19775038957595825,-0.027456157237310208,-0.057668209075927734,-0.25644028186798096,-0.03218627381326655,-0.1047278642654419,-0.18596616387367249,0.0007937532714379358,-0.12689882516860962,-0.23338636755943298,-0.03452716800572375,-0.11780118942260742,-0.1806807816028595,-0.05460969763996104,-0.09839481115341187,-0.13698410987854004,-0.06285309079291324,-0.06240677833557129,-0.19809848070144653,-0.01091906647386054,-0.0836038589477539,-0.28230777382850647,-0.05604206058384875,-0.08259302377700806,-0.21386456489562988,-0.07020376655461291,-0.0647689700126648,-0.1680721938610077,-0.06681844624878863,-0.0186842679977417,-0.18523555994033813,-0.026728585690278805,-0.03133362531661987,-0.23930463194847107,-0.0627289417684267,-0.031609296798706055,-0.15770569443702698,-0.047602948129195966,-0.02434462308883667,-0.12407296895980835,-0.02613910134138564,0.0221174955368042,-0.16380158066749573,-0.044238649636525906,0.001965045928955078,-0.18058115243911743,-0.06002105432750682,-0.0003820061683654785,-0.12902075052261353,-0.043408356934804715,0.003636777400970459,-0.11659389734268188,-0.025754884213228024
0.0,0.0,0.0,-0.05303257703781128,-0.02037334442138672,-0.023767623602907406,-0.08772927522659302,-0.09846073389053345,-0.03939573049501632,-0.07306158542633057,-0.18067917227745056,-0.0542983035738871,-0.04772907495498657,-0.248698890209198,-0.06516562357501243,-0.10542869567871094,-0.1656225323677063,-0.01644051216499065,-0.12291276454925537,-0.20573419332504272,-0.06048057928637718,-0.10048210620880127,-0.1509110927581787,-0.0860181744392321,-0.07737314701080322,-0.10479974746704102,-0.09603273823813652,-0.06515228748321533,-0.1793045997619629,-0.023685998767177807,-0.08660340309143066,-0.26227104663848877,-0.07108554944352363,-0.0752493143081665,-0.1923573613166809,-0.08620411857918953,-0.05953472852706909,-0.15003782510757446,-0.08333885624961113,-0.021595001220703125,-0.17249968647956848,-0.03610243976072525,-0.027326226234436035,-0.2232610583305359,-0.08010786727027153,-0.025588572025299072,-0.14039316773414612,-0.07161733463362907,-0.0228082537651062,-0.10849148035049438,-0.05281167432622169,0.018601298332214355,-0.15370392799377441,-0.05027513906316017,0.0047493577003479,-0.1721871793270111,-0.07305834397629951,0.004102528095245361,-0.11567330360412598,-0.059171430319111096,0.006170690059661865,-0.09987455606460571,-0.04213694065765594
0.0,0.0,0.0,-0.05676925182342529,-0.05007404088973999,-0.014828560835383087,-0.07874131202697754,-0.13750988245010376,-0.027544757312796264,-0.05284130573272705,-0.19713911414146423,-0.04194322783376947,-0.018988430500030518,-0.24454259872436523,-0.054349070376417785,-0.06185823678970337,-0.21910825371742249,-0.009073982908091693,-0.09871536493301392,-0.24448013305664062,-0.04609945226337686,-0.11340004205703735,-0.18303993344306946,-0.06936619240667596,-0.10683590173721313,-0.13313069939613342,-0.07992394078399911,-0.02055138349533081,-0.22663819789886475,-0.018648231363556533,-0.05944114923477173,-0.288032591342926,-0.05735246647026315,-0.07878917455673218,-0.2182931900024414,-0.06957953233148828,-0.07393008470535278,-0.15866634249687195,-0.06634863275911584,0.01690232753753662,-0.21061041951179504,-0.032505484259388595,-0.029454410076141357,-0.22220149636268616,-0.06230234537150636,-0.040705859661102295,-0.15160298347473145,-0.05703152153517976,-0.031003713607788086,-0.11519408226013184,-0.04508421007420793,0.04274427890777588,-0.18007460236549377,-0.048582898414395004,-0.01283031702041626,-0.15386462211608887,-0.0631785299244143,-0.01773780584335327,-0.10979640483856201,-0.05598565373446718,-0.0030036568641662598,-0.09930109977722168,-0.04629564467694536
0.0,0.0,0.0,-0.05210179090499878,-0.02889430522918701,-0.026315138850890207,-0.07079637050628662,-0.103607177734375,-0.040012837563239145,-0.04162031412124634,-0.15156346559524536,-0.05221936589904885,-0.006228387355804443,-0.1846497356891632,-0.06011581904121499,-0.05167728662490845,-0.20922887325286865,-0.015057908546708632,-0.08470898866653442,-0.19988316297531128,-0.0556403744859324,-0.08695399761199951,-0.13489830493927002,-0.08153724781104188,-0.07385432720184326,-0.09394979476928711,-0.0937824930889235,-0.008306443691253662,-0.21306416392326355,-0.01861731446214776,-0.04096275568008423,-0.22787532210350037,-0.058594503615580606,-0.052886128425598145,-0.1616618037223816,-0.06970878056117158,-0.04787927865982056,-0.12280666828155518,-0.06626720837184052,0.0278131365776062,-0.19217294454574585,-0.028438148264370966,-0.005919992923736572,-0.15293431282043457,-0.06054251379200082,-0.01785033941268921,-0.09041738510131836,-0.05514177418180566,-0.01342165470123291,-0.07405239343643188,-0.043364928279601145,0.054995715618133545,-0.15689918398857117,-0.042054315273247767,0.020914673805236816,-0.09514659643173218,-0.05738387367554765,0.009792685508728027,-0.05095040798187256,-0.05128793529101472,0.013752758502960205,-0.04842180013656616,-0.04239023587533097
0.0,0.0,0.0,-0.059825360774993896,-0.01981043815612793,-0.017684955110070177,-0.10802578926086426,-0.10290104150772095,-0.022331604694244334,-0.1268455982208252,-0.17939969897270203,-0.028435306583759257,-0.14085334539413452,-0.23802125453948975,-0.02954487684857554,-0.10361945629119873,-0.1756247580051422,0.005365239961776069,-0.12810248136520386,-0.2234819531440735,-0.03546020384621329,-0.1219739317893982,-0.1648668348789215,-0.05572872232389159,-0.10332345962524414,-0.12054121494293213,-0.0609593130249948,-0.06780213117599487,-0.1837185025215149,-0.0027997223262161697,-0.0910344123840332,-0.2595999836921692,-0.04661614816379256,-0.09259474277496338,-0.18454784154891968,-0.05570517476391501,-0.0768277645111084,-0.1499021053314209,-0.04687580834817595,-0.02914029359817505,-0.17345932126045227,-0.018037242775079676,-0.045110344886779785,-0.214546799659729,-0.05987363304686255,-0.04756426811218262,-0.13493740558624268,-0.04938363279890723,-0.038359999656677246,-0.11497718095779419,-0.028573682491895624,0.009551942348480225,-0.1548859179019928,-0.03517180677246756,-0.009481191635131836,-0.16857773065567017,-0.0581625960369081,-0.012715935707092285,-0.1148909330368042,-0.046542670537945696,-0.004817783832550049,-0.1060647964477539,-0.0300056468297214
0.0,0.0,0.0,-0.06085449457168579,-0.04118919372558594,-0.010801461659923461,-0.10556429624557495,-0.1181114912033081,-0.018213971652642158,-0.12124425172805786,-0.1860429048538208,-0.028281369381204513,-0.11343157291412354,-0.24111074209213257,-0.03352184327746954,-0.06515729427337646,-0.23449480533599854,0.0043116257110682454,-0.10921680927276611,-0.2551407217979431,-0.03074967036451426,-0.12525993585586548,-0.19302916526794434,-0.05065488549377051,-0.1220998764038086,-0.15025579929351807,-0.05887492852713194,-0.0355798602104187,-0.2346629798412323,-0.004844145984009174,-0.09348028898239136,-0.24097055196762085,-0.040513073228851226,-0.10218411684036255,-0.1697191596031189,-0.04802366080190268,-0.09162890911102295,-0.13076737523078918,-0.04318542885090437,-0.008587062358856201,-0.2161014974117279,-0.019560477831021217,-0.07068341970443726,-0.1826743483543396,-0.04985987129117575,-0.06659859418869019,-0.12022870779037476,-0.04321425142194357,-0.0489652156829834,-0.09836947917938232,-0.030724254571453002,0.011735618114471436,-0.1829656958580017,-0.0366858440866622,-0.043062567710876465,-0.13479754328727722,-0.05537152024413672,-0.04187369346618652,-0.09054917097091675,-0.05233233156110373,-0.02730274200439453,-0.07974618673324585,-0.04411083938981619
0.0,0.0,0.0,-0.07041424512863159,-0.040246427059173584,-0.01463867053547574,-0.10378193855285645,-0.09424972534179688,-0.030717311242312917,-0.10278385877609253,-0.14174848794937134,-0.04802883211681319,-0.09021902084350586,-0.18222934007644653,-0.0617697218448825,-0.0813441276550293,-0.21877890825271606,-0.022115010583490857,-0.14416629076004028,-0.21676796674728394,-0.06215591523954345,-0.15993714332580566,-0.14176374673843384,-0.08504433352658225,-0.15146321058273315,-0.0943150520324707,-0.09585765917012168,-0.053998470306396484,-0.21202391386032104,-0.03304890338489486,-0.1319417953491211,-0.203062504529953,-0.07276030797669364,-0.14359009265899658,-0.12824231386184692,-0.08161014486262275,-0.13320708274841309,-0.08251959085464478,-0.07874483782956077,-0.02998274564743042,-0.18069928884506226,-0.047904988566131124,-0.09631150960922241,-0.11321461200714111,-0.0793468819946952,-0.09165674448013306,-0.05962216854095459,-0.0723011808485694,-0.07279723882675171,-0.048745036125183105,-0.06090939212748481,-0.013822376728057861,-0.13415592908859253,-0.06505040247151328,-0.0678052306175232,-0.06602782011032104,-0.08196187932202292,-0.06055694818496704,-0.03399085998535156,-0.07515853811213447,-0.04401099681854248,-0.03690069913864136,-0.06582948733279181
0.0,0.0,0.0,-0.06086224317550659,-0.01835918426513672,-0.019026355924808058,-0.10684990882873535,-0.09793615341186523,-0.02656337256988195,-0.11829251050949097,-0.17834216356277466,-0.03575516502817777,-0.12115436792373657,-0.23989707231521606,-0.04056400816401151,-0.11121237277984619,-0.16237428784370422,0.003051617075897184,-0.13172239065170288,-0.22688060998916626,-0.03869830082615522,-0.1189582347869873,-0.17995032668113708,-0.06094969819744733,-0.10077494382858276,-0.13848626613616943,-0.06784671928247121,-0.07474112510681152,-0.1731128692626953,-0.004983831303917441,-0.09609925746917725,-0.25528955459594727,-0.05103800829013494,-0.08949679136276245,-0.1823352575302124,-0.06341990466674474,-0.07438242435455322,-0.14516472816467285,-0.056737203257881674,-0.0358242392539978,-0.16624575853347778,-0.01990981410702375,-0.04863452911376953,-0.21252179145812988,-0.06357732798417715,-0.04562884569168091,-0.13056069612503052,-0.05579761798938421,-0.038284361362457275,-0.1053694486618042,-0.03619166474302915,0.0029006600379943848,-0.15041574835777283,-0.03675531606634763,-0.011465013027191162,-0.16281479597091675,-0.060572221982084784,-0.010336816310882568,-0.10971516370773315,-0.0504418053801885,-0.005148768424987793,-0.1009182333946228,-0.03500829275211004
0.0,0.0,0.0,-0.06284928321838379,-0.0399552583694458,-0.004613737846625554,-0.09912759065628052,-0.12436401844024658,-0.007165172408235776,-0.10879689455032349,-0.19271248579025269,-0.014160991917265164,-0.1122928261756897,-0.24959012866020203,-0.018583309176278817,-0.07177591323852539,-0.19053584337234497,0.011758292754279864,-0.10002070665359497,-0.247417151927948,-0.019432595270586717,-0.11335504055023193,-0.19412082433700562,-0.036346508460951554,-0.1039431095123291,-0.14678955078125,-0.041801134395313966,-0.04211831092834473,-0.19693872332572937,0.00045230817897845554,-0.07106304168701172,-0.2693631947040558,-0.03244210993022989,-0.08935189247131348,-0.203484445810318,-0.04034264226527284,-0.08003252744674683,-0.15491008758544922,-0.03457609404892992,-0.010416567325592041,-0.1885671615600586,-0.0156918114897735,-0.046679556369781494,-0.22755995392799377,-0.04698663418264459,-0.05457180738449097,-0.15807312726974487,-0.040892703729582536,-0.03886103630065918,-0.12303030490875244,-0.027038518610311257,0.020810961723327637,-0.17011705040931702,-0.03264390890569757,-0.02266305685043335,-0.17443373799324036,-0.051206698912096726,-0.031153082847595215,-0.12452054023742676,-0.04447471191258501,-0.017703890800476074,-0.10549640655517578,-0.03360947434873651
0.0,0.0,0.0,-0.05859065055847168,-0.03593546152114868,-0.01587268719555368,-0.0853089690208435,-0.1240994930267334,-0.025676163007631203,-0.06404411792755127,-0.19462406635284424,-0.03684766413749685,-0.03358638286590576,-0.24812602996826172,-0.044758366515054604,-0.08462119102478027,-0.19383308291435242,-0.004582177476152083,-0.10929793119430542,-0.2290721833705902,-0.03985325070203771,-0.11323249340057373,-0.16397500038146973,-0.0607752596038722,-0.10113656520843506,-0.11662781238555908,-0.068931451161518,-0.04564255475997925,-0.20229828357696533,-0.01208952823759546,-0.07105779647827148,-0.27737611532211304,-0.04845932694257726,-0.08314645290374756,-0.21157410740852356,-0.058302426804914376,-0.07452923059463501,-0.159466952085495,-0.053217014392032524,-0.006396591663360596,-0.19195011258125305,-0.024302933459296128,-0.028554201126098633,-0.22408169507980347,-0.05361829893769254,-0.038594961166381836,-0.15192151069641113,-0.04586223708571424,-0.033391594886779785,-0.11474877595901489,-0.031340630819215676,0.02965301275253296,-0.17092010378837585,-0.038769120444669625,-9.715557098388672e-05,-0.1637982726097107,-0.051291404386176964,-0.008203208446502686,-0.11342161893844604,-0.04125486509980192,-0.002076387405395508,-0.09570616483688354,-0.029342560191764733
0.0,0.0,0.0,-0.057624757289886475,-0.022216975688934326,-0.018786304633636064,-0.10598009824752808,-0.09554606676101685,-0.0268657458979078,-0.1285211443901062,-0.1686311960220337,-0.03573767375530679,-0.13392561674118042,-0.2273833155632019,-0.040446466769594736,-0.1030009388923645,-0.16667047142982483,-0.0005781079559028512,-0.11480933427810669,-0.23195934295654297,-0.040899607356209344,-0.10665804147720337,-0.18888920545578003,-0.06363174226464707,-0.08997422456741333,-0.14315363764762878,-0.07107564714135606,-0.065066397190094,-0.1742674708366394,-0.007872384976167268,-0.07521522045135498,-0.2627396583557129,-0.05046741944136102,-0.0779380202293396,-0.20409205555915833,-0.06319165136994798,-0.0693589448928833,-0.16268223524093628,-0.05803656485261399,-0.02734982967376709,-0.16591569781303406,-0.021356827582735605,-0.03383529186248779,-0.21122661232948303,-0.06239770632566888,-0.03704261779785156,-0.13912668824195862,-0.05745039787473161,-0.03418976068496704,-0.11287504434585571,-0.04096951987924058,0.00994807481765747,-0.14738935232162476,-0.036356001164335794,-0.0018361806869506836,-0.15800777077674866,-0.059871609326023645,-0.002398550510406494,-0.10908335447311401,-0.05132035445751626,0.0015922188758850098,-0.09973615407943726,-0.037381364967245645
